rep,id,r,delta,beta,v,site
1,P1_Rectum,2.66161,0.649985,2.4118e-08,417.601,Rectum
2,P1_Rectum,0.692917,0.490446,1.56079e-09,2727.66,Rectum
3,P1_Rectum,5.67216,0.485733,3.43702e-07,0.808201,Rectum
4,P1_Rectum,9.27868,0.473718,1.8508e-09,7.04496,Rectum
5,P1_Rectum,2.17911,0.693078,1.67287e-08,40326.4,Rectum
6,P1_Rectum,8.58593,0.684876,2.96063e-09,353.406,Rectum
7,P1_Rectum,7.2755,0.380205,4.20673e-08,242179,Rectum
8,P1_Rectum,7.89255,0.401261,8.8459e-08,1.70601e+06,Rectum
9,P1_Rectum,1.95387,0.661793,5.66618e-09,0.00192764,Rectum
10,P1_Rectum,3.58336,0.256814,1.85912e-08,13135.2,Rectum
1,P2_Rectum,2.9789,0.784482,1.70481e-08,7.50898e+06,Rectum
2,P2_Rectum,6.20434,0.327298,4.34375e-08,3239.29,Rectum
3,P2_Rectum,0.516918,0.573167,8.25152e-08,5.8286e+08,Rectum
4,P2_Rectum,6.90194,0.719967,1.25434e-08,212176,Rectum
5,P2_Rectum,4.27307,0.433003,1.5846e-08,17455.3,Rectum
6,P2_Rectum,3.69626,0.68165,2.7596e-09,9.51164e+07,Rectum
7,P2_Rectum,4.3513,0.809816,1.41302e-08,25940.2,Rectum
8,P2_Rectum,15.8354,0.454982,3.14221e-08,1.2578e+06,Rectum
9,P2_Rectum,24.4318,0.465478,5.16582e-07,463229,Rectum
10,P2_Rectum,5.23712,0.84955,2.4182e-09,45605.9,Rectum
1,P3_Rectum,1.23438,0.422239,3.84341e-08,2.28663e+08,Rectum
2,P3_Rectum,9.02033,0.59968,2.48941e-08,2.08692e+07,Rectum
3,P3_Rectum,13.6621,0.903126,2.71959e-08,251049,Rectum
4,P3_Rectum,2.05813,1.22457,5.78915e-08,149215,Rectum
5,P3_Rectum,4.21808,0.570046,4.57033e-08,2452.9,Rectum
6,P3_Rectum,5.1275,0.81473,6.29054e-08,5363.33,Rectum
7,P3_Rectum,1.17726,1.11085,1.07468e-07,4.30731e+09,Rectum
8,P3_Rectum,10.1481,0.590523,1.2352e-07,195301,Rectum
9,P3_Rectum,3.88187,0.504858,6.01259e-08,720.511,Rectum
10,P3_Rectum,14.1785,0.541035,7.75457e-09,2508.82,Rectum
1,P4_Rectum,2.76053,0.944499,1.93017e-08,1915.58,Rectum
2,P4_Rectum,1.35093,0.613297,2.67328e-07,6017.72,Rectum
3,P4_Rectum,2.46399,1.39759,2.82726e-08,1304.3,Rectum
4,P4_Rectum,1.27046,1.16689,2.83366e-08,1.38874e+07,Rectum
5,P4_Rectum,1.0563,0.766765,6.09513e-08,661968,Rectum
6,P4_Rectum,4.00845,1.26119,5.70085e-08,117154,Rectum
7,P4_Rectum,3.72882,0.449331,7.63338e-08,1.41683e+06,Rectum
8,P4_Rectum,1.97669,2.11787,5.81829e-08,275423,Rectum
9,P4_Rectum,4.24124,1.22897,9.60103e-09,681.216,Rectum
10,P4_Rectum,1.68845,0.838755,3.63786e-08,16.5798,Rectum
1,P5_Rectum,1.78595,1.57865,2.61965e-08,1141.52,Rectum
2,P5_Rectum,3.06025,0.572871,7.99216e-09,14.9803,Rectum
3,P5_Rectum,2.53627,0.900438,7.67172e-09,675992,Rectum
4,P5_Rectum,4.68767,0.574002,3.47262e-08,1.1521e+08,Rectum
5,P5_Rectum,2.10491,1.05659,8.33677e-08,3.32047,Rectum
6,P5_Rectum,8.30152,0.949862,7.09758e-09,5.32832,Rectum
7,P5_Rectum,5.64271,0.734924,5.17279e-08,1.03895e+07,Rectum
8,P5_Rectum,9.80833,0.357437,1.40043e-08,1.06685e+06,Rectum
9,P5_Rectum,5.11454,0.460539,5.09367e-08,3453.17,Rectum
10,P5_Rectum,4.31825,1.06343,3.34407e-08,14.2186,Rectum
1,P6_Rectum,21.5699,0.270989,4.70009e-08,87122.1,Rectum
2,P6_Rectum,7.70607,1.80378,1.61255e-08,205.639,Rectum
3,P6_Rectum,3.25334,0.656553,2.59552e-07,15747.3,Rectum
4,P6_Rectum,5.47718,0.487417,6.81886e-09,4.54596e+06,Rectum
5,P6_Rectum,5.59012,1.25571,5.48829e-09,2049.26,Rectum
6,P6_Rectum,4.45069,0.96148,3.06194e-08,19219.3,Rectum
7,P6_Rectum,8.00871,0.390384,6.02191e-09,1.42933e+06,Rectum
8,P6_Rectum,7.31394,1.39569,8.8132e-08,6.74352,Rectum
9,P6_Rectum,3.61677,0.937199,7.71429e-08,101.414,Rectum
10,P6_Rectum,2.89084,0.49033,1.62002e-08,2975.58,Rectum
1,P7_Rectum,3.10191,1.10046,9.71941e-08,62213.1,Rectum
2,P7_Rectum,4.45913,1.24666,3.43854e-07,148.841,Rectum
3,P7_Rectum,1.5166,0.929731,5.84822e-08,173.305,Rectum
4,P7_Rectum,1.56004,0.861523,1.90366e-08,5707.73,Rectum
5,P7_Rectum,6.83254,1.93137,3.189e-08,2.06585,Rectum
6,P7_Rectum,5.84761,0.688028,2.5267e-07,248.955,Rectum
7,P7_Rectum,5.63505,0.979878,1.52012e-08,57123.8,Rectum
8,P7_Rectum,5.25856,0.789784,2.87582e-08,2908.62,Rectum
9,P7_Rectum,3.13416,0.66955,3.74994e-08,8.9496,Rectum
10,P7_Rectum,2.48717,1.09243,3.01984e-08,1.95988e+06,Rectum
1,P8_Rectum,1.24929,0.782023,9.72993e-08,2.39536e+07,Rectum
2,P8_Rectum,0.207743,0.649109,8.54755e-09,902124,Rectum
3,P8_Rectum,2.37956,1.72986,2.49595e-07,125229,Rectum
4,P8_Rectum,3.9702,4.85219,2.47199e-08,1.30096e+06,Rectum
5,P8_Rectum,6.68456,0.795336,3.00541e-08,2066.95,Rectum
6,P8_Rectum,4.00551,0.954771,3.8814e-08,1.7625e+07,Rectum
7,P8_Rectum,1.12937,1.18743,6.40847e-09,70000.8,Rectum
8,P8_Rectum,3.72569,0.858134,2.41599e-07,584799,Rectum
9,P8_Rectum,4.07931,1.74584,7.31222e-08,47357.6,Rectum
10,P8_Rectum,1.24989,1.05858,1.85918e-08,825.391,Rectum
1,P9_Rectum,7.71707,2.63849,1.88912e-07,39564.2,Rectum
2,P9_Rectum,0.416879,1.08647,3.0697e-08,373.191,Rectum
3,P9_Rectum,0.895215,1.55379,1.66892e-08,0.944106,Rectum
4,P9_Rectum,0.635232,0.468456,3.08898e-08,17.1314,Rectum
5,P9_Rectum,1.73157,1.75336,5.56623e-09,5.39983,Rectum
6,P9_Rectum,1.72653,3.64465,3.48989e-08,769702,Rectum
7,P9_Rectum,2.23994,2.51446,6.68467e-08,4.50696e+07,Rectum
8,P9_Rectum,0.593495,0.932301,3.98448e-09,60.7808,Rectum
9,P9_Rectum,0.481462,1.90489,2.10048e-08,2032.45,Rectum
10,P9_Rectum,1.00863,1.55421,3.24572e-09,19.8905,Rectum
1,P10_Rectum,5.42125,1.02354,4.51202e-08,10373.4,Rectum
2,P10_Rectum,1.18688,1.03905,9.57354e-10,66.6064,Rectum
3,P10_Rectum,0.743344,1.03535,7.59351e-08,48320.5,Rectum
4,P10_Rectum,2.76042,1.02521,1.34482e-08,5.78634e+09,Rectum
5,P10_Rectum,2.67572,2.5047,5.32598e-08,36.6826,Rectum
6,P10_Rectum,6.73003,0.708974,2.59186e-08,1632.21,Rectum
7,P10_Rectum,0.827752,0.411512,9.32412e-09,234.9,Rectum
8,P10_Rectum,0.741237,0.911868,7.30394e-09,10880.5,Rectum
9,P10_Rectum,0.875781,0.753108,6.2754e-09,738.21,Rectum
10,P10_Rectum,1.01337,0.865526,1.57194e-07,24.1467,Rectum
1,P11_Rectum,2.2847,0.485513,2.47531e-07,64090.9,Rectum
2,P11_Rectum,1.18794,1.18245,6.68308e-08,492604,Rectum
3,P11_Rectum,5.52907,0.877143,2.09167e-08,4662.61,Rectum
4,P11_Rectum,4.77619,0.820108,2.32678e-08,4196.98,Rectum
5,P11_Rectum,3.10784,0.59158,3.62829e-08,1.07709e+06,Rectum
6,P11_Rectum,4.4524,0.68675,6.89434e-08,3.42381,Rectum
7,P11_Rectum,6.00771,0.758179,1.52585e-07,1.18215,Rectum
8,P11_Rectum,2.58081,1.29047,7.94953e-09,3.07368e+07,Rectum
9,P11_Rectum,2.33148,0.747576,1.45547e-07,26097.9,Rectum
10,P11_Rectum,4.61624,0.672309,2.70322e-07,621949,Rectum
1,P12_Rectum,0.941578,0.681859,6.51381e-09,7.77969,Rectum
2,P12_Rectum,0.901989,1.5599,1.06071e-08,3.6804,Rectum
3,P12_Rectum,1.11312,0.932599,9.13401e-09,0.0143248,Rectum
4,P12_Rectum,1.45597,0.922981,1.5841e-07,5.0111,Rectum
5,P12_Rectum,1.50765,2.66026,8.03567e-09,530.64,Rectum
6,P12_Rectum,0.692425,0.833223,5.94679e-08,1.39951,Rectum
7,P12_Rectum,2.73597,2.43665,2.37847e-08,0.518845,Rectum
8,P12_Rectum,0.446107,1.84625,1.10576e-08,1424.23,Rectum
9,P12_Rectum,0.491461,1.31556,1.28683e-08,13.5902,Rectum
10,P12_Rectum,1.58163,0.8762,1.94186e-08,5.96699,Rectum
1,P13_Rectum,2.19784,1.66273,1.03281e-08,30543.3,Rectum
2,P13_Rectum,3.54372,0.994476,1.92122e-08,1085.72,Rectum
3,P13_Rectum,11.1902,0.509782,1.48812e-07,11155.1,Rectum
4,P13_Rectum,4.08918,0.521382,1.57712e-08,228.691,Rectum
5,P13_Rectum,2.52649,0.607794,2.9931e-08,82458.2,Rectum
6,P13_Rectum,7.81478,0.69356,2.78996e-08,4.82789e+06,Rectum
7,P13_Rectum,1.19287,0.47171,3.52054e-08,20865.3,Rectum
8,P13_Rectum,4.07577,1.42665,3.29162e-08,5989.27,Rectum
9,P13_Rectum,4.39585,0.862294,6.37452e-09,5.50049e+06,Rectum
10,P13_Rectum,2.70469,0.514139,2.99188e-08,4.80452e+06,Rectum
1,P14_Rectum,0.482045,1.87675,1.85238e-08,9551.42,Rectum
2,P14_Rectum,1.69303,2.37716,1.33989e-07,462.307,Rectum
3,P14_Rectum,2.12025,1.17963,7.84101e-09,0.531477,Rectum
4,P14_Rectum,1.72152,2.52594,4.48006e-09,408.709,Rectum
5,P14_Rectum,1.29755,1.85274,4.30432e-08,967.377,Rectum
6,P14_Rectum,0.963894,1.09258,1.45541e-08,127.942,Rectum
7,P14_Rectum,1.76303,1.13245,6.9787e-09,0.208344,Rectum
8,P14_Rectum,0.869975,0.564071,1.94746e-08,1.55518,Rectum
9,P14_Rectum,0.85401,1.06479,3.78927e-08,843.928,Rectum
10,P14_Rectum,0.820185,1.48363,3.5721e-09,69.9578,Rectum
1,P15_Rectum,0.454775,0.529229,3.78787e-08,8.3321e+07,Rectum
2,P15_Rectum,4.0389,0.975356,4.65038e-08,2.40345e+06,Rectum
3,P15_Rectum,11.1215,0.45522,1.98885e-08,21.8604,Rectum
4,P15_Rectum,9.97486,0.656501,1.86326e-08,1.14157e+06,Rectum
5,P15_Rectum,30.7858,0.641284,1.57154e-07,4.9237e+07,Rectum
6,P15_Rectum,4.66292,1.17548,1.11711e-07,1074.74,Rectum
7,P15_Rectum,3.4076,1.26633,8.60631e-08,2.5259e+08,Rectum
8,P15_Rectum,9.10568,0.6537,6.59569e-09,725551,Rectum
9,P15_Rectum,3.60487,0.922866,6.28123e-09,149.649,Rectum
10,P15_Rectum,4.89772,0.310436,8.25135e-08,15877.9,Rectum
1,P16_Rectum,0.799574,0.892358,3.47219e-08,330.522,Rectum
2,P16_Rectum,2.36035,2.77865,3.12868e-08,31715.5,Rectum
3,P16_Rectum,1.21763,1.14154,2.74354e-08,8313.27,Rectum
4,P16_Rectum,0.811385,0.755361,1.0571e-08,28529.2,Rectum
5,P16_Rectum,1.64888,1.30716,1.90528e-08,111.596,Rectum
6,P16_Rectum,1.13717,1.53611,1.20527e-08,641.692,Rectum
7,P16_Rectum,0.811217,1.05585,2.97845e-08,30818.9,Rectum
8,P16_Rectum,0.664914,0.987815,7.22446e-08,354.731,Rectum
9,P16_Rectum,0.708305,0.853262,3.08623e-07,148.075,Rectum
10,P16_Rectum,7.58599,2.15628,3.21017e-08,1.33077e+06,Rectum
1,P17_Rectum,4.57197,1.92009,3.37844e-08,19.4588,Rectum
2,P17_Rectum,3.83713,0.72426,3.89139e-08,2.97991,Rectum
3,P17_Rectum,2.27994,1.3415,9.55778e-08,5827.02,Rectum
4,P17_Rectum,5.63529,0.415106,4.49774e-08,791649,Rectum
5,P17_Rectum,1.0448,0.675506,1.30843e-08,5.09946e+10,Rectum
6,P17_Rectum,3.20904,0.99419,1.76568e-08,38.1322,Rectum
7,P17_Rectum,3.13357,0.348363,2.97113e-09,534.223,Rectum
8,P17_Rectum,7.56632,0.521857,8.62476e-08,1649.95,Rectum
9,P17_Rectum,9.98183,0.376673,3.21164e-09,215842,Rectum
10,P17_Rectum,2.24156,0.933681,3.95505e-08,3286.54,Rectum
1,P18_Rectum,2.38876,0.594689,5.3432e-09,29.8053,Rectum
2,P18_Rectum,3.82733,1.65009,9.90377e-08,167.29,Rectum
3,P18_Rectum,1.9368,1.66942,8.78228e-09,144407,Rectum
4,P18_Rectum,2.40115,0.628577,7.42978e-09,2.19526e+07,Rectum
5,P18_Rectum,5.46446,1.24853,5.53261e-09,1.53504e+06,Rectum
6,P18_Rectum,1.65917,0.982504,6.90691e-08,2.69648e+06,Rectum
7,P18_Rectum,5.61738,1.15926,9.09165e-08,850841,Rectum
8,P18_Rectum,2.38698,1.02148,7.49191e-09,63.6576,Rectum
9,P18_Rectum,2.47369,0.455753,5.73737e-08,35575.1,Rectum
10,P18_Rectum,5.24029,1.00853,6.31811e-08,690.945,Rectum
1,P19_Rectum,1.43444,1.37255,3.60367e-08,1465.8,Rectum
2,P19_Rectum,3.42318,1.02708,7.14066e-08,2709.08,Rectum
3,P19_Rectum,0.748028,0.760567,4.61615e-07,780.114,Rectum
4,P19_Rectum,0.718387,1.42667,9.42197e-09,615077,Rectum
5,P19_Rectum,2.11087,2.05867,4.56066e-09,696.578,Rectum
6,P19_Rectum,0.915347,0.644231,1.37959e-08,6.14936,Rectum
7,P19_Rectum,7.46681,0.851465,8.22588e-08,30.0944,Rectum
8,P19_Rectum,2.63173,0.789111,1.39348e-07,4217.74,Rectum
9,P19_Rectum,4.1002,0.877968,3.98788e-08,49494.1,Rectum
10,P19_Rectum,1.52599,1.29177,2.59317e-08,560.684,Rectum
1,P20_Rectum,11.2036,0.986701,2.25034e-08,4.17731e+06,Rectum
2,P20_Rectum,7.51284,1.24061,4.52348e-08,7.93312,Rectum
3,P20_Rectum,4.1343,0.711821,6.43704e-08,5.51756e+07,Rectum
4,P20_Rectum,1.73673,1.74505,1.94831e-07,14260.1,Rectum
5,P20_Rectum,10.7007,0.723389,1.29142e-07,29534.3,Rectum
6,P20_Rectum,1.63584,1.41442,1.60649e-08,17.477,Rectum
7,P20_Rectum,3.17032,1.91183,1.71389e-07,179886,Rectum
8,P20_Rectum,15.932,1.56347,2.27016e-09,50915.8,Rectum
9,P20_Rectum,9.48872,1.08623,1.78725e-07,2.28202e+09,Rectum
10,P20_Rectum,2.55711,1.60644,9.12947e-08,2.37221e+06,Rectum
1,P21_Rectum,6.5006,0.667433,1.37876e-08,56741.2,Rectum
2,P21_Rectum,4.33708,0.286288,2.60583e-07,2.01281e+07,Rectum
3,P21_Rectum,5.27296,0.708918,1.40909e-08,52368.7,Rectum
4,P21_Rectum,2.83604,0.647679,4.54779e-08,427.654,Rectum
5,P21_Rectum,1.80181,0.889942,2.04408e-08,27.6524,Rectum
6,P21_Rectum,0.967058,1.21326,3.38241e-08,23756.9,Rectum
7,P21_Rectum,3.60393,0.51911,8.40337e-08,26.4226,Rectum
8,P21_Rectum,3.01062,1.28312,3.7568e-08,9361.05,Rectum
9,P21_Rectum,1.3428,0.512962,3.13278e-08,4.11153e+06,Rectum
10,P21_Rectum,2.46673,0.437596,7.43814e-09,228497,Rectum
1,P22_Rectum,5.26077,0.858837,2.01089e-08,1.50949e+06,Rectum
2,P22_Rectum,2.0229,1.44813,1.19934e-08,2026.23,Rectum
3,P22_Rectum,0.674158,0.731865,8.33209e-08,27922.2,Rectum
4,P22_Rectum,9.21732,1.34536,2.09093e-08,61316.9,Rectum
5,P22_Rectum,1.74224,0.915912,6.66213e-08,7293.52,Rectum
6,P22_Rectum,4.05069,1.26217,3.04467e-08,4.43581e+07,Rectum
7,P22_Rectum,5.53325,2.44909,1.6141e-08,129808,Rectum
8,P22_Rectum,1.7177,0.535054,1.24272e-08,17.4337,Rectum
9,P22_Rectum,1.56784,1.0039,7.64905e-09,1154.3,Rectum
10,P22_Rectum,1.3244,1.07728,3.51659e-08,529.262,Rectum
1,P23_Rectum,1.10336,1.07714,2.91372e-08,425.948,Rectum
2,P23_Rectum,1.70143,0.344481,4.17603e-08,549.91,Rectum
3,P23_Rectum,0.956275,0.56259,3.65781e-08,49.3307,Rectum
4,P23_Rectum,0.863066,0.536201,1.39285e-07,2765.89,Rectum
5,P23_Rectum,1.25811,0.763045,3.90743e-08,15.9279,Rectum
6,P23_Rectum,0.61236,0.4074,1.50837e-08,130.704,Rectum
7,P23_Rectum,1.18838,0.50894,6.90956e-09,239.247,Rectum
8,P23_Rectum,1.35437,0.880278,1.03679e-08,47.6754,Rectum
9,P23_Rectum,1.35985,0.568767,1.15536e-08,11.8695,Rectum
10,P23_Rectum,1.01671,0.732373,5.45233e-08,270.966,Rectum
1,P24_Rectum,2.40928,1.56766,1.42866e-08,0.976572,Rectum
2,P24_Rectum,2.83511,2.20381,4.03071e-08,0.32734,Rectum
3,P24_Rectum,1.08422,2.05554,3.41724e-08,5668.18,Rectum
4,P24_Rectum,0.845356,0.670937,7.83015e-09,599.069,Rectum
5,P24_Rectum,1.75164,1.03533,1.2534e-07,91.0435,Rectum
6,P24_Rectum,1.58259,1.12313,2.24769e-08,7.74421,Rectum
7,P24_Rectum,1.3718,2.57403,1.4847e-08,250.243,Rectum
8,P24_Rectum,0.76982,1.30132,1.42598e-08,2.79154,Rectum
9,P24_Rectum,1.07042,0.395516,5.91165e-08,1.83884,Rectum
10,P24_Rectum,1.48209,1.23753,2.00892e-08,24.1155,Rectum
1,P25_Rectum,5.39414,0.33219,8.04235e-08,25071.9,Rectum
2,P25_Rectum,7.79885,0.44092,2.25152e-09,55386.4,Rectum
3,P25_Rectum,4.70414,0.277649,4.97666e-08,65.857,Rectum
4,P25_Rectum,5.0707,0.68908,8.03828e-09,0.433945,Rectum
5,P25_Rectum,2.22997,0.372057,1.4108e-08,3.5941e+07,Rectum
6,P25_Rectum,5.59751,0.528461,3.62316e-09,205711,Rectum
7,P25_Rectum,3.92165,0.632515,1.78864e-09,2338.55,Rectum
8,P25_Rectum,3.53583,0.444051,1.25048e-08,39.7812,Rectum
9,P25_Rectum,16.2934,0.457906,1.59453e-08,152.04,Rectum
10,P25_Rectum,1.72882,0.44032,1.39616e-08,226563,Rectum
1,P26_Rectum,4.28641,1.27847,6.18595e-09,75245.9,Rectum
2,P26_Rectum,3.29653,0.681792,1.51537e-07,180336,Rectum
3,P26_Rectum,15.6209,1.23363,3.08672e-08,25377.5,Rectum
4,P26_Rectum,4.94423,1.21382,6.28564e-09,410.42,Rectum
5,P26_Rectum,4.01291,1.05557,8.80371e-09,1586.61,Rectum
6,P26_Rectum,5.95465,0.597051,1.18416e-08,3539.51,Rectum
7,P26_Rectum,8.31247,0.622952,4.38657e-08,834.902,Rectum
8,P26_Rectum,4.12595,1.1479,6.9279e-08,9.52852e+06,Rectum
9,P26_Rectum,0.8746,0.548664,4.42799e-07,439885,Rectum
10,P26_Rectum,2.76565,0.455319,1.22945e-08,5.46177e+08,Rectum
1,P27_Rectum,6.949,0.307612,2.14773e-08,6833.11,Rectum
2,P27_Rectum,3.38767,0.806892,3.53671e-09,93.3239,Rectum
3,P27_Rectum,13.38,0.646642,3.89717e-08,1.44301e+08,Rectum
4,P27_Rectum,3.8127,0.59942,7.11e-09,5.05138e+06,Rectum
5,P27_Rectum,4.6821,0.814647,2.43807e-09,529.397,Rectum
6,P27_Rectum,5.64827,0.434225,3.17781e-09,1.91895,Rectum
7,P27_Rectum,7.586,1.01745,7.88375e-09,174166,Rectum
8,P27_Rectum,6.41705,0.76108,2.60937e-09,31324.8,Rectum
9,P27_Rectum,0.929805,0.857877,1.02135e-08,1.3751e+09,Rectum
10,P27_Rectum,23.6869,1.20024,2.63204e-08,1868.72,Rectum
1,P28_Rectum,1.66239,1.7871,8.68291e-08,414585,Rectum
2,P28_Rectum,1.49466,1.94229,2.6324e-09,58521.6,Rectum
3,P28_Rectum,1.82227,1.5507,9.60402e-08,653.555,Rectum
4,P28_Rectum,2.09849,1.55121,1.24671e-08,65.7487,Rectum
5,P28_Rectum,3.29423,1.44234,6.99685e-08,6.15985e+07,Rectum
6,P28_Rectum,1.80227,1.28322,8.30657e-08,260.394,Rectum
7,P28_Rectum,1.03546,0.628468,1.94694e-08,6331.16,Rectum
8,P28_Rectum,1.22293,1.46442,2.75858e-08,7200.03,Rectum
9,P28_Rectum,1.11508,0.349758,2.00011e-08,208.274,Rectum
10,P28_Rectum,1.378,0.762622,9.4876e-09,1216.98,Rectum
1,P29_Rectum,1.18504,2.70868,2.99033e-08,680.621,Rectum
2,P29_Rectum,1.15232,2.31947,1.23037e-08,990.613,Rectum
3,P29_Rectum,1.56132,1.6349,3.19111e-08,21.1989,Rectum
4,P29_Rectum,1.38607,0.934616,2.24409e-09,1205.02,Rectum
5,P29_Rectum,0.732872,0.558484,4.17597e-08,1.53734,Rectum
6,P29_Rectum,1.62443,1.12247,5.74416e-09,33.8766,Rectum
7,P29_Rectum,0.957702,1.56088,4.17141e-08,43.0596,Rectum
8,P29_Rectum,1.18454,1.75697,4.95376e-08,128937,Rectum
9,P29_Rectum,2.8624,1.00925,4.15933e-08,680474,Rectum
10,P29_Rectum,0.670991,0.734413,6.30141e-08,13745.4,Rectum
1,P30_Rectum,1.71864,1.34713,2.89911e-08,102.049,Rectum
2,P30_Rectum,0.431034,1.32328,4.53684e-08,152522,Rectum
3,P30_Rectum,0.494291,0.740922,2.30973e-08,3811.28,Rectum
4,P30_Rectum,1.90785,1.09374,2.21121e-08,5.2903,Rectum
5,P30_Rectum,0.75496,0.554762,4.58568e-09,58694,Rectum
6,P30_Rectum,0.432566,1.40188,3.03394e-09,28436.3,Rectum
7,P30_Rectum,0.97571,3.76953,1.2131e-08,1197.31,Rectum
8,P30_Rectum,0.810666,0.879369,1.30371e-08,155.998,Rectum
9,P30_Rectum,0.753038,1.1086,4.05193e-09,787.419,Rectum
10,P30_Rectum,2.00607,2.25091,6.86624e-08,4788.49,Rectum
1,P31_Rectum,17.651,0.387228,2.12622e-08,102.122,Rectum
2,P31_Rectum,8.25879,1.49316,2.30963e-08,256.075,Rectum
3,P31_Rectum,1.74209,0.173358,6.46057e-08,401406,Rectum
4,P31_Rectum,4.12307,0.657925,1.56768e-07,14.3335,Rectum
5,P31_Rectum,5.80781,0.656469,1.03277e-08,47557.5,Rectum
6,P31_Rectum,7.09624,0.669509,1.50173e-07,5.37819,Rectum
7,P31_Rectum,4.07751,1.01648,1.58176e-08,79316.2,Rectum
8,P31_Rectum,3.76434,1.01465,2.23895e-08,149082,Rectum
9,P31_Rectum,2.2363,1.11065,1.24709e-08,1.35927e+10,Rectum
10,P31_Rectum,11.7502,0.676011,8.64535e-09,44422.3,Rectum
1,P32_Rectum,4.44096,1.90715,1.11651e-07,262.317,Rectum
2,P32_Rectum,2.40202,0.681802,6.03858e-08,45999.6,Rectum
3,P32_Rectum,3.41832,0.994134,1.92576e-09,2.35823e+06,Rectum
4,P32_Rectum,2.71444,0.410601,1.4017e-07,15421.2,Rectum
5,P32_Rectum,5.02564,0.877673,3.99914e-09,100583,Rectum
6,P32_Rectum,3.11477,1.2748,3.14761e-08,91387,Rectum
7,P32_Rectum,8.56321,0.857855,8.35238e-09,2320.23,Rectum
8,P32_Rectum,22.0389,0.833763,6.44901e-08,4407.01,Rectum
9,P32_Rectum,3.19449,0.850472,6.19282e-09,2.52592e+07,Rectum
10,P32_Rectum,2.79257,1.03733,3.79006e-07,1566.8,Rectum
1,P33_Rectum,1.47902,1.53855,1.36714e-08,267.188,Rectum
2,P33_Rectum,9.12804,1.54985,5.36079e-08,5.34706e+06,Rectum
3,P33_Rectum,0.372997,0.674861,2.95272e-09,1160.67,Rectum
4,P33_Rectum,0.848577,1.42708,6.41293e-08,79.0832,Rectum
5,P33_Rectum,1.11565,1.84615,2.94802e-08,498462,Rectum
6,P33_Rectum,0.862249,1.40081,4.53917e-08,96.408,Rectum
7,P33_Rectum,6.27599,1.01664,7.53061e-08,104388,Rectum
8,P33_Rectum,0.601411,1.12037,7.54429e-09,2.2193,Rectum
9,P33_Rectum,1.57412,2.78258,7.59927e-08,6.88313e+06,Rectum
10,P33_Rectum,1.09379,1.10411,4.07641e-08,11.6735,Rectum
1,P34_Rectum,2.15239,0.90458,5.341e-08,276.149,Rectum
2,P34_Rectum,4.1446,0.826893,8.45849e-09,82.6014,Rectum
3,P34_Rectum,1.01478,0.867178,9.023e-09,86967.5,Rectum
4,P34_Rectum,1.81456,0.712821,2.00014e-08,1424.37,Rectum
5,P34_Rectum,0.837886,0.803593,1.01035e-07,7.18545e+08,Rectum
6,P34_Rectum,2.09451,0.780245,5.45947e-08,20712.6,Rectum
7,P34_Rectum,3.84977,0.6375,5.37684e-08,1.49505,Rectum
8,P34_Rectum,2.25294,1.30969,2.51783e-08,6785.11,Rectum
9,P34_Rectum,2.60329,1.36258,1.07855e-07,6206.82,Rectum
10,P34_Rectum,4.07572,0.671417,3.53757e-08,805.135,Rectum
1,P35_Rectum,3.42532,0.415299,2.77032e-08,5993.83,Rectum
2,P35_Rectum,9.11194,0.515407,1.00549e-08,560891,Rectum
3,P35_Rectum,3.12041,0.303213,3.42588e-09,3230.4,Rectum
4,P35_Rectum,2.87425,0.890444,1.35923e-08,4806.33,Rectum
5,P35_Rectum,6.60603,0.584054,4.9657e-08,2.17424e+07,Rectum
6,P35_Rectum,6.15363,0.292543,1.83168e-08,0.0468991,Rectum
7,P35_Rectum,4.8775,0.429826,3.74139e-08,663180,Rectum
8,P35_Rectum,4.04809,0.506563,3.451e-09,2472.4,Rectum
9,P35_Rectum,1.41109,0.69287,3.82853e-09,6265.71,Rectum
10,P35_Rectum,14.3617,0.717496,1.34018e-08,13651.7,Rectum
1,P36_Rectum,6.83873,0.854904,1.32459e-08,58.8267,Rectum
2,P36_Rectum,1.98838,0.596062,7.39916e-09,3.49601e+07,Rectum
3,P36_Rectum,4.71566,0.375227,4.87919e-08,3296.81,Rectum
4,P36_Rectum,4.26943,0.25787,1.4602e-08,4.50757e+08,Rectum
5,P36_Rectum,3.93652,0.796654,3.842e-08,4517.78,Rectum
6,P36_Rectum,5.75207,0.939928,2.8819e-08,27798.4,Rectum
7,P36_Rectum,14.9186,0.85046,3.39142e-08,312.373,Rectum
8,P36_Rectum,3.71954,0.487874,4.31949e-08,219039,Rectum
9,P36_Rectum,6.91291,0.668457,1.43449e-08,12783.4,Rectum
10,P36_Rectum,5.63387,0.848738,1.21086e-08,176.248,Rectum
1,P37_Rectum,2.88981,1.824,5.41174e-09,10364.5,Rectum
2,P37_Rectum,3.37006,0.457934,3.48815e-09,2.11688e+06,Rectum
3,P37_Rectum,5.00902,0.964226,1.79085e-09,413.352,Rectum
4,P37_Rectum,9.32978,1.07271,7.23819e-09,86.5346,Rectum
5,P37_Rectum,4.54537,1.38866,6.56275e-09,3253.4,Rectum
6,P37_Rectum,6.72279,0.67041,7.93675e-08,1.15376e+09,Rectum
7,P37_Rectum,7.47657,1.2971,5.38051e-08,0.0631223,Rectum
8,P37_Rectum,4.17669,0.564196,8.54029e-08,509.765,Rectum
9,P37_Rectum,3.13474,1.09828,3.72719e-08,2827.47,Rectum
10,P37_Rectum,1.30306,0.967711,4.45971e-08,32414.7,Rectum
1,P38_Rectum,4.39625,0.794712,1.19939e-08,890483,Rectum
2,P38_Rectum,5.71961,0.298635,1.15016e-08,29.2443,Rectum
3,P38_Rectum,4.01163,1.31762,5.38583e-09,110678,Rectum
4,P38_Rectum,15.5133,1.58926,1.05375e-08,1.14037e+06,Rectum
5,P38_Rectum,5.04199,0.830389,1.50278e-08,2043.52,Rectum
6,P38_Rectum,8.87594,1.73386,2.55878e-09,203853,Rectum
7,P38_Rectum,3.68817,1.25932,6.74872e-09,15768.8,Rectum
8,P38_Rectum,4.9618,0.895086,7.85196e-09,340.563,Rectum
9,P38_Rectum,8.2833,0.813812,6.37451e-08,18008.4,Rectum
10,P38_Rectum,11.8419,0.889836,1.13292e-08,386.308,Rectum
1,P39_Rectum,20.1925,0.669642,1.04212e-08,4.56829,Rectum
2,P39_Rectum,2.46318,1.9528,4.63841e-08,8812.72,Rectum
3,P39_Rectum,2.81705,0.823499,1.15589e-08,108886,Rectum
4,P39_Rectum,0.756147,0.567196,3.09893e-08,5874.14,Rectum
5,P39_Rectum,4.52105,0.560172,1.35339e-08,77982.6,Rectum
6,P39_Rectum,3.85223,0.876905,6.88502e-09,0.0152227,Rectum
7,P39_Rectum,3.10034,0.36273,1.54281e-09,653237,Rectum
8,P39_Rectum,2.17886,1.03052,1.68081e-08,463.266,Rectum
9,P39_Rectum,14.369,0.367201,4.05672e-08,269.276,Rectum
10,P39_Rectum,2.86459,1.96994,4.26462e-08,524.172,Rectum
1,P40_Rectum,13.3045,1.47981,1.12112e-08,16072.8,Rectum
2,P40_Rectum,13.2435,1.65951,6.43645e-08,966.064,Rectum
3,P40_Rectum,2.08536,0.486019,2.33736e-08,1.03661e+06,Rectum
4,P40_Rectum,8.80367,0.856417,3.5799e-08,40821.2,Rectum
5,P40_Rectum,7.45371,0.959132,1.89985e-08,6.16835e+06,Rectum
6,P40_Rectum,6.08301,0.561012,7.75402e-09,25098.5,Rectum
7,P40_Rectum,2.18529,0.509734,5.77747e-07,1677.28,Rectum
8,P40_Rectum,5.3496,1.20691,1.7527e-08,500.223,Rectum
9,P40_Rectum,3.63872,0.843674,1.23571e-08,2.27201e+06,Rectum
10,P40_Rectum,4.10895,0.89879,1.42372e-08,67860.6,Rectum
1,P41_Rectum,5.96991,1.73375,5.38252e-08,97.6474,Rectum
2,P41_Rectum,4.99959,1.425,7.69616e-08,732.875,Rectum
3,P41_Rectum,3.10526,2.1763,5.46762e-08,35926,Rectum
4,P41_Rectum,7.71152,1.07088,2.66945e-07,235.756,Rectum
5,P41_Rectum,8.35505,1.47074,8.97657e-09,3.21548e+06,Rectum
6,P41_Rectum,4.35215,1.08867,2.52242e-08,33824.8,Rectum
7,P41_Rectum,3.20585,1.46534,9.19312e-08,3.66498e+09,Rectum
8,P41_Rectum,20.1174,1.12317,8.33076e-09,8493.73,Rectum
9,P41_Rectum,5.29493,1.28005,4.71942e-08,495.033,Rectum
10,P41_Rectum,4.43405,2.40285,4.36448e-08,446003,Rectum
1,P42_Rectum,2.59355,0.693693,8.41745e-09,1.50697e+06,Rectum
2,P42_Rectum,2.13473,0.962701,4.03677e-08,7391.07,Rectum
3,P42_Rectum,10.7532,0.89626,4.45189e-08,30827.1,Rectum
4,P42_Rectum,8.13468,0.591097,1.51416e-08,43169.5,Rectum
5,P42_Rectum,3.46227,0.516321,4.02446e-09,1.57779e+07,Rectum
6,P42_Rectum,1.73579,1.42984,6.01244e-09,235318,Rectum
7,P42_Rectum,1.45147,0.736745,1.25109e-07,572.662,Rectum
8,P42_Rectum,3.31669,1.96011,4.59848e-08,51319.6,Rectum
9,P42_Rectum,17.3911,0.886194,3.06147e-09,49969,Rectum
10,P42_Rectum,2.48983,0.563129,5.7929e-08,1.23473e+06,Rectum
1,P43_Rectum,18.2585,0.90745,2.09498e-08,2.24586e+06,Rectum
2,P43_Rectum,1.17916,0.586671,9.67966e-09,1.6908e+07,Rectum
3,P43_Rectum,10.7774,0.787128,2.94844e-08,574.476,Rectum
4,P43_Rectum,4.73771,1.04452,1.2755e-08,104.421,Rectum
5,P43_Rectum,3.86666,0.545631,3.99585e-09,2.90986e+06,Rectum
6,P43_Rectum,7.51039,0.672321,1.92339e-08,2.08391e+06,Rectum
7,P43_Rectum,2.59687,0.598645,6.94397e-09,16405.8,Rectum
8,P43_Rectum,5.66301,0.902379,3.53824e-08,2031.79,Rectum
9,P43_Rectum,11.8725,1.12899,6.95368e-09,1.57255,Rectum
10,P43_Rectum,5.85203,1.62629,5.64521e-09,246.279,Rectum
1,P44_Rectum,2.55183,0.86887,1.58748e-08,70392.9,Rectum
2,P44_Rectum,2.65177,1.38713,1.39343e-08,2.08704e+08,Rectum
3,P44_Rectum,1.94291,0.474832,4.84655e-08,22194.7,Rectum
4,P44_Rectum,2.54957,1.89302,2.32445e-08,1314.42,Rectum
5,P44_Rectum,1.93451,0.450973,8.72141e-09,11.2364,Rectum
6,P44_Rectum,0.683181,0.997544,5.60683e-08,151964,Rectum
7,P44_Rectum,1.32224,1.63289,8.96896e-09,67609.5,Rectum
8,P44_Rectum,3.49377,2.33666,4.50009e-08,6.2081e+06,Rectum
9,P44_Rectum,5.19265,1.9478,2.49221e-09,306198,Rectum
10,P44_Rectum,2.04431,1.32874,2.81658e-08,2.74487e+07,Rectum
1,P45_Rectum,3.5257,0.564264,2.24567e-07,4.8303,Rectum
2,P45_Rectum,3.88143,1.01186,4.26282e-08,0.292475,Rectum
3,P45_Rectum,2.2669,0.515908,1.93754e-07,74326.8,Rectum
4,P45_Rectum,2.50632,0.48842,7.76355e-08,45957.7,Rectum
5,P45_Rectum,3.6473,0.570377,1.55725e-08,15476.4,Rectum
6,P45_Rectum,3.68256,0.391255,5.75743e-08,822965,Rectum
7,P45_Rectum,9.25385,0.666839,8.16894e-09,99259.1,Rectum
8,P45_Rectum,3.4609,1.00991,1.43553e-08,3.50935,Rectum
9,P45_Rectum,0.780742,0.22584,8.38526e-08,18812.8,Rectum
10,P45_Rectum,2.35187,0.858403,2.26773e-07,284.874,Rectum
1,P46_Rectum,2.74097,0.96853,3.42071e-08,201.998,Rectum
2,P46_Rectum,5.48769,0.386133,2.40118e-08,2.25624e+08,Rectum
3,P46_Rectum,0.898292,0.462378,2.77652e-08,151113,Rectum
4,P46_Rectum,23.6539,0.196186,8.65166e-08,6239.34,Rectum
5,P46_Rectum,4.33098,0.456399,5.0409e-08,82.3228,Rectum
6,P46_Rectum,3.39162,1.10042,3.50605e-08,493623,Rectum
7,P46_Rectum,3.89596,0.365998,5.86091e-09,13114.4,Rectum
8,P46_Rectum,1.91269,1.47097,1.11802e-07,307874,Rectum
9,P46_Rectum,5.51031,0.923651,2.97744e-08,39332.7,Rectum
10,P46_Rectum,1.80937,1.10379,4.61356e-09,11686.1,Rectum
1,P47_Rectum,19.5649,1.01933,8.8013e-09,9157.22,Rectum
2,P47_Rectum,18.3473,0.914319,5.59444e-09,4.45484e+09,Rectum
3,P47_Rectum,9.88207,1.09587,6.73085e-09,2053.23,Rectum
4,P47_Rectum,1.72284,0.490218,1.30279e-07,1.86203e+06,Rectum
5,P47_Rectum,7.335,0.760468,8.68332e-09,4.54894e+06,Rectum
6,P47_Rectum,2.9362,1.27869,2.47933e-08,285080,Rectum
7,P47_Rectum,2.29229,1.03208,3.89042e-09,3.10213e+07,Rectum
8,P47_Rectum,4.76993,1.16949,2.05453e-08,985.846,Rectum
9,P47_Rectum,3.13896,1.17401,1.5503e-08,8215.26,Rectum
10,P47_Rectum,3.62302,0.654841,2.67087e-07,12691.2,Rectum
1,P48_Rectum,3.71299,0.465012,4.84573e-09,261455,Rectum
2,P48_Rectum,2.33329,0.587466,5.75792e-09,25359.1,Rectum
3,P48_Rectum,3.02575,1.81546,2.90157e-09,1.70316e+06,Rectum
4,P48_Rectum,11.3499,0.255139,1.14322e-07,1.29282e+06,Rectum
5,P48_Rectum,8.61014,0.522673,2.1051e-08,3331.92,Rectum
6,P48_Rectum,2.88662,0.56315,2.2182e-08,5546.58,Rectum
7,P48_Rectum,6.71258,0.539712,1.63121e-08,4079.65,Rectum
8,P48_Rectum,4.4996,0.568029,2.56798e-08,1.23052e+07,Rectum
9,P48_Rectum,1.78136,0.50973,2.98033e-08,3378.44,Rectum
10,P48_Rectum,2.66226,0.645868,1.93755e-08,32.0612,Rectum
1,P49_Rectum,2.24159,1.34754,1.13022e-07,1.01532e+06,Rectum
2,P49_Rectum,3.21457,0.300099,6.91462e-08,16097.1,Rectum
3,P49_Rectum,1.55104,0.774372,2.70605e-07,43.819,Rectum
4,P49_Rectum,3.89044,1.14605,1.13405e-08,19449.9,Rectum
5,P49_Rectum,2.30943,0.496341,4.43749e-08,1929.41,Rectum
6,P49_Rectum,1.68195,0.424096,1.20498e-08,228.885,Rectum
7,P49_Rectum,2.58902,0.641156,1.47953e-08,7.88759,Rectum
8,P49_Rectum,1.5236,0.570506,8.39047e-08,544740,Rectum
9,P49_Rectum,9.45608,0.526676,6.07203e-09,11256.1,Rectum
10,P49_Rectum,3.55824,0.540421,7.89831e-09,4.47553e+06,Rectum
1,P50_Rectum,1.61212,0.603336,1.6895e-07,448401,Rectum
2,P50_Rectum,2.46222,1.49804,1.1564e-07,374.165,Rectum
3,P50_Rectum,1.68284,0.821898,5.67319e-08,2625.19,Rectum
4,P50_Rectum,3.49283,2.13231,4.46681e-09,30054.8,Rectum
5,P50_Rectum,1.53893,0.801629,5.11481e-08,618563,Rectum
6,P50_Rectum,2.45148,1.59644,1.21945e-08,38257.9,Rectum
7,P50_Rectum,2.38421,0.833697,1.17542e-08,16154.1,Rectum
8,P50_Rectum,0.714418,0.694719,2.10013e-08,30427.4,Rectum
9,P50_Rectum,8.4912,1.08681,1.63351e-08,786.064,Rectum
10,P50_Rectum,4.88434,1.14016,6.17081e-08,8034.26,Rectum
1,P51_Rectum,5.32873,0.480678,8.24042e-09,5807.29,Rectum
2,P51_Rectum,2.39779,0.849975,1.78113e-07,1241.27,Rectum
3,P51_Rectum,6.44335,0.83007,9.42816e-08,1.14466,Rectum
4,P51_Rectum,3.35381,0.886783,1.88465e-08,8391.53,Rectum
5,P51_Rectum,2.39451,1.21704,1.30763e-07,723.993,Rectum
6,P51_Rectum,2.31397,0.474733,7.86186e-08,3985.31,Rectum
7,P51_Rectum,6.49112,0.818505,2.90772e-08,71.5888,Rectum
8,P51_Rectum,5.96071,0.828272,5.73184e-08,4815.35,Rectum
9,P51_Rectum,7.22445,0.837009,6.82368e-08,30.6342,Rectum
10,P51_Rectum,1.64374,1.31633,1.34506e-09,794.293,Rectum
1,P52_Rectum,3.62447,1.05737,1.05373e-08,8500.18,Rectum
2,P52_Rectum,13.8686,0.922584,1.86428e-08,189.092,Rectum
3,P52_Rectum,2.47102,0.882731,1.20799e-07,26268.6,Rectum
4,P52_Rectum,4.90316,1.13388,2.22036e-08,249427,Rectum
5,P52_Rectum,3.93942,0.837433,3.7969e-09,2.31063e+09,Rectum
6,P52_Rectum,3.73928,1.67062,3.07221e-08,141130,Rectum
7,P52_Rectum,4.82002,0.882168,7.10346e-08,364476,Rectum
8,P52_Rectum,4.05976,0.442207,7.94934e-08,246427,Rectum
9,P52_Rectum,2.70066,1.35789,9.78366e-08,19690.2,Rectum
10,P52_Rectum,11.2059,0.90581,1.08616e-08,15.3171,Rectum
1,P53_Rectum,1.71793,0.408031,9.37499e-08,107.378,Rectum
2,P53_Rectum,3.22771,0.504451,1.10566e-07,17.6261,Rectum
3,P53_Rectum,2.04128,0.929865,2.23692e-08,2371.53,Rectum
4,P53_Rectum,1.85951,0.981819,1.29417e-08,863.887,Rectum
5,P53_Rectum,0.993193,0.462246,3.74925e-09,1041.98,Rectum
6,P53_Rectum,1.93341,1.18096,3.78845e-08,35397,Rectum
7,P53_Rectum,1.35544,0.491084,6.72209e-09,605.751,Rectum
8,P53_Rectum,1.08054,0.502567,1.52466e-08,1.40741e+06,Rectum
9,P53_Rectum,10.3352,1.50951,8.84808e-08,3.49891e+07,Rectum
10,P53_Rectum,3.34511,1.29264,5.58312e-09,4.39955,Rectum
1,P54_Rectum,6.07975,0.594575,1.63695e-08,6.48635,Rectum
2,P54_Rectum,4.65921,0.718052,2.1883e-09,4452.36,Rectum
3,P54_Rectum,20.448,0.791888,1.02129e-08,4.11354e+06,Rectum
4,P54_Rectum,2.87959,1.10512,2.06422e-08,300313,Rectum
5,P54_Rectum,5.79638,1.03301,3.27108e-09,34789.1,Rectum
6,P54_Rectum,3.86511,0.857793,1.1682e-08,293.294,Rectum
7,P54_Rectum,1.02476,0.203188,5.25919e-08,3.01691e+09,Rectum
8,P54_Rectum,4.06528,1.56957,4.83661e-09,13913.4,Rectum
9,P54_Rectum,10.5331,0.786661,6.20403e-09,954439,Rectum
10,P54_Rectum,17.5761,0.481927,1.39998e-08,1124.23,Rectum
1,P55_Rectum,0.869098,0.77604,1.97557e-08,371.6,Rectum
2,P55_Rectum,19.8653,1.36462,9.01729e-08,1813.76,Rectum
3,P55_Rectum,0.555274,0.522961,8.33187e-09,229.793,Rectum
4,P55_Rectum,0.707577,1.70699,1.66437e-08,1.53461e+06,Rectum
5,P55_Rectum,0.927724,1.09925,1.32876e-08,6360.92,Rectum
6,P55_Rectum,0.351485,0.464275,8.41072e-09,4410.1,Rectum
7,P55_Rectum,1.11876,1.51888,2.30538e-08,3518.11,Rectum
8,P55_Rectum,1.7004,1.54561,3.73817e-09,3551.98,Rectum
9,P55_Rectum,0.745541,1.59957,3.46247e-08,1.51135e+06,Rectum
10,P55_Rectum,5.99303,1.11349,5.35459e-07,2.19706e+07,Rectum
1,P56_Rectum,3.1703,0.686783,1.71673e-08,9.949e+07,Rectum
2,P56_Rectum,3.24243,0.914718,3.42284e-08,18.2267,Rectum
3,P56_Rectum,1.79482,0.776478,1.37614e-08,24091.5,Rectum
4,P56_Rectum,4.60685,0.486959,6.56863e-08,2.37122e+08,Rectum
5,P56_Rectum,19.5876,1.3645,6.70244e-08,4.964e+08,Rectum
6,P56_Rectum,3.97694,0.875023,5.05847e-09,22563.3,Rectum
7,P56_Rectum,3.56643,0.604737,1.91728e-08,1777.15,Rectum
8,P56_Rectum,7.3651,1.14793,6.67546e-09,178.446,Rectum
9,P56_Rectum,7.32843,3.29273,7.03342e-09,7.16064,Rectum
10,P56_Rectum,3.98097,1.56567,6.94085e-09,1711.23,Rectum
1,P57_Rectum,0.668241,3.29457,1.00011e-08,1255.18,Rectum
2,P57_Rectum,2.05272,2.46567,2.25955e-07,354.114,Rectum
3,P57_Rectum,2.09446,3.27448,1.29644e-08,62359.3,Rectum
4,P57_Rectum,0.670261,1.29298,2.50547e-08,17.8466,Rectum
5,P57_Rectum,0.836081,1.16078,8.60622e-09,4398.97,Rectum
6,P57_Rectum,0.674505,1.29958,2.13426e-09,0.572256,Rectum
7,P57_Rectum,0.847588,0.79709,1.10971e-08,1.02125,Rectum
8,P57_Rectum,1.33938,1.15845,7.87095e-09,245.174,Rectum
9,P57_Rectum,0.823167,0.868268,4.04038e-08,62.8546,Rectum
10,P57_Rectum,0.6354,0.992062,2.42283e-07,5.59067,Rectum
1,P58_Rectum,4.79198,1.11403,9.91944e-08,244.225,Rectum
2,P58_Rectum,9.57918,1.40626,8.31478e-09,77402,Rectum
3,P58_Rectum,2.33798,1.69935,3.0317e-08,5.04683e+10,Rectum
4,P58_Rectum,8.62037,5.67588,2.25082e-07,4.97444,Rectum
5,P58_Rectum,6.44262,1.32925,3.32008e-09,160347,Rectum
6,P58_Rectum,1.97321,1.02998,2.09661e-08,1.79989e+06,Rectum
7,P58_Rectum,3.44361,1.49405,2.74009e-07,6.33682e+06,Rectum
8,P58_Rectum,1.17262,1.3181,9.17461e-08,802399,Rectum
9,P58_Rectum,13.0464,2.92703,3.47417e-09,135640,Rectum
10,P58_Rectum,19.6785,1.50395,2.05234e-08,12003.3,Rectum
1,P59_Rectum,1.60434,0.863956,1.37694e-07,4.85745e+06,Rectum
2,P59_Rectum,3.47721,1.8598,7.54344e-08,18.0166,Rectum
3,P59_Rectum,1.67339,0.688415,1.32236e-08,47.6617,Rectum
4,P59_Rectum,1.77279,0.741398,1.58836e-08,11.3989,Rectum
5,P59_Rectum,2.42205,1.22308,2.71147e-08,495.865,Rectum
6,P59_Rectum,1.29618,0.597927,5.21454e-08,20611.7,Rectum
7,P59_Rectum,9.65361,1.01949,1.82265e-08,2.75003e+06,Rectum
8,P59_Rectum,3.94478,2.62059,2.89117e-09,1.62768,Rectum
9,P59_Rectum,1.86784,0.973535,2.95078e-08,800202,Rectum
10,P59_Rectum,5.57072,1.40176,3.82473e-07,9762.86,Rectum
1,P60_Rectum,1.79461,1.21406,5.59943e-08,252390,Rectum
2,P60_Rectum,4.75649,0.893668,5.15337e-08,50677.4,Rectum
3,P60_Rectum,4.90746,0.423601,1.05305e-07,899270,Rectum
4,P60_Rectum,12.3987,0.775344,1.46063e-07,10017,Rectum
5,P60_Rectum,4.61138,0.741377,5.54726e-08,146955,Rectum
6,P60_Rectum,6.42391,0.88543,1.03795e-08,1228.79,Rectum
7,P60_Rectum,1.93185,1.39069,2.10245e-08,2.01141e+06,Rectum
8,P60_Rectum,11.9446,0.725123,9.88366e-09,740.498,Rectum
9,P60_Rectum,3.45348,0.517657,3.55828e-08,769681,Rectum
10,P60_Rectum,5.22958,0.60879,6.12736e-08,1.33184e+06,Rectum
1,P61_Rectum,13.1608,1.88909,1.24207e-07,187.617,Rectum
2,P61_Rectum,10.6059,1.38855,1.61378e-08,1055.4,Rectum
3,P61_Rectum,0.537556,1.48384,3.07896e-08,2.46541e+08,Rectum
4,P61_Rectum,12.1083,1.67739,3.30295e-08,991036,Rectum
5,P61_Rectum,9.09874,1.75077,4.68435e-08,986.299,Rectum
6,P61_Rectum,9.68107,1.84183,7.83957e-08,292148,Rectum
7,P61_Rectum,1.43992,1.63441,5.51065e-07,7.83203e+07,Rectum
8,P61_Rectum,3.42707,2.61032,1.2968e-08,3.74161e+07,Rectum
9,P61_Rectum,3.44403,1.62716,4.55804e-08,3.80581e+07,Rectum
10,P61_Rectum,0.688537,0.802717,9.4374e-08,9985.36,Rectum
1,P62_Rectum,1.44569,1.14733,4.01625e-09,201.084,Rectum
2,P62_Rectum,1.33717,1.30058,8.69948e-09,4.02864,Rectum
3,P62_Rectum,1.09539,1.02526,7.44865e-09,284.207,Rectum
4,P62_Rectum,1.29032,1.27186,5.31457e-08,1757.1,Rectum
5,P62_Rectum,0.425574,1.00095,5.93182e-08,34405.7,Rectum
6,P62_Rectum,1.05074,0.415203,2.00225e-08,0.0335305,Rectum
7,P62_Rectum,1.02104,0.530597,1.75654e-07,9.10946,Rectum
8,P62_Rectum,1.09293,0.599385,3.51804e-09,0.333463,Rectum
9,P62_Rectum,0.540009,0.328668,3.57442e-08,26.6578,Rectum
10,P62_Rectum,0.575587,0.470999,3.56616e-08,32.1554,Rectum
1,P63_Rectum,0.713869,0.5439,4.70287e-08,295.414,Rectum
2,P63_Rectum,1.52477,0.338879,2.15109e-08,0.0453032,Rectum
3,P63_Rectum,1.26373,0.512826,4.5435e-08,1.49249,Rectum
4,P63_Rectum,1.20244,0.416242,5.84129e-09,9.11175,Rectum
5,P63_Rectum,13.8213,1.69081,3.99576e-08,1258.76,Rectum
6,P63_Rectum,1.23426,0.918982,6.01224e-08,738.943,Rectum
7,P63_Rectum,4.82513,1.26106,8.11419e-08,203.146,Rectum
8,P63_Rectum,1.16266,0.523045,3.99319e-08,668.932,Rectum
9,P63_Rectum,9.28408,0.911129,2.1513e-08,2.39996e+06,Rectum
10,P63_Rectum,1.12449,1.11236,3.63416e-08,135.681,Rectum
1,P65_Rectum,8.31685,0.990801,1.52467e-08,866593,Rectum
2,P65_Rectum,1.83549,0.655742,1.24499e-07,26790.4,Rectum
3,P65_Rectum,4.80173,1.27984,3.92202e-08,0.87203,Rectum
4,P65_Rectum,1.5765,0.611038,4.13505e-08,3.11967e+07,Rectum
5,P65_Rectum,2.8669,1.66271,4.45511e-08,1.97333e+06,Rectum
6,P65_Rectum,2.47441,1.00019,7.46519e-08,5.20546,Rectum
7,P65_Rectum,3.72119,1.11398,1.22961e-07,25355.1,Rectum
8,P65_Rectum,9.31445,1.15265,2.36994e-08,14475.6,Rectum
9,P65_Rectum,4.24166,0.803673,8.37051e-08,7.77674e+06,Rectum
10,P65_Rectum,1.98534,1.04961,7.10294e-09,87.8977,Rectum
1,P66_Rectum,2.4557,0.216185,8.46336e-09,133.974,Rectum
2,P66_Rectum,4.98498,0.297035,2.50515e-09,8.19033e+06,Rectum
3,P66_Rectum,1.69481,1.47526,1.3465e-08,539919,Rectum
4,P66_Rectum,2.66648,0.756516,1.47292e-08,0.571233,Rectum
5,P66_Rectum,2.18015,1.4896,2.08365e-09,143279,Rectum
6,P66_Rectum,5.78065,0.287011,1.1092e-08,37257.2,Rectum
7,P66_Rectum,2.91142,0.698055,2.47105e-08,0.133094,Rectum
8,P66_Rectum,2.56675,2.0894,2.74853e-08,7326.56,Rectum
9,P66_Rectum,2.75266,0.750259,2.90104e-09,16844.1,Rectum
10,P66_Rectum,2.94652,0.284952,1.10068e-08,238.056,Rectum
1,P67_Rectum,2.51309,1.78667,3.28836e-09,1.23796e+07,Rectum
2,P67_Rectum,3.42656,0.859232,1.37437e-08,6.67719,Rectum
3,P67_Rectum,3.39566,2.12423,2.49742e-08,18778.2,Rectum
4,P67_Rectum,6.01825,0.580115,1.48711e-08,25276,Rectum
5,P67_Rectum,2.13783,0.480906,3.40881e-08,407.225,Rectum
6,P67_Rectum,2.67079,1.71297,2.14076e-09,1.79531e+06,Rectum
7,P67_Rectum,2.18145,0.649323,5.08809e-09,1172.92,Rectum
8,P67_Rectum,1.36399,0.384627,5.64778e-09,50104.5,Rectum
9,P67_Rectum,18.7312,0.866731,8.73157e-09,842.151,Rectum
10,P67_Rectum,1.09861,0.417427,4.31756e-09,144884,Rectum
1,P68_Rectum,2.88491,1.22748,3.21352e-08,393133,Rectum
2,P68_Rectum,4.49571,0.552664,2.25927e-08,8969.7,Rectum
3,P68_Rectum,0.550423,0.528205,4.439e-09,5137.61,Rectum
4,P68_Rectum,0.581212,0.525349,2.93353e-07,2.70916e+07,Rectum
5,P68_Rectum,1.43666,1.44385,6.12986e-08,17389.3,Rectum
6,P68_Rectum,3.09919,0.639788,2.98546e-08,1.5254e+06,Rectum
7,P68_Rectum,0.955718,0.965072,2.91557e-08,1.00498e+06,Rectum
8,P68_Rectum,10.5407,0.542565,1.05308e-08,892.944,Rectum
9,P68_Rectum,1.04865,1.30991,1.89598e-09,334461,Rectum
10,P68_Rectum,1.39287,1.58635,3.44627e-08,45569.9,Rectum
1,P69_Rectum,17.5363,0.989035,5.08941e-09,5.67277,Rectum
2,P69_Rectum,3.38961,1.09199,4.32934e-08,27.3321,Rectum
3,P69_Rectum,2.97282,0.583615,5.51269e-08,256.278,Rectum
4,P69_Rectum,2.84614,0.8277,5.92584e-09,6.12119e+08,Rectum
5,P69_Rectum,2.3858,1.11658,6.68194e-08,4385.3,Rectum
6,P69_Rectum,1.15646,0.880917,2.64387e-08,14792,Rectum
7,P69_Rectum,8.28851,0.556667,2.22291e-08,20.7117,Rectum
8,P69_Rectum,0.613047,0.605932,1.10101e-08,3.6084e+07,Rectum
9,P69_Rectum,5.36562,1.42646,8.74958e-10,749.526,Rectum
10,P69_Rectum,3.76176,1.14916,5.23927e-09,3677.81,Rectum
1,P70_Rectum,3.87382,1.32477,1.25742e-08,14738,Rectum
2,P70_Rectum,7.51399,1.19114,6.29264e-08,6.23675e+07,Rectum
3,P70_Rectum,1.21995,0.848149,2.80561e-08,93452.9,Rectum
4,P70_Rectum,2.05186,1.46292,1.71664e-08,60.5078,Rectum
5,P70_Rectum,1.17049,0.314842,1.24112e-07,70.0656,Rectum
6,P70_Rectum,3.59026,1.14611,5.38653e-09,109650,Rectum
7,P70_Rectum,1.99121,1.69065,3.57765e-08,3.8722e+08,Rectum
8,P70_Rectum,9.61299,0.917868,1.94349e-07,0.785313,Rectum
9,P70_Rectum,3.52584,0.577846,8.55437e-09,1.35785e+07,Rectum
10,P70_Rectum,10.3312,1.59697,4.09941e-08,224584,Rectum
1,P71_Rectum,7.02075,1.35736,6.51926e-08,380072,Rectum
2,P71_Rectum,7.47332,0.938358,7.17874e-08,2.61145e+07,Rectum
3,P71_Rectum,5.02882,1.10491,2.66447e-08,5.62895e+07,Rectum
4,P71_Rectum,2.0688,0.951921,1.72572e-07,1418.94,Rectum
5,P71_Rectum,6.41941,1.12973,8.87756e-08,457639,Rectum
6,P71_Rectum,1.25577,1.13322,2.3521e-08,70211.1,Rectum
7,P71_Rectum,10.9806,0.869864,1.84905e-07,480073,Rectum
8,P71_Rectum,2.57084,1.22986,1.54739e-08,2.05254e+07,Rectum
9,P71_Rectum,7.3951,1.72372,4.21523e-09,918.261,Rectum
10,P71_Rectum,6.7104,2.23215,6.20122e-08,39.7051,Rectum
1,P72_Rectum,1.74059,0.78551,1.08908e-07,1.25779,Rectum
2,P72_Rectum,1.27942,0.990165,6.81737e-08,3.86369,Rectum
3,P72_Rectum,1.58751,3.15846,1.88558e-08,420388,Rectum
4,P72_Rectum,1.3299,1.47194,5.29062e-08,21.1835,Rectum
5,P72_Rectum,2.59758,1.72788,3.16366e-08,144.344,Rectum
6,P72_Rectum,2.51944,0.778425,2.8396e-08,0.47526,Rectum
7,P72_Rectum,1.47952,1.20294,1.05765e-08,128.085,Rectum
8,P72_Rectum,2.06475,1.15814,2.30528e-07,13.4166,Rectum
9,P72_Rectum,0.691867,2.0912,1.72519e-09,178.178,Rectum
10,P72_Rectum,0.704737,0.595702,1.41303e-09,0.71842,Rectum
1,P73_Rectum,2.0119,0.929944,3.09872e-09,6283.99,Rectum
2,P73_Rectum,1.95092,1.42848,1.41656e-09,1.12017e+07,Rectum
3,P73_Rectum,7.6415,0.437017,1.27983e-09,108729,Rectum
4,P73_Rectum,2.5521,0.683595,4.25595e-09,534347,Rectum
5,P73_Rectum,3.86334,0.466997,4.53843e-09,37242,Rectum
6,P73_Rectum,2.83023,0.431334,1.2287e-08,1142.58,Rectum
7,P73_Rectum,6.83402,0.273311,2.52482e-09,68173.8,Rectum
8,P73_Rectum,6.80045,0.35349,9.17124e-08,37.8446,Rectum
9,P73_Rectum,1.68335,0.763115,1.11477e-08,19209,Rectum
10,P73_Rectum,1.66736,0.524667,1.52889e-08,444.538,Rectum
1,P74_Rectum,2.19623,0.4657,1.28335e-07,666.07,Rectum
2,P74_Rectum,1.87974,0.86103,3.35983e-08,529894,Rectum
3,P74_Rectum,2.87935,0.683046,3.40187e-08,8982.42,Rectum
4,P74_Rectum,6.37145,1.22847,7.54606e-08,128.772,Rectum
5,P74_Rectum,4.73888,1.36818,2.17071e-08,1661.97,Rectum
6,P74_Rectum,6.8497,0.779386,8.17841e-09,89025.4,Rectum
7,P74_Rectum,0.991843,0.807148,1.01014e-07,42831.3,Rectum
8,P74_Rectum,1.33578,0.678011,1.36269e-08,4.31511e+06,Rectum
9,P74_Rectum,1.90817,0.784287,3.45549e-08,1146.8,Rectum
10,P74_Rectum,1.23274,0.712295,2.07889e-08,15849.6,Rectum
1,P75_Rectum,1.49824,1.25412,4.2468e-09,293990,Rectum
2,P75_Rectum,3.79471,2.84087,1.97265e-08,8.38736e+06,Rectum
3,P75_Rectum,7.21714,1.2752,8.11269e-09,16984.3,Rectum
4,P75_Rectum,13.3514,1.17814,1.89377e-08,1.18871e+06,Rectum
5,P75_Rectum,8.30075,1.04441,2.59786e-09,1071.29,Rectum
6,P75_Rectum,2.19646,1.00974,3.70178e-08,124289,Rectum
7,P75_Rectum,12.9692,1.06926,6.55148e-08,428009,Rectum
8,P75_Rectum,5.01332,0.93113,3.48349e-09,8729.52,Rectum
9,P75_Rectum,3.02844,0.696087,2.47207e-08,2.77403e+07,Rectum
10,P75_Rectum,1.84253,1.16395,1.20056e-08,4.94128e+07,Rectum
1,P76_Rectum,5.5779,0.900605,1.48451e-08,34.1217,Rectum
2,P76_Rectum,2.37954,1.14263,3.33764e-08,7175.63,Rectum
3,P76_Rectum,7.55162,0.562057,1.2495e-07,96.5455,Rectum
4,P76_Rectum,5.16811,1.38245,6.76409e-09,11713.1,Rectum
5,P76_Rectum,2.55788,1.48137,3.30503e-08,3993.98,Rectum
6,P76_Rectum,2.86026,0.669634,6.49729e-08,550.417,Rectum
7,P76_Rectum,2.93074,0.946282,3.45788e-08,2281.51,Rectum
8,P76_Rectum,4.97364,0.989418,5.61191e-08,21.198,Rectum
9,P76_Rectum,2.93115,1.24826,1.72778e-08,408972,Rectum
10,P76_Rectum,14.7325,0.708563,6.2765e-09,5810.88,Rectum
1,P77_Rectum,10.069,2.02989,2.41734e-08,12184.2,Rectum
2,P77_Rectum,1.70964,0.521559,2.21687e-08,770.659,Rectum
3,P77_Rectum,3.6872,0.452694,1.03976e-08,0.00732005,Rectum
4,P77_Rectum,2.34567,0.744959,2.49702e-08,43266.4,Rectum
5,P77_Rectum,3.27757,0.878777,1.49252e-08,1.87748e+06,Rectum
6,P77_Rectum,4.06729,2.27274,1.58873e-08,48596.1,Rectum
7,P77_Rectum,7.05231,0.452221,1.68609e-07,86389.7,Rectum
8,P77_Rectum,6.48045,0.493646,2.22261e-08,17856.8,Rectum
9,P77_Rectum,1.72718,1.80733,4.85198e-08,1.61426e+09,Rectum
10,P77_Rectum,12.5666,1.56811,2.98639e-08,116854,Rectum
1,P1_Saliva,1.25127,0.522379,1.30943e-06,52.2406,Saliva
2,P1_Saliva,2.66881,1.38775,2.78686e-08,23.1632,Saliva
3,P1_Saliva,4.95893,0.233598,8.53161e-08,211.669,Saliva
4,P1_Saliva,3.19812,1.3244,1.59378e-07,0.196168,Saliva
5,P1_Saliva,2.63538,0.528948,8.18381e-08,9.36658,Saliva
6,P1_Saliva,7.02332,0.492456,1.14318e-07,9.77088e+07,Saliva
7,P1_Saliva,1.69132,0.390277,4.62459e-08,0.203589,Saliva
8,P1_Saliva,1.85859,1.0461,1.08637e-07,1219.94,Saliva
9,P1_Saliva,2.47771,0.363712,1.96129e-08,5.6544,Saliva
10,P1_Saliva,2.6733,0.507612,1.11308e-08,0.0151638,Saliva
1,P2_Saliva,0.970095,1.28309,2.48358e-08,73.4282,Saliva
2,P2_Saliva,0.369293,1.26446,2.23182e-07,38862.3,Saliva
3,P2_Saliva,1.89813,1.15532,6.21244e-07,22.1891,Saliva
4,P2_Saliva,0.755609,0.920795,6.04428e-07,4.49455,Saliva
5,P2_Saliva,3.02809,1.94975,2.03076e-06,13.1846,Saliva
6,P2_Saliva,0.644649,0.278563,2.81129e-07,30.5335,Saliva
7,P2_Saliva,0.917064,1.26071,1.06224e-07,62397.7,Saliva
8,P2_Saliva,1.92025,3.57217,1.35521e-07,65717.6,Saliva
9,P2_Saliva,25.0934,1.625,2.39535e-06,4.67237,Saliva
10,P2_Saliva,1.00088,2.73173,2.36595e-07,8729.31,Saliva
1,P3_Saliva,3.80563,0.598169,1.6601e-08,0.000120675,Saliva
2,P3_Saliva,2.28027,1.05665,1.73741e-07,4.62742,Saliva
3,P3_Saliva,1.72822,1.00838,5.24546e-08,237.222,Saliva
4,P3_Saliva,2.42661,0.928845,1.77509e-07,165.579,Saliva
5,P3_Saliva,2.25188,0.999898,6.22444e-07,2586.25,Saliva
6,P3_Saliva,2.91176,0.976989,1.26582e-06,0.0853882,Saliva
7,P3_Saliva,4.3296,1.03255,5.13178e-08,0.00355084,Saliva
8,P3_Saliva,2.03999,0.552963,2.73233e-07,0.560851,Saliva
9,P3_Saliva,1.85219,0.654863,4.53244e-07,0.13896,Saliva
10,P3_Saliva,2.31822,1.33377,8.5956e-08,124.375,Saliva
1,P4_Saliva,8.11736,1.81014,2.0557e-07,1819.81,Saliva
2,P4_Saliva,11.8522,1.47975,3.02435e-07,0.15024,Saliva
3,P4_Saliva,16.1173,1.09411,3.32418e-07,50.9885,Saliva
4,P4_Saliva,6.64234,2.04377,2.93526e-08,397.682,Saliva
5,P4_Saliva,2.37554,0.661245,2.92676e-06,33810.9,Saliva
6,P4_Saliva,14.6712,1.21413,8.56903e-08,372.861,Saliva
7,P4_Saliva,12.9297,2.09175,2.81692e-07,6.776,Saliva
8,P4_Saliva,3.87627,1.49781,7.59029e-07,4350.77,Saliva
9,P4_Saliva,5.54044,1.26358,4.75011e-07,332575,Saliva
10,P4_Saliva,8.92247,1.27706,7.85841e-08,281.689,Saliva
1,P5_Saliva,3.78206,1.07363,9.09453e-07,5.41816,Saliva
2,P5_Saliva,4.76345,1.94336,3.93241e-08,492.704,Saliva
3,P5_Saliva,1.75951,0.920432,5.13124e-08,20.6167,Saliva
4,P5_Saliva,2.18497,0.976659,3.50187e-08,27275.3,Saliva
5,P5_Saliva,16.1628,0.709544,3.05511e-07,5219.75,Saliva
6,P5_Saliva,1.49746,0.772831,1.74478e-07,105591,Saliva
7,P5_Saliva,7.15462,0.839659,4.72898e-07,5.71821e+06,Saliva
8,P5_Saliva,6.34659,0.766923,2.09469e-07,12460.1,Saliva
9,P5_Saliva,7.78094,1.53338,2.14286e-08,30.177,Saliva
10,P5_Saliva,4.8521,1.07979,5.59595e-08,1.00885e+06,Saliva
1,P6_Saliva,5.89951,1.92911,3.4829e-07,0.322792,Saliva
2,P6_Saliva,2.95633,1.10637,2.04276e-07,6.09319e+07,Saliva
3,P6_Saliva,3.50674,2.01126,5.75249e-07,72.4247,Saliva
4,P6_Saliva,19.2994,1.37282,3.89332e-07,63.0203,Saliva
5,P6_Saliva,6.09139,1.24549,3.89275e-07,0.119856,Saliva
6,P6_Saliva,1.27249,0.613927,3.04439e-07,8251.55,Saliva
7,P6_Saliva,5.24623,0.818948,1.91257e-07,676.616,Saliva
8,P6_Saliva,3.92907,0.907162,4.46394e-07,142326,Saliva
9,P6_Saliva,5.89787,1.51896,9.84971e-08,2.23673e+06,Saliva
10,P6_Saliva,2.91179,1.75059,4.40532e-07,103.399,Saliva
1,P7_Saliva,10.502,0.790894,3.99587e-07,2594.26,Saliva
2,P7_Saliva,3.33757,1.50066,9.15546e-08,12.3941,Saliva
3,P7_Saliva,6.74469,0.44742,9.7e-08,2116.55,Saliva
4,P7_Saliva,22.9008,0.533934,1.89774e-06,5.04013,Saliva
5,P7_Saliva,24.2722,0.878948,1.43976e-07,3342.77,Saliva
6,P7_Saliva,13.6413,1.40235,6.65908e-08,1.43986,Saliva
7,P7_Saliva,2.8837,0.900193,2.32314e-06,64.8473,Saliva
8,P7_Saliva,10.6843,0.581165,3.51554e-07,1.36291,Saliva
9,P7_Saliva,9.99258,0.842045,3.34918e-07,2.32591,Saliva
10,P7_Saliva,2.91778,1.06805,7.77846e-07,43.9478,Saliva
1,P8_Saliva,2.63698,0.859527,8.51266e-08,70.9579,Saliva
2,P8_Saliva,1.42937,0.539659,1.18207e-07,400.995,Saliva
3,P8_Saliva,1.02902,0.523425,7.14676e-07,22561.8,Saliva
4,P8_Saliva,1.7707,1.08128,3.4573e-07,74.4561,Saliva
5,P8_Saliva,7.92935,0.640998,3.59766e-07,3475.57,Saliva
6,P8_Saliva,13.5044,0.974223,3.32327e-08,665.418,Saliva
7,P8_Saliva,9.5726,0.955882,1.27512e-06,60.5218,Saliva
8,P8_Saliva,9.25374,0.819848,4.6535e-07,32.2652,Saliva
9,P8_Saliva,4.12985,0.792078,2.32076e-06,2606.57,Saliva
10,P8_Saliva,5.64329,1.60827,1.71084e-07,11229.6,Saliva
1,P9_Saliva,15.842,0.559539,5.44559e-08,2.18471,Saliva
2,P9_Saliva,4.05908,0.745063,1.59406e-08,0.0302714,Saliva
3,P9_Saliva,4.66597,0.649628,1.94548e-08,0.106813,Saliva
4,P9_Saliva,4.21037,0.407121,7.37739e-08,18.194,Saliva
5,P9_Saliva,20.5173,0.446116,1.86703e-08,274.189,Saliva
6,P9_Saliva,5.57624,0.481899,1.63654e-08,0.00870437,Saliva
7,P9_Saliva,8.12398,0.358187,7.97439e-08,0.058295,Saliva
8,P9_Saliva,5.2989,0.672001,3.40288e-08,98.2588,Saliva
9,P9_Saliva,3.78925,0.673187,1.00152e-07,2.26597,Saliva
10,P9_Saliva,2.41067,0.476953,7.13315e-08,164.801,Saliva
1,P10_Saliva,4.39264,0.515304,7.25448e-08,1455.25,Saliva
2,P10_Saliva,5.58882,0.687585,7.4754e-08,1519.48,Saliva
3,P10_Saliva,6.22263,0.42456,3.76408e-07,3729.02,Saliva
4,P10_Saliva,5.73098,1.16686,2.10842e-08,1.49593,Saliva
5,P10_Saliva,14.1594,0.677139,5.16975e-07,1092.65,Saliva
6,P10_Saliva,4.94709,0.57084,1.07565e-06,95.4496,Saliva
7,P10_Saliva,3.76286,0.738615,9.36338e-08,6208.11,Saliva
8,P10_Saliva,3.13433,0.943545,8.58277e-08,12800.3,Saliva
9,P10_Saliva,4.94174,0.807013,1.69347e-07,4.9165,Saliva
10,P10_Saliva,8.65811,0.804265,5.66679e-08,10.7714,Saliva
1,P11_Saliva,2.37811,0.588941,3.13867e-07,94.0312,Saliva
2,P11_Saliva,3.08244,0.404512,7.61837e-08,159.033,Saliva
3,P11_Saliva,1.86656,0.86597,3.96173e-08,26.3526,Saliva
4,P11_Saliva,9.98122,0.535804,4.6612e-08,90403,Saliva
5,P11_Saliva,8.31407,0.374478,2.04361e-07,159.003,Saliva
6,P11_Saliva,2.14386,0.979989,5.98176e-08,1.03721,Saliva
7,P11_Saliva,16.204,0.381114,5.33088e-08,1631.63,Saliva
8,P11_Saliva,1.65546,0.820964,3.07516e-07,176.309,Saliva
9,P11_Saliva,2.64756,0.999746,4.96989e-08,3.08164,Saliva
10,P11_Saliva,1.92395,0.946182,2.76086e-07,119.489,Saliva
1,P12_Saliva,2.8505,0.684426,5.28812e-08,0.186702,Saliva
2,P12_Saliva,1.71,1.04844,1.38138e-07,98756.4,Saliva
3,P12_Saliva,6.29498,0.525864,8.12962e-08,27.5813,Saliva
4,P12_Saliva,3.33916,0.391201,1.85651e-07,0.00379991,Saliva
5,P12_Saliva,5.02609,0.440507,7.06876e-07,81.7293,Saliva
6,P12_Saliva,4.40256,0.478227,1.73954e-07,990.682,Saliva
7,P12_Saliva,11.7971,0.831932,2.20666e-07,1899.9,Saliva
8,P12_Saliva,4.73587,0.931749,2.90629e-08,63811.7,Saliva
9,P12_Saliva,3.35388,2.78413,1.16483e-07,720.851,Saliva
10,P12_Saliva,6.57049,0.345061,7.35469e-08,47.4224,Saliva
1,P13_Saliva,7.1202,1.26412,2.73473e-07,0.0114145,Saliva
2,P13_Saliva,1.36373,1.1745,7.31275e-07,610.535,Saliva
3,P13_Saliva,1.64856,1.17314,7.11482e-07,506.336,Saliva
4,P13_Saliva,2.32498,1.43763,1.11363e-06,15728.9,Saliva
5,P13_Saliva,41.3914,0.687625,2.1871e-06,141642,Saliva
6,P13_Saliva,2.10607,0.938038,2.55547e-06,4119.25,Saliva
7,P13_Saliva,1.03598,0.461324,1.44985e-07,131.791,Saliva
8,P13_Saliva,19.8698,1.97993,4.53137e-08,5387.51,Saliva
9,P13_Saliva,15.1576,0.810437,1.20444e-06,0.4032,Saliva
10,P13_Saliva,2.54019,0.800512,1.66786e-07,0.049413,Saliva
1,P14_Saliva,0.534961,0.850645,8.2049e-08,39.4474,Saliva
2,P14_Saliva,0.945419,1.27528,3.32813e-08,0.00451627,Saliva
3,P14_Saliva,1.21466,2.39477,9.65398e-08,1.6371,Saliva
4,P14_Saliva,0.870116,1.5325,2.09014e-06,1.01173,Saliva
5,P14_Saliva,0.882256,1.22903,1.46369e-07,468.913,Saliva
6,P14_Saliva,2.01494,1.62923,9.83696e-09,0.0287667,Saliva
7,P14_Saliva,1.20372,0.7894,4.34636e-07,0.803227,Saliva
8,P14_Saliva,0.442194,1.36469,5.57987e-07,726.201,Saliva
9,P14_Saliva,2.56843,2.24582,1.20002e-07,4.08659,Saliva
10,P14_Saliva,1.58382,1.21852,4.23143e-08,1.59087,Saliva
1,P16_Saliva,14.9525,1.14152,5.10571e-08,6.05737,Saliva
2,P16_Saliva,5.37163,0.690568,4.82704e-07,81.3144,Saliva
3,P16_Saliva,3.16687,0.637889,1.49035e-07,140.585,Saliva
4,P16_Saliva,7.33905,2.04387,5.598e-07,66.0046,Saliva
5,P16_Saliva,8.71853,0.355074,6.31569e-07,229265,Saliva
6,P16_Saliva,5.22624,0.582879,1.02689e-06,1.68499,Saliva
7,P16_Saliva,2.64161,0.700565,1.67716e-08,139.449,Saliva
8,P16_Saliva,1.9184,0.190404,3.55293e-07,2803.92,Saliva
9,P16_Saliva,1.83331,0.569953,1.96155e-07,1620.54,Saliva
10,P16_Saliva,3.12024,1.69854,1.44729e-07,684.079,Saliva
1,P17_Saliva,3.06712,0.382187,3.44199e-07,220.904,Saliva
2,P17_Saliva,3.89474,2.01889,4.26808e-08,2.48355,Saliva
3,P17_Saliva,2.34713,0.556946,3.83079e-08,57525,Saliva
4,P17_Saliva,3.34966,0.713502,4.30854e-08,0.0449231,Saliva
5,P17_Saliva,2.68335,0.434676,1.43769e-06,270.821,Saliva
6,P17_Saliva,8.54505,0.278126,2.90263e-08,2311.21,Saliva
7,P17_Saliva,2.13895,0.437376,1.13351e-07,1235.84,Saliva
8,P17_Saliva,1.82877,0.176441,1.86769e-07,97.1793,Saliva
9,P17_Saliva,2.8621,0.572397,2.77312e-08,14.3561,Saliva
10,P17_Saliva,1.84578,0.594572,9.99344e-08,62.764,Saliva
1,P18_Saliva,1.2797,0.799404,4.21373e-07,4608.16,Saliva
2,P18_Saliva,5.5896,1.3918,4.65626e-07,157.928,Saliva
3,P18_Saliva,2.90305,1.36091,4.07296e-08,4045.83,Saliva
4,P18_Saliva,4.94744,1.39428,1.21732e-07,39764,Saliva
5,P18_Saliva,6.10056,3.54505,8.93132e-08,1.02168,Saliva
6,P18_Saliva,3.24683,0.636069,2.83062e-08,0.198573,Saliva
7,P18_Saliva,3.62807,1.04919,1.4524e-06,41878.3,Saliva
8,P18_Saliva,4.76316,1.08122,5.52263e-07,63616.6,Saliva
9,P18_Saliva,4.68741,0.619133,1.49302e-07,1289.02,Saliva
10,P18_Saliva,2.45955,0.705928,6.89652e-08,27744.4,Saliva
1,P19_Saliva,4.16271,0.992432,1.49488e-07,9132.08,Saliva
2,P19_Saliva,2.24544,1.7898,2.86024e-08,1047.84,Saliva
3,P19_Saliva,6.29811,1.00656,5.99012e-08,842.53,Saliva
4,P19_Saliva,14.8304,1.33063,1.19861e-07,1818.11,Saliva
5,P19_Saliva,7.19164,1.72472,2.44452e-08,19827.9,Saliva
6,P19_Saliva,4.45646,1.07124,6.65294e-08,9243.57,Saliva
7,P19_Saliva,5.80159,1.21305,2.12939e-08,145.17,Saliva
8,P19_Saliva,5.18635,0.843861,7.63327e-07,1014.98,Saliva
9,P19_Saliva,4.19235,1.60921,5.41593e-08,434.003,Saliva
10,P19_Saliva,6.45947,0.834811,1.41558e-07,94665.6,Saliva
1,P20_Saliva,1.69108,0.342566,1.40648e-07,667772,Saliva
2,P20_Saliva,6.18105,0.713949,1.42757e-07,0.0114599,Saliva
3,P20_Saliva,3.08104,1.24586,2.08496e-08,62063.8,Saliva
4,P20_Saliva,6.95388,0.609884,4.31286e-07,3063.77,Saliva
5,P20_Saliva,2.76854,0.810627,5.25464e-07,65.9221,Saliva
6,P20_Saliva,3.76115,1.06329,2.24291e-07,217481,Saliva
7,P20_Saliva,6.88579,0.566837,3.29514e-07,47.8882,Saliva
8,P20_Saliva,7.73517,1.0625,3.63998e-07,1.31838,Saliva
9,P20_Saliva,2.24135,0.618629,9.31956e-08,135.8,Saliva
10,P20_Saliva,4.31069,1.02249,9.61418e-07,121.368,Saliva
1,P21_Saliva,4.0142,1.25032,4.26121e-08,0.0385497,Saliva
2,P21_Saliva,2.42348,0.874308,1.40962e-07,0.123812,Saliva
3,P21_Saliva,1.92771,0.772103,3.24641e-06,136.02,Saliva
4,P21_Saliva,4.26626,0.647238,5.2117e-08,8.71278e+06,Saliva
5,P21_Saliva,5.51469,0.79706,7.06685e-08,115.515,Saliva
6,P21_Saliva,2.6024,0.258319,1.24592e-07,279.456,Saliva
7,P21_Saliva,15.9136,0.773897,1.96629e-08,44.2641,Saliva
8,P21_Saliva,4.79816,0.593056,2.78831e-07,0.0116559,Saliva
9,P21_Saliva,1.69386,0.739718,1.56653e-07,7408.6,Saliva
10,P21_Saliva,3.30039,1.47215,5.41242e-08,54.2231,Saliva
1,P22_Saliva,10.4297,0.668607,3.78899e-07,17.9842,Saliva
2,P22_Saliva,24.0164,0.478288,4.29029e-07,4080.08,Saliva
3,P22_Saliva,5.53249,0.966191,3.88748e-07,4.87688,Saliva
4,P22_Saliva,4.73989,0.763986,6.68782e-07,6.82299,Saliva
5,P22_Saliva,8.86715,1.37614,4.04954e-08,26.285,Saliva
6,P22_Saliva,2.02616,0.746363,2.6303e-06,171.673,Saliva
7,P22_Saliva,2.18934,0.295519,4.44766e-08,1545.21,Saliva
8,P22_Saliva,16.912,0.833782,1.1916e-07,816.2,Saliva
9,P22_Saliva,2.34136,0.625719,4.82047e-08,25.3422,Saliva
10,P22_Saliva,5.23647,0.765884,3.057e-07,12010.1,Saliva
1,P23_Saliva,2.66846,0.822202,2.83642e-07,684.245,Saliva
2,P23_Saliva,2.50619,0.471069,1.71594e-07,26.9246,Saliva
3,P23_Saliva,4.68889,0.496198,3.83063e-07,0.220692,Saliva
4,P23_Saliva,5.45322,0.762795,4.6795e-07,2335.58,Saliva
5,P23_Saliva,2.79665,1.12124,2.21823e-07,193.456,Saliva
6,P23_Saliva,3.09325,1.12581,3.29635e-07,41.5551,Saliva
7,P23_Saliva,2.75438,1.33344,8.68401e-08,3519.79,Saliva
8,P23_Saliva,5.22707,0.305532,7.00995e-07,6.03613,Saliva
9,P23_Saliva,2.71985,1.07931,5.86191e-07,14631.4,Saliva
10,P23_Saliva,14.8358,0.876734,3.87434e-07,5889.35,Saliva
1,P24_Saliva,1.52183,0.87746,5.01725e-07,20.6377,Saliva
2,P24_Saliva,2.58017,2.32433,1.94185e-07,0.224345,Saliva
3,P24_Saliva,3.11766,1.13088,6.86872e-07,0.925903,Saliva
4,P24_Saliva,0.251061,1.58225,2.49984e-07,3.21105,Saliva
5,P24_Saliva,2.85698,0.505845,2.13368e-07,1.07816,Saliva
6,P24_Saliva,2.86299,0.507263,1.94925e-07,0.864954,Saliva
7,P24_Saliva,1.27502,1.11067,2.34817e-07,8.06295,Saliva
8,P24_Saliva,1.34941,1.07073,6.58975e-07,286.39,Saliva
9,P24_Saliva,1.38543,1.49688,2.11897e-07,0.0559571,Saliva
10,P24_Saliva,1.03746,0.713668,4.59036e-07,0.480501,Saliva
1,P25_Saliva,2.40446,0.569954,1.30438e-07,185.078,Saliva
2,P25_Saliva,4.06469,1.58324,7.15117e-09,22.6081,Saliva
3,P25_Saliva,3.7956,1.02989,2.21058e-08,476.08,Saliva
4,P25_Saliva,5.02337,0.665737,1.30854e-07,0.397107,Saliva
5,P25_Saliva,3.46008,0.615642,3.88932e-07,1.6908,Saliva
6,P25_Saliva,15.8129,0.582796,1.32122e-07,40591.8,Saliva
7,P25_Saliva,5.43283,0.990759,1.1474e-07,0.0267321,Saliva
8,P25_Saliva,4.05256,0.861466,1.21599e-08,56675.2,Saliva
9,P25_Saliva,3.3245,0.553013,7.64544e-08,16536.9,Saliva
10,P25_Saliva,4.18004,0.890988,8.61773e-09,3673.49,Saliva
1,P26_Saliva,2.59391,1.0212,4.63633e-07,0.11331,Saliva
2,P26_Saliva,0.857302,0.638327,2.12209e-07,431.194,Saliva
3,P26_Saliva,1.72751,2.27482,1.20176e-07,0.00775137,Saliva
4,P26_Saliva,1.2869,0.604096,8.63238e-06,86.4109,Saliva
5,P26_Saliva,1.93166,1.27375,1.99195e-08,0.344284,Saliva
6,P26_Saliva,1.12014,0.756353,1.79665e-06,17.6848,Saliva
7,P26_Saliva,3.22109,1.21168,7.08071e-07,0.437865,Saliva
8,P26_Saliva,1.64806,0.245671,2.07278e-07,0.00769385,Saliva
9,P26_Saliva,0.314485,2.03492,4.8679e-08,54.2881,Saliva
10,P26_Saliva,0.825572,0.915312,1.33919e-07,16.9885,Saliva
1,P27_Saliva,4.27007,1.1359,9.13188e-07,179.175,Saliva
2,P27_Saliva,3.54714,0.587137,6.42538e-08,358.283,Saliva
3,P27_Saliva,3.75775,0.544692,4.90393e-08,12116,Saliva
4,P27_Saliva,8.09757,0.385597,5.18189e-08,4.40262,Saliva
5,P27_Saliva,12.2666,1.14023,1.90045e-08,153165,Saliva
6,P27_Saliva,5.47419,0.760184,1.02646e-07,54.6748,Saliva
7,P27_Saliva,5.53039,0.459989,3.42706e-07,0.00016955,Saliva
8,P27_Saliva,2.73106,0.560066,2.37808e-07,610.032,Saliva
9,P27_Saliva,3.45267,0.93706,1.0026e-07,1291.87,Saliva
10,P27_Saliva,6.22751,1.1329,1.2804e-07,0.0261237,Saliva
1,P28_Saliva,2.70367,0.346008,2.00375e-07,3.98673,Saliva
2,P28_Saliva,3.16426,0.878168,8.57329e-08,6.71587,Saliva
3,P28_Saliva,5.88051,3.42928,1.16024e-07,2.8347,Saliva
4,P28_Saliva,1.33173,0.520016,1.40571e-07,436.95,Saliva
5,P28_Saliva,2.81163,1.05292,1.52305e-07,3.48533,Saliva
6,P28_Saliva,4.34982,1.28146,5.17793e-07,4.25069,Saliva
7,P28_Saliva,1.55553,0.328345,3.93853e-07,1.49958,Saliva
8,P28_Saliva,2.54371,1.00682,1.48192e-07,1.24259e+07,Saliva
9,P28_Saliva,3.93544,1.05903,1.4953e-07,6.34642,Saliva
10,P28_Saliva,11.4737,0.966281,2.55084e-07,197.551,Saliva
1,P29_Saliva,2.62344,0.45364,4.3487e-07,672.41,Saliva
2,P29_Saliva,1.92221,0.895012,2.38247e-07,495.511,Saliva
3,P29_Saliva,2.5924,0.953334,2.9416e-06,17713,Saliva
4,P29_Saliva,5.25994,1.21115,4.30675e-08,0.686773,Saliva
5,P29_Saliva,2.31175,1.40581,1.81573e-08,1498.57,Saliva
6,P29_Saliva,4.38733,1.4781,6.32531e-08,2386,Saliva
7,P29_Saliva,2.39099,1.06274,2.96249e-07,7046.74,Saliva
8,P29_Saliva,21.2556,0.85355,7.44136e-07,2.93527,Saliva
9,P29_Saliva,11.3842,0.809065,1.88745e-07,2.17184,Saliva
10,P29_Saliva,8.77971,0.693239,3.55577e-07,3277.46,Saliva
1,P30_Saliva,1.10671,0.579086,1.3765e-07,0.0262275,Saliva
2,P30_Saliva,5.49483,1.18366,7.19252e-07,691.767,Saliva
3,P30_Saliva,1.69701,2.03493,1.73018e-06,36.2835,Saliva
4,P30_Saliva,0.819285,0.86575,5.98857e-07,25.5449,Saliva
5,P30_Saliva,1.05811,1.01077,6.46715e-07,0.376997,Saliva
6,P30_Saliva,2.37034,1.54702,1.74189e-07,3.0976,Saliva
7,P30_Saliva,1.16105,1.56481,9.59745e-09,240.484,Saliva
8,P30_Saliva,4.04684,3.92054,3.34189e-08,8.18102,Saliva
9,P30_Saliva,5.89861,1.57532,1.46553e-06,761037,Saliva
10,P30_Saliva,1.54108,1.45354,1.01698e-06,4.64994,Saliva
1,P31_Saliva,2.60824,0.270209,5.94167e-07,1.70871,Saliva
2,P31_Saliva,2.20138,0.499582,1.27911e-06,1.14756,Saliva
3,P31_Saliva,2.4281,0.899934,5.28749e-07,0.0112079,Saliva
4,P31_Saliva,0.869368,1.07572,5.97535e-07,47.5427,Saliva
5,P31_Saliva,1.02891,2.95867,2.91632e-06,1.30139,Saliva
6,P31_Saliva,5.69984,0.927499,7.52488e-08,13.7892,Saliva
7,P31_Saliva,0.37553,1.57181,2.75464e-07,39.3646,Saliva
8,P31_Saliva,0.865368,0.705051,2.62245e-07,54.2949,Saliva
9,P31_Saliva,1.79785,2.71911,5.34933e-07,295.188,Saliva
10,P31_Saliva,3.71099,0.451237,7.0626e-08,0.0939635,Saliva
1,P32_Saliva,8.22724,0.625324,8.90251e-08,30.4354,Saliva
2,P32_Saliva,3.13985,0.433199,9.66486e-08,537.56,Saliva
3,P32_Saliva,5.58988,1.07849,6.37265e-08,0.0832232,Saliva
4,P32_Saliva,9.00384,0.635777,1.73249e-07,50.8396,Saliva
5,P32_Saliva,3.9863,0.855144,2.76726e-08,1.24172,Saliva
6,P32_Saliva,4.4122,0.750343,2.59896e-07,50.6861,Saliva
7,P32_Saliva,4.01974,0.536779,1.42957e-07,1092.53,Saliva
8,P32_Saliva,5.84626,0.390832,5.17046e-08,0.910115,Saliva
9,P32_Saliva,3.36351,0.49159,7.01325e-08,10.1538,Saliva
10,P32_Saliva,5.40974,0.719478,5.70154e-08,11.8843,Saliva
1,P33_Saliva,4.151,0.800456,1.10006e-07,11063.5,Saliva
2,P33_Saliva,8.36598,0.918455,1.27734e-07,0.00149217,Saliva
3,P33_Saliva,6.91249,2.92222,6.65497e-08,0.00757246,Saliva
4,P33_Saliva,9.8313,1.17782,3.43834e-08,13.8766,Saliva
5,P33_Saliva,22.0472,1.50527,3.07482e-08,26.2077,Saliva
6,P33_Saliva,4.54326,0.692258,6.0711e-07,54.421,Saliva
7,P33_Saliva,5.00591,1.10491,3.55912e-07,0.00562684,Saliva
8,P33_Saliva,6.8012,1.3213,9.06791e-08,1815.41,Saliva
9,P33_Saliva,6.39341,1.03853,1.72435e-07,11.8773,Saliva
10,P33_Saliva,9.99393,0.906102,8.66846e-07,91.2306,Saliva
1,P34_Saliva,0.441793,0.904616,6.9631e-07,83448.5,Saliva
2,P34_Saliva,2.43301,0.882469,2.31444e-07,0.908773,Saliva
3,P34_Saliva,3.57724,0.988983,2.25215e-07,28.4371,Saliva
4,P34_Saliva,0.71298,0.784182,1.21437e-06,799.209,Saliva
5,P34_Saliva,0.856571,0.857311,1.16026e-07,7.59732e+06,Saliva
6,P34_Saliva,4.38981,1.14367,6.0144e-08,350915,Saliva
7,P34_Saliva,7.88101,1.29547,5.30695e-08,48.5321,Saliva
8,P34_Saliva,3.07777,1.25527,2.51084e-07,288984,Saliva
9,P34_Saliva,4.40055,1.70591,3.74058e-08,2.20553,Saliva
10,P34_Saliva,3.3065,0.871584,1.3924e-08,1.95789e+07,Saliva
1,P35_Saliva,1.60359,0.391693,3.12556e-07,0.201133,Saliva
2,P35_Saliva,2.42805,0.481906,7.403e-08,0.00621592,Saliva
3,P35_Saliva,1.67139,0.576305,8.59037e-09,367.637,Saliva
4,P35_Saliva,3.47509,1.88911,1.28434e-07,0.0103809,Saliva
5,P35_Saliva,1.45818,0.962696,1.32265e-07,70.5654,Saliva
6,P35_Saliva,1.57791,0.523249,1.04602e-07,5.05632,Saliva
7,P35_Saliva,3.29743,0.418726,6.80923e-08,0.051445,Saliva
8,P35_Saliva,1.15746,0.724853,8.87058e-08,1132.38,Saliva
9,P35_Saliva,2.32061,1.21406,4.74453e-07,0.499652,Saliva
10,P35_Saliva,1.47932,0.77114,4.28152e-08,32.5091,Saliva
1,P36_Saliva,2.72066,1.42563,7.76567e-08,1719.15,Saliva
2,P36_Saliva,5.10684,0.393449,1.04584e-06,2993.47,Saliva
3,P36_Saliva,34.6364,0.695926,1.29176e-07,232.551,Saliva
4,P36_Saliva,1.55018,1.08578,7.32031e-08,726.411,Saliva
5,P36_Saliva,1.12277,1.04777,5.22501e-08,98.6305,Saliva
6,P36_Saliva,2.52091,0.582814,3.47185e-08,28.4292,Saliva
7,P36_Saliva,3.79919,0.975547,3.61928e-07,433.604,Saliva
8,P36_Saliva,3.73404,0.55694,1.87416e-07,95.7771,Saliva
9,P36_Saliva,3.79052,1.0755,1.36502e-07,109268,Saliva
10,P36_Saliva,1.73834,0.470045,9.18159e-08,14.9204,Saliva
1,P37_Saliva,1.37208,0.664822,4.66114e-07,185831,Saliva
2,P37_Saliva,22.5529,0.654903,8.97313e-08,74508.6,Saliva
3,P37_Saliva,4.69179,0.180471,1.86748e-06,21091.4,Saliva
4,P37_Saliva,7.53358,1.36148,5.68775e-08,0.0532714,Saliva
5,P37_Saliva,0.917122,1.02355,7.36577e-07,144761,Saliva
6,P37_Saliva,10.8903,1.52806,1.68032e-06,3.0857,Saliva
7,P37_Saliva,1.89642,1.01807,9.51963e-07,1531.14,Saliva
8,P37_Saliva,8.38063,0.80295,8.36382e-08,212.136,Saliva
9,P37_Saliva,4.94125,0.996543,2.38332e-07,5898.45,Saliva
10,P37_Saliva,7.0167,0.623038,2.29051e-07,0.589855,Saliva
1,P38_Saliva,3.67286,1.01012,1.45894e-06,645160,Saliva
2,P38_Saliva,0.405081,0.614673,3.40641e-07,13821.8,Saliva
3,P38_Saliva,1.96832,1.29683,1.22021e-07,2679.86,Saliva
4,P38_Saliva,8.17796,2.82691,9.00575e-08,83494.2,Saliva
5,P38_Saliva,1.1451,2.0109,8.62127e-07,17425.4,Saliva
6,P38_Saliva,0.310022,0.950071,2.23379e-06,9446.51,Saliva
7,P38_Saliva,7.52366,2.98084,5.17202e-07,12.3627,Saliva
8,P38_Saliva,3.92689,0.632215,4.57208e-07,1.59183e+06,Saliva
9,P38_Saliva,1.37286,0.994999,1.39432e-07,7973.88,Saliva
10,P38_Saliva,0.629525,0.732823,4.42151e-07,26357.9,Saliva
1,P39_Saliva,4.01253,0.547479,3.0633e-07,5572.44,Saliva
2,P39_Saliva,4.77156,1.77841,4.28513e-08,0.576895,Saliva
3,P39_Saliva,3.03537,0.763685,4.69518e-07,181.817,Saliva
4,P39_Saliva,4.78432,0.905405,1.01626e-06,8.8328,Saliva
5,P39_Saliva,6.77152,0.806337,5.44221e-07,103.91,Saliva
6,P39_Saliva,6.32813,0.740957,1.31834e-06,695.941,Saliva
7,P39_Saliva,3.71358,0.502686,4.76274e-07,1.96633,Saliva
8,P39_Saliva,4.03563,0.896169,1.44797e-07,0.185368,Saliva
9,P39_Saliva,17.8806,0.3571,1.87064e-06,0.472559,Saliva
10,P39_Saliva,6.34236,0.589175,4.31716e-07,1.33575,Saliva
1,P40_Saliva,1.02642,2.42714,3.58471e-08,17687,Saliva
2,P40_Saliva,2.74371,1.13214,2.00178e-06,1.95451e+06,Saliva
3,P40_Saliva,1.0707,0.388186,3.74826e-07,106.528,Saliva
4,P40_Saliva,1.35765,0.735555,9.91139e-08,0.159934,Saliva
5,P40_Saliva,0.500754,1.13356,1.71076e-07,1644.93,Saliva
6,P40_Saliva,0.998971,0.576704,7.40065e-07,0.690501,Saliva
7,P40_Saliva,0.759655,0.255787,1.41672e-06,9.34068,Saliva
8,P40_Saliva,1.72674,1.32617,4.5974e-07,2.56203,Saliva
9,P40_Saliva,0.614582,0.525082,1.01319e-06,4.95762,Saliva
10,P40_Saliva,3.32203,3.38564,9.33461e-07,2.18048,Saliva
1,P41_Saliva,7.55402,0.499256,7.52731e-08,147.455,Saliva
2,P41_Saliva,3.12853,0.427603,2.13289e-08,35.9496,Saliva
3,P41_Saliva,2.40837,0.792386,6.95398e-08,8.41702,Saliva
4,P41_Saliva,1.71584,0.392158,1.42004e-07,278.416,Saliva
5,P41_Saliva,1.23559,0.503081,5.97449e-07,2.50251e+08,Saliva
6,P41_Saliva,5.7404,0.457609,4.01154e-08,30225.9,Saliva
7,P41_Saliva,3.11343,0.325631,9.89862e-08,19.448,Saliva
8,P41_Saliva,2.27914,0.758051,2.84319e-08,205.128,Saliva
9,P41_Saliva,2.18156,0.689624,6.6865e-08,437.092,Saliva
10,P41_Saliva,3.96928,0.50238,4.33978e-08,2.3894,Saliva
1,P42_Saliva,7.30879,0.589036,3.65988e-07,14701.2,Saliva
2,P42_Saliva,10.6284,0.560079,2.412e-07,1141.54,Saliva
3,P42_Saliva,2.65171,1.19073,3.15413e-08,995.292,Saliva
4,P42_Saliva,5.08349,0.595151,8.37867e-08,759.83,Saliva
5,P42_Saliva,3.45452,1.14566,1.8336e-07,24.6343,Saliva
6,P42_Saliva,2.7074,0.661263,7.19413e-07,0.0639264,Saliva
7,P42_Saliva,2.48193,0.316387,1.06173e-06,72966.9,Saliva
8,P42_Saliva,2.22927,0.627158,4.40568e-08,6.21691e+06,Saliva
9,P42_Saliva,2.45533,0.833649,2.05661e-07,1.63346,Saliva
10,P42_Saliva,2.24634,0.461718,5.43335e-07,122.275,Saliva
1,P43_Saliva,4.88068,1.36771,5.62342e-07,1.22679e+07,Saliva
2,P43_Saliva,2.39651,1.20359,1.92844e-07,325767,Saliva
3,P43_Saliva,12.4156,1.45519,1.95361e-07,1540.3,Saliva
4,P43_Saliva,4.98572,1.15937,2.60645e-07,77.0597,Saliva
5,P43_Saliva,8.39003,0.76474,1.19256e-06,22772,Saliva
6,P43_Saliva,29.8266,1.64563,2.77063e-07,0.0385781,Saliva
7,P43_Saliva,3.63911,0.994451,7.82308e-07,3232.69,Saliva
8,P43_Saliva,3.70357,0.738485,2.96091e-07,116.414,Saliva
9,P43_Saliva,0.825587,0.731908,3.99486e-07,12878.7,Saliva
10,P43_Saliva,1.96692,0.937587,1.39978e-06,2793.01,Saliva
1,P44_Saliva,0.709069,0.520416,4.31675e-07,7.62631,Saliva
2,P44_Saliva,0.298651,0.794711,4.73469e-08,17711.9,Saliva
3,P44_Saliva,0.922502,2.16001,1.57641e-06,19.1524,Saliva
4,P44_Saliva,2.22332,2.30048,1.65741e-07,0.685694,Saliva
5,P44_Saliva,0.44587,0.626496,4.2346e-08,69.8492,Saliva
6,P44_Saliva,1.79112,1.33223,2.23707e-06,0.075625,Saliva
7,P44_Saliva,2.73495,1.29018,6.76363e-08,0.0117318,Saliva
8,P44_Saliva,1.31116,1.49231,8.58767e-08,35218.8,Saliva
9,P44_Saliva,1.40361,2.43646,1.50563e-07,76.51,Saliva
10,P44_Saliva,9.27396,1.56362,1.36655e-08,268.341,Saliva
1,P45_Saliva,5.03816,0.786156,9.2042e-08,70429.8,Saliva
2,P45_Saliva,1.40099,0.612396,6.31649e-08,2.7028,Saliva
3,P45_Saliva,1.78966,0.669662,4.49989e-08,714.919,Saliva
4,P45_Saliva,2.0166,0.578524,5.77323e-07,0.671567,Saliva
5,P45_Saliva,2.44848,2.05517,5.96482e-07,87.4247,Saliva
6,P45_Saliva,0.977737,0.926421,9.21968e-07,3934.3,Saliva
7,P45_Saliva,2.16864,1.41935,1.57408e-07,296.623,Saliva
8,P45_Saliva,1.67293,1.08305,4.99467e-07,97.2397,Saliva
9,P45_Saliva,3.35564,1.01182,7.37069e-07,143.794,Saliva
10,P45_Saliva,3.62729,1.81415,1.0272e-06,4.73429,Saliva
1,P46_Saliva,5.09134,0.647659,1.49231e-07,63.7603,Saliva
2,P46_Saliva,5.44286,0.919405,3.3728e-07,65.354,Saliva
3,P46_Saliva,3.57274,0.486861,6.40064e-07,4.3753,Saliva
4,P46_Saliva,10.3587,1.15174,5.78018e-08,0.0827073,Saliva
5,P46_Saliva,6.60718,2.08259,2.29006e-08,217.414,Saliva
6,P46_Saliva,5.9576,1.15846,5.88713e-08,0.136136,Saliva
7,P46_Saliva,5.27878,0.962181,1.5955e-07,158.998,Saliva
8,P46_Saliva,5.43763,0.569218,1.52265e-06,0.000219695,Saliva
9,P46_Saliva,6.1782,0.631421,9.33095e-08,1.1824e+07,Saliva
10,P46_Saliva,3.24237,0.676967,2.27953e-07,6594.41,Saliva
1,P47_Saliva,1.42581,0.939797,9.58905e-07,196413,Saliva
2,P47_Saliva,10.4052,0.640495,6.33556e-07,338.505,Saliva
3,P47_Saliva,1.03434,1.65215,1.59595e-08,31071.4,Saliva
4,P47_Saliva,1.96953,1.66311,3.22359e-07,116918,Saliva
5,P47_Saliva,0.654758,1.01614,8.03991e-07,99760.4,Saliva
6,P47_Saliva,2.38722,0.611824,8.64096e-07,4.69198e+06,Saliva
7,P47_Saliva,29.6164,0.735439,3.66652e-06,24.4044,Saliva
8,P47_Saliva,2.33468,1.15733,2.1796e-06,4958.72,Saliva
9,P47_Saliva,2.17166,1.17292,5.17337e-07,49538.5,Saliva
10,P47_Saliva,1.63027,0.901963,4.61916e-07,533296,Saliva
1,P48_Saliva,3.57247,1.41343,5.766e-08,6096.5,Saliva
2,P48_Saliva,6.91163,0.765119,5.53925e-08,69.3322,Saliva
3,P48_Saliva,3.86204,0.769289,5.31099e-08,127656,Saliva
4,P48_Saliva,1.99186,0.530476,2.68352e-07,10.5925,Saliva
5,P48_Saliva,5.28277,0.523129,7.06917e-08,3388.8,Saliva
6,P48_Saliva,3.68759,0.509149,4.87686e-07,0.426402,Saliva
7,P48_Saliva,6.32429,0.761548,4.0343e-08,122.284,Saliva
8,P48_Saliva,3.29099,0.590184,1.9324e-07,3503.62,Saliva
9,P48_Saliva,3.21962,0.695587,6.62615e-07,0.896064,Saliva
10,P48_Saliva,4.06117,0.492661,1.1002e-07,137707,Saliva
1,P49_Saliva,4.02696,1.48778,9.23452e-08,35.5019,Saliva
2,P49_Saliva,1.56902,0.521139,3.04336e-08,101.479,Saliva
3,P49_Saliva,2.647,0.889027,8.57801e-08,29.8639,Saliva
4,P49_Saliva,2.22781,0.968728,3.17867e-06,3.80176,Saliva
5,P49_Saliva,4.05447,1.64839,1.39456e-08,698.964,Saliva
6,P49_Saliva,5.66776,0.859733,2.1462e-07,5199.04,Saliva
7,P49_Saliva,3.4664,0.671269,4.6308e-07,0.0765457,Saliva
8,P49_Saliva,1.01004,0.374634,5.96622e-07,3679.72,Saliva
9,P49_Saliva,5.0581,2.00222,1.01941e-07,60.56,Saliva
10,P49_Saliva,5.85674,0.994269,2.26773e-07,2670.27,Saliva
1,P50_Saliva,2.36571,0.851122,6.54217e-07,21826.4,Saliva
2,P50_Saliva,2.69891,1.02383,4.29004e-07,214033,Saliva
3,P50_Saliva,3.13621,1.07072,6.78865e-08,18247.2,Saliva
4,P50_Saliva,1.05001,0.372863,1.98464e-07,10201.1,Saliva
5,P50_Saliva,17.4831,0.596476,1.43432e-06,37445.9,Saliva
6,P50_Saliva,3.67165,1.48343,1.19723e-07,17.5053,Saliva
7,P50_Saliva,5.27404,0.321622,1.89682e-07,21.9549,Saliva
8,P50_Saliva,5.88226,0.772582,9.07989e-07,136.497,Saliva
9,P50_Saliva,0.715296,0.400791,4.27437e-08,1.18252e+07,Saliva
10,P50_Saliva,1.12525,0.613754,9.44077e-07,10985,Saliva
1,P51_Saliva,3.74451,0.635011,3.8392e-08,0.0476055,Saliva
2,P51_Saliva,0.851923,0.756694,4.79383e-08,1.1258e+06,Saliva
3,P51_Saliva,4.77963,0.302924,4.57051e-07,1.59762,Saliva
4,P51_Saliva,4.77113,0.772806,1.24003e-07,0.124525,Saliva
5,P51_Saliva,3.56956,0.730847,9.32067e-08,45.3951,Saliva
6,P51_Saliva,12.3145,0.230595,7.00504e-08,373616,Saliva
7,P51_Saliva,3.43159,0.899429,1.21593e-07,17.8464,Saliva
8,P51_Saliva,3.25235,0.66223,9.78882e-08,0.0840378,Saliva
9,P51_Saliva,1.46648,0.413586,8.65713e-08,462666,Saliva
10,P51_Saliva,11.1944,0.544378,4.66437e-08,62.6483,Saliva
1,P53_Saliva,2.62229,0.745294,1.30141e-06,155.172,Saliva
2,P53_Saliva,2.21093,0.721662,3.57187e-07,1953.39,Saliva
3,P53_Saliva,3.30449,0.510774,3.44835e-07,28620.6,Saliva
4,P53_Saliva,19.9406,0.949715,2.19403e-07,1187.35,Saliva
5,P53_Saliva,3.27886,0.499614,1.13403e-07,1429.67,Saliva
6,P53_Saliva,3.67109,1.91935,1.40385e-07,4992.23,Saliva
7,P53_Saliva,3.62507,0.322793,1.28619e-06,1411.34,Saliva
8,P53_Saliva,2.53925,0.813152,1.29612e-07,118302,Saliva
9,P53_Saliva,4.7359,0.516471,1.71513e-07,35149,Saliva
10,P53_Saliva,5.9043,0.49636,3.51597e-07,0.0019747,Saliva
1,P54_Saliva,1.62104,1.29102,1.40659e-07,4.57927e+06,Saliva
2,P54_Saliva,4.49024,1.91728,1.86933e-07,8643.89,Saliva
3,P54_Saliva,1.05766,0.588045,1.1373e-07,170.821,Saliva
4,P54_Saliva,2.71316,0.77871,2.02622e-07,0.107929,Saliva
5,P54_Saliva,13.6388,1.12068,1.75298e-06,211.47,Saliva
6,P54_Saliva,9.17358,3.01306,5.35836e-08,165.025,Saliva
7,P54_Saliva,3.96314,1.67079,8.3335e-08,303404,Saliva
8,P54_Saliva,3.51486,0.817991,1.86271e-08,0.000378382,Saliva
9,P54_Saliva,5.12643,1.14328,5.62078e-06,0.848194,Saliva
10,P54_Saliva,3.19038,1.12153,2.53886e-07,0.034631,Saliva
1,P55_Saliva,0.650348,0.617726,9.21227e-07,165.32,Saliva
2,P55_Saliva,32.5664,1.85161,1.28711e-07,10.8708,Saliva
3,P55_Saliva,16.1424,1.41487,1.05833e-06,16132,Saliva
4,P55_Saliva,9.88279,2.14814,1.22156e-07,165.018,Saliva
5,P55_Saliva,8.57075,2.47764,2.82707e-07,14031.4,Saliva
6,P55_Saliva,19.8829,1.90448,9.39175e-08,1861.66,Saliva
7,P55_Saliva,5.64181,1.71566,1.26165e-06,254715,Saliva
8,P55_Saliva,11.3143,1.42601,3.44096e-06,41.1022,Saliva
9,P55_Saliva,8.08915,2.21509,1.78442e-07,3767.39,Saliva
10,P55_Saliva,0.82316,1.13672,9.3597e-07,38236.1,Saliva
1,P56_Saliva,4.4599,1.18101,3.60981e-07,1283.2,Saliva
2,P56_Saliva,3.99616,0.630276,3.26884e-08,0.00406885,Saliva
3,P56_Saliva,7.74463,0.311971,1.22566e-06,0.000305304,Saliva
4,P56_Saliva,7.46329,0.341082,7.98371e-07,35.3185,Saliva
5,P56_Saliva,4.15262,0.504156,2.93465e-07,80979.3,Saliva
6,P56_Saliva,2.36279,0.673171,6.85244e-08,31.3438,Saliva
7,P56_Saliva,9.03551,0.597431,7.51574e-08,12.3765,Saliva
8,P56_Saliva,3.8826,0.764508,5.82046e-08,102.927,Saliva
9,P56_Saliva,4.1515,0.900103,4.85785e-07,6482.41,Saliva
10,P56_Saliva,3.91428,1.81402,2.13202e-08,285.804,Saliva
1,P57_Saliva,1.05717,1.61968,2.05353e-06,52.9087,Saliva
2,P57_Saliva,0.877276,0.894134,1.39791e-06,26.7019,Saliva
3,P57_Saliva,0.801778,0.416417,4.22987e-08,3479.24,Saliva
4,P57_Saliva,1.25791,1.08334,1.01796e-06,20.8867,Saliva
5,P57_Saliva,1.75555,0.975708,2.03421e-06,0.00411106,Saliva
6,P57_Saliva,0.563404,0.964188,8.23701e-08,3.69561,Saliva
7,P57_Saliva,1.31418,0.880918,1.20548e-07,6095,Saliva
8,P57_Saliva,1.19557,1.10417,1.1193e-07,0.00587209,Saliva
9,P57_Saliva,0.639896,1.99909,8.05771e-08,37.5631,Saliva
10,P57_Saliva,1.03317,0.479338,8.77102e-08,7306.69,Saliva
1,P58_Saliva,1.04644,0.66654,1.34503e-08,54268.5,Saliva
2,P58_Saliva,8.56959,0.489468,8.72347e-08,6.20698,Saliva
3,P58_Saliva,2.88916,0.899747,8.68783e-08,123.376,Saliva
4,P58_Saliva,3.98976,2.13427,7.42372e-08,139409,Saliva
5,P58_Saliva,3.0277,1.2956,7.20702e-08,33761.9,Saliva
6,P58_Saliva,20.6862,0.856569,2.5368e-08,66600.3,Saliva
7,P58_Saliva,1.29038,0.637275,6.47373e-07,8226.35,Saliva
8,P58_Saliva,5.76772,1.64526,7.37786e-07,0.000891501,Saliva
9,P58_Saliva,1.55442,0.762134,9.1912e-07,6222.3,Saliva
10,P58_Saliva,3.09074,1.61611,4.01243e-07,80.3832,Saliva
1,P59_Saliva,2.62693,1.05755,1.13576e-07,219.62,Saliva
2,P59_Saliva,2.95104,0.565562,4.17321e-08,11.3456,Saliva
3,P59_Saliva,11.1232,0.8487,9.75706e-07,17325.7,Saliva
4,P59_Saliva,5.26847,0.603363,1.94035e-07,269.924,Saliva
5,P59_Saliva,4.34555,1.1632,4.35341e-07,6.9653,Saliva
6,P59_Saliva,5.69743,1.09658,9.55415e-08,1.72899e+06,Saliva
7,P59_Saliva,2.91794,1.41812,2.34883e-07,73.6114,Saliva
8,P59_Saliva,3.06061,0.514212,1.91474e-07,6.92855,Saliva
9,P59_Saliva,2.78695,0.714215,3.90981e-07,1158.39,Saliva
10,P59_Saliva,4.10362,0.439171,2.5328e-08,68.2104,Saliva
1,P60_Saliva,8.35749,1.18488,2.43487e-07,134.459,Saliva
2,P60_Saliva,0.799785,1.18451,3.11083e-07,4.38469,Saliva
3,P60_Saliva,0.957522,2.21403,2.96382e-07,59.7948,Saliva
4,P60_Saliva,0.618498,0.550809,1.21714e-06,9.80278,Saliva
5,P60_Saliva,20.3842,1.29619,8.22658e-07,19.411,Saliva
6,P60_Saliva,10.7513,1.7295,8.20165e-08,526443,Saliva
7,P60_Saliva,14.9879,2.20977,7.56939e-07,16201,Saliva
8,P60_Saliva,6.97382,1.00126,1.83473e-07,29.7786,Saliva
9,P60_Saliva,9.73979,0.955194,9.23317e-07,2.66613e+06,Saliva
10,P60_Saliva,4.06054,1.47862,4.11013e-06,538.7,Saliva
1,P61_Saliva,0.90953,1.18755,3.08927e-08,7586.34,Saliva
2,P61_Saliva,1.02156,0.675482,3.26641e-07,0.220873,Saliva
3,P61_Saliva,1.31399,0.631698,5.825e-07,0.646089,Saliva
4,P61_Saliva,1.0492,1.52404,7.81796e-07,5015.89,Saliva
5,P61_Saliva,1.26671,0.882503,2.16594e-06,752083,Saliva
6,P61_Saliva,2.13319,1.83451,7.97121e-08,20.4922,Saliva
7,P61_Saliva,9.34137,1.22073,8.44153e-07,0.102392,Saliva
8,P61_Saliva,1.6952,1.84043,3.20437e-08,202.459,Saliva
9,P61_Saliva,1.43366,0.581415,1.49406e-07,0.0438786,Saliva
10,P61_Saliva,1.21952,0.74169,4.22612e-08,2.92532,Saliva
1,P62_Saliva,4.22394,1.85844,8.70703e-08,680.567,Saliva
2,P62_Saliva,8.73647,1.55124,8.4496e-08,0.204582,Saliva
3,P62_Saliva,4.845,1.37303,5.51792e-07,124.601,Saliva
4,P62_Saliva,5.04105,0.976792,3.25298e-08,430775,Saliva
5,P62_Saliva,4.90398,0.795392,4.12992e-07,201.735,Saliva
6,P62_Saliva,4.80449,1.25141,1.47415e-07,55.7643,Saliva
7,P62_Saliva,13.8641,1.12959,4.90416e-07,1.36743,Saliva
8,P62_Saliva,4.78835,0.684144,1.84485e-06,40.943,Saliva
9,P62_Saliva,4.46396,1.63773,5.59276e-07,36.7723,Saliva
10,P62_Saliva,4.63669,1.10068,2.65974e-06,1383.29,Saliva
1,P63_Saliva,7.21474,0.895483,6.27521e-07,553.088,Saliva
2,P63_Saliva,16.8637,1.01391,4.38032e-07,40.5764,Saliva
3,P63_Saliva,3.65985,1.29349,2.52003e-06,2587.27,Saliva
4,P63_Saliva,2.61515,0.667873,1.54002e-06,1114.41,Saliva
5,P63_Saliva,7.12543,1.55503,4.22785e-07,0.159075,Saliva
6,P63_Saliva,3.06995,0.591729,5.72359e-07,5716.61,Saliva
7,P63_Saliva,3.582,1.06884,1.12431e-06,202.2,Saliva
8,P63_Saliva,2.96242,1.56144,5.57612e-08,0.00970713,Saliva
9,P63_Saliva,7.8077,2.07761,3.39207e-08,1.02592,Saliva
10,P63_Saliva,6.40895,1.17019,6.46546e-08,109010,Saliva
1,P64_Saliva,3.19413,1.21127,1.27837e-07,13058.1,Saliva
2,P64_Saliva,4.45988,0.231448,1.293e-07,56151.8,Saliva
3,P64_Saliva,3.07351,0.714052,8.68731e-07,5244.05,Saliva
4,P64_Saliva,6.01084,0.842868,3.03212e-07,48.6115,Saliva
5,P64_Saliva,1.50983,0.62703,1.0858e-07,0.4939,Saliva
6,P64_Saliva,3.46232,1.48833,1.23872e-08,3931.01,Saliva
7,P64_Saliva,2.45309,1.86431,3.95575e-07,1.71497,Saliva
8,P64_Saliva,3.42065,0.959281,1.0149e-07,130.127,Saliva
9,P64_Saliva,5.73631,0.812524,1.58531e-07,9474.13,Saliva
10,P64_Saliva,1.27976,0.769844,3.05482e-08,11.3032,Saliva
1,P65_Saliva,11.2512,0.381881,3.71804e-07,3.3566,Saliva
2,P65_Saliva,4.56631,0.561986,6.92081e-07,1.6723,Saliva
3,P65_Saliva,2.76162,0.991856,6.59017e-08,1782.19,Saliva
4,P65_Saliva,2.62072,0.696246,2.58767e-07,72.8906,Saliva
5,P65_Saliva,5.19904,1.04145,1.03588e-07,46.9656,Saliva
6,P65_Saliva,10.3635,0.514108,1.13772e-07,431.297,Saliva
7,P65_Saliva,1.58692,0.980324,7.45166e-07,3071.01,Saliva
8,P65_Saliva,2.78597,1.50136,2.47594e-07,1341.42,Saliva
9,P65_Saliva,2.39821,1.3737,1.63228e-07,2973.4,Saliva
10,P65_Saliva,2.19613,1.18335,3.18948e-07,1763.58,Saliva
1,P66_Saliva,1.45386,0.480081,9.57355e-07,0.00132822,Saliva
2,P66_Saliva,3.44481,2.07266,3.96701e-07,0.000186807,Saliva
3,P66_Saliva,6.39491,0.730126,3.84834e-07,8147.76,Saliva
4,P66_Saliva,1.23017,0.382056,5.37649e-07,2543.2,Saliva
5,P66_Saliva,1.66544,1.18694,5.65068e-07,58.5097,Saliva
6,P66_Saliva,10.6376,0.845134,1.30644e-07,4251.26,Saliva
7,P66_Saliva,2.39544,1.19506,3.43638e-07,0.0997819,Saliva
8,P66_Saliva,1.53625,0.45646,3.51218e-08,0.0131312,Saliva
9,P66_Saliva,1.38348,0.77738,3.24329e-08,0.319861,Saliva
10,P66_Saliva,1.38348,0.911586,1.34848e-07,1.96263,Saliva
1,P68_Saliva,1.13998,1.20079,1.86801e-07,3711.41,Saliva
2,P68_Saliva,1.43439,0.551589,2.76166e-07,141.802,Saliva
3,P68_Saliva,2.87774,1.34327,4.84393e-08,481248,Saliva
4,P68_Saliva,7.10461,0.617222,5.10709e-08,2.66992e-05,Saliva
5,P68_Saliva,8.31773,0.831097,2.22977e-07,262762,Saliva
6,P68_Saliva,11.6315,0.508535,1.39759e-07,8.21395e+08,Saliva
7,P68_Saliva,1.37735,0.588601,2.40979e-07,65.3132,Saliva
8,P68_Saliva,2.58455,1.29653,6.88186e-08,119.885,Saliva
9,P68_Saliva,2.30632,1.10489,2.29708e-07,6.60358,Saliva
10,P68_Saliva,1.30671,0.468295,1.30946e-07,113.071,Saliva
1,P69_Saliva,4.53134,1.2025,1.89227e-07,0.0150534,Saliva
2,P69_Saliva,3.74402,1.11202,9.86025e-08,319.205,Saliva
3,P69_Saliva,2.81028,1.88291,1.88982e-07,27.028,Saliva
4,P69_Saliva,1.3289,0.680314,5.4794e-08,713999,Saliva
5,P69_Saliva,4.46299,0.727657,1.55003e-07,6.16642,Saliva
6,P69_Saliva,15.236,0.220827,1.605e-06,61136.8,Saliva
7,P69_Saliva,1.8869,0.527309,4.17606e-07,62298.7,Saliva
8,P69_Saliva,8.21811,0.473012,4.1654e-07,777643,Saliva
9,P69_Saliva,2.03602,0.590577,3.58254e-07,7.05643,Saliva
10,P69_Saliva,1.15665,0.84105,2.15386e-08,2489.95,Saliva
1,P70_Saliva,6.27296,0.768495,3.34258e-07,1.04143e+06,Saliva
2,P70_Saliva,1.97332,0.744466,1.42281e-06,15.4219,Saliva
3,P70_Saliva,33.4014,1.48583,4.53698e-07,44.5316,Saliva
4,P70_Saliva,0.383066,0.510282,2.44608e-07,78603,Saliva
5,P70_Saliva,2.08943,0.751907,1.00961e-07,1.39697,Saliva
6,P70_Saliva,2.55705,0.908588,3.69842e-07,2000.4,Saliva
7,P70_Saliva,3.23744,1.03364,2.52492e-08,1.69469e+06,Saliva
8,P70_Saliva,1.16661,0.736223,2.59763e-07,26.0277,Saliva
9,P70_Saliva,3.05432,0.701702,3.63867e-07,153.101,Saliva
10,P70_Saliva,1.82429,0.293573,2.80204e-07,0.174264,Saliva
1,P71_Saliva,4.90297,1.55945,1.38129e-07,3567.32,Saliva
2,P71_Saliva,12.3442,1.2852,9.1433e-07,0.261623,Saliva
3,P71_Saliva,0.443809,0.64386,1.40635e-07,15.2022,Saliva
4,P71_Saliva,0.455744,0.70903,4.75943e-08,2.218,Saliva
5,P71_Saliva,1.61719,2.01086,1.25502e-07,73.3681,Saliva
6,P71_Saliva,9.01683,5.49131,5.40096e-07,0.114261,Saliva
7,P71_Saliva,8.34161,1.29548,1.83098e-07,16148.9,Saliva
8,P71_Saliva,1.66907,1.60269,1.11905e-07,10.3984,Saliva
9,P71_Saliva,0.890584,0.709728,9.47244e-07,0.220405,Saliva
10,P71_Saliva,1.89456,3.64354,1.61612e-07,479.889,Saliva
1,P72_Saliva,3.16976,0.219119,1.05371e-07,0.746192,Saliva
2,P72_Saliva,1.12677,1.42477,4.18035e-07,0.0797304,Saliva
3,P72_Saliva,1.64947,1.36537,2.26546e-08,469.666,Saliva
4,P72_Saliva,3.93441,0.983734,9.50359e-08,5.899e-05,Saliva
5,P72_Saliva,1.83827,1.40947,1.51468e-06,0.00104088,Saliva
6,P72_Saliva,0.457985,0.245066,2.70621e-07,101.642,Saliva
7,P72_Saliva,2.83603,1.39675,2.89226e-08,0.830746,Saliva
8,P72_Saliva,2.14017,0.760445,3.25374e-06,9.37711,Saliva
9,P72_Saliva,2.95231,0.763945,7.77938e-07,0.392555,Saliva
10,P72_Saliva,1.12843,1.51434,2.04214e-07,8.48766,Saliva
1,P73_Saliva,2.69636,0.667261,6.45102e-08,1.51707,Saliva
2,P73_Saliva,2.65044,0.91396,4.397e-07,33.5969,Saliva
3,P73_Saliva,2.30927,0.725967,1.05127e-07,51.0649,Saliva
4,P73_Saliva,5.98601,0.298528,4.10269e-07,141.217,Saliva
5,P73_Saliva,2.10029,0.670268,4.87529e-08,165370,Saliva
6,P73_Saliva,1.6877,0.36571,1.41935e-07,1393.43,Saliva
7,P73_Saliva,1.87368,0.706381,1.68147e-07,572.828,Saliva
8,P73_Saliva,3.11713,0.583928,2.1586e-07,0.190183,Saliva
9,P73_Saliva,6.42485,0.391052,2.14048e-07,0.638615,Saliva
10,P73_Saliva,1.91697,1.44481,7.73223e-08,210662,Saliva
1,P74_Saliva,3.30943,0.904455,9.52625e-08,32.6149,Saliva
2,P74_Saliva,4.74844,0.607879,2.90044e-07,0.410411,Saliva
3,P74_Saliva,5.40777,0.732406,2.51843e-07,0.727594,Saliva
4,P74_Saliva,8.90256,0.618874,3.08142e-07,0.302185,Saliva
5,P74_Saliva,3.54638,1.1302,6.12604e-07,36.2248,Saliva
6,P74_Saliva,6.05207,0.896014,5.06891e-09,581.494,Saliva
7,P74_Saliva,3.35755,0.363797,6.03339e-07,0.989995,Saliva
8,P74_Saliva,2.8059,1.16984,1.17212e-07,112.693,Saliva
9,P74_Saliva,2.15977,1.43302,3.18339e-08,1849.67,Saliva
10,P74_Saliva,2.13765,0.648639,3.29216e-07,2092.02,Saliva
1,P75_Saliva,2.70137,0.651803,3.42062e-07,109.867,Saliva
2,P75_Saliva,6.41786,0.592014,8.97762e-07,9.16342,Saliva
3,P75_Saliva,5.12318,0.383719,1.85053e-07,0.0256708,Saliva
4,P75_Saliva,3.0332,0.729891,1.20793e-06,6.37604,Saliva
5,P75_Saliva,8.86802,0.813731,1.71027e-07,0.0131878,Saliva
6,P75_Saliva,0.864106,1.59375,1.61409e-07,11298.3,Saliva
7,P75_Saliva,5.13126,0.758704,5.50723e-07,1.94892,Saliva
8,P75_Saliva,2.06043,0.906528,2.35813e-07,8.90233,Saliva
9,P75_Saliva,2.38611,0.761576,1.8796e-07,0.984254,Saliva
10,P75_Saliva,1.29515,1.63228,2.12304e-07,24.996,Saliva
1,P76_Saliva,16.1765,1.20035,2.26942e-07,0.00979594,Saliva
2,P76_Saliva,4.50348,1.01558,4.16817e-07,13.0971,Saliva
3,P76_Saliva,3.29722,1.63776,2.53128e-07,24618.6,Saliva
4,P76_Saliva,3.31057,2.06271,3.63741e-08,1.04235e+06,Saliva
5,P76_Saliva,5.50018,1.19789,1.16064e-07,115.352,Saliva
6,P76_Saliva,7.22692,0.985815,1.10003e-07,382.176,Saliva
7,P76_Saliva,7.0047,1.13871,1.57582e-07,175547,Saliva
8,P76_Saliva,6.86349,1.0462,9.76405e-08,310.423,Saliva
9,P76_Saliva,3.79085,1.19542,3.81225e-07,10250.8,Saliva
10,P76_Saliva,27.1213,0.953822,4.26996e-07,148.753,Saliva
1,P77_Saliva,2.89849,0.544747,5.04377e-08,485.56,Saliva
2,P77_Saliva,14.5272,0.612823,5.11567e-07,7362.88,Saliva
3,P77_Saliva,2.03818,1.48635,3.12612e-07,5016.43,Saliva
4,P77_Saliva,3.22246,0.742853,1.41499e-07,39092,Saliva
5,P77_Saliva,2.32243,0.445518,6.14723e-08,97.288,Saliva
6,P77_Saliva,6.16317,0.404222,1.61641e-07,0.0765293,Saliva
7,P77_Saliva,2.27944,0.842315,1.10656e-07,2155.98,Saliva
8,P77_Saliva,8.67439,0.965282,3.02877e-07,249.702,Saliva
9,P77_Saliva,50.3054,0.405693,9.5943e-08,5.88787,Saliva
10,P77_Saliva,1.56757,0.756368,1.12212e-06,1056.22,Saliva
1,P1_Oropharynx,1.79766,0.332201,8.38377e-07,335.468,Oropharynx
2,P1_Oropharynx,2.52069,0.680764,4.8485e-07,0.252041,Oropharynx
3,P1_Oropharynx,1.24597,0.342498,6.06202e-07,1227.86,Oropharynx
4,P1_Oropharynx,2.79059,1.19998,5.30411e-07,0.835114,Oropharynx
5,P1_Oropharynx,1.9233,0.287035,3.93924e-07,11.0083,Oropharynx
6,P1_Oropharynx,1.54599,0.510925,1.64891e-06,23.99,Oropharynx
7,P1_Oropharynx,6.14457,0.392838,4.18814e-07,328.109,Oropharynx
8,P1_Oropharynx,18.8951,0.322908,3.77163e-06,280.871,Oropharynx
9,P1_Oropharynx,6.7139,0.411477,2.08369e-07,0.113629,Oropharynx
10,P1_Oropharynx,6.20464,0.467549,2.02126e-07,0.0200435,Oropharynx
1,P2_Oropharynx,2.60948,0.937991,9.85048e-06,254.277,Oropharynx
2,P2_Oropharynx,8.04966,1.0762,1.72958e-06,1923.78,Oropharynx
3,P2_Oropharynx,1.47908,0.692132,1.67428e-06,50272.4,Oropharynx
4,P2_Oropharynx,1.9603,0.651726,1.01866e-05,2123.07,Oropharynx
5,P2_Oropharynx,3.32971,1.77851,1.87221e-05,3.37585e+06,Oropharynx
6,P2_Oropharynx,4.1831,1.31585,4.04137e-06,74544.5,Oropharynx
7,P2_Oropharynx,12.0422,0.681993,5.04318e-06,3464.23,Oropharynx
8,P2_Oropharynx,3.79653,1.44092,7.88018e-06,1981.27,Oropharynx
9,P2_Oropharynx,6.30308,0.926016,8.1183e-06,45782,Oropharynx
10,P2_Oropharynx,12.5186,1.85903,5.72413e-07,3.02723,Oropharynx
1,P3_Oropharynx,1.60802,0.642009,1.0565e-06,2.29443,Oropharynx
2,P3_Oropharynx,0.558651,0.856259,2.42929e-06,0.106039,Oropharynx
3,P3_Oropharynx,0.598272,1.07538,5.24763e-07,1290.8,Oropharynx
4,P3_Oropharynx,6.34926,5.32481,1.27086e-06,0.274467,Oropharynx
5,P3_Oropharynx,1.8808,2.16028,7.02096e-05,32.2311,Oropharynx
6,P3_Oropharynx,0.870921,0.671748,9.25058e-07,11.7385,Oropharynx
7,P3_Oropharynx,2.02478,0.949265,3.62775e-06,0.0083682,Oropharynx
8,P3_Oropharynx,9.19866,0.941618,1.38803e-05,375.503,Oropharynx
9,P3_Oropharynx,0.788836,0.537166,4.54314e-06,0.00249207,Oropharynx
10,P3_Oropharynx,0.283889,1.98555,2.86354e-05,0.00900983,Oropharynx
1,P4_Oropharynx,1.53694,0.515352,2.5447e-05,403.07,Oropharynx
2,P4_Oropharynx,5.95476,0.556343,2.42663e-06,0.65483,Oropharynx
3,P4_Oropharynx,7.00569,0.507295,2.89588e-06,1349.54,Oropharynx
4,P4_Oropharynx,2.80532,1.0768,1.73057e-05,611.619,Oropharynx
5,P4_Oropharynx,4.31151,0.916026,3.9619e-06,2740.46,Oropharynx
6,P4_Oropharynx,2.51173,0.825328,1.21759e-05,73405.9,Oropharynx
7,P4_Oropharynx,5.38209,0.53866,1.64164e-06,20.7692,Oropharynx
8,P4_Oropharynx,8.95519,0.970629,6.68638e-06,33.84,Oropharynx
9,P4_Oropharynx,5.56025,1.77931,4.76436e-07,24.9378,Oropharynx
10,P4_Oropharynx,2.09624,0.718374,7.82361e-06,0.481263,Oropharynx
1,P5_Oropharynx,0.628951,0.896548,2.20701e-05,0.019359,Oropharynx
2,P5_Oropharynx,0.534461,2.98727,4.37308e-07,0.01464,Oropharynx
3,P5_Oropharynx,6.22087,1.27565,7.54054e-07,0.14573,Oropharynx
4,P5_Oropharynx,1.22568,0.724039,4.05535e-07,105.134,Oropharynx
5,P5_Oropharynx,3.32541,0.374948,1.16706e-06,291.144,Oropharynx
6,P5_Oropharynx,5.83841,0.922826,7.47167e-07,99.4265,Oropharynx
7,P5_Oropharynx,5.46419,1.01865,2.0776e-06,37.1299,Oropharynx
8,P5_Oropharynx,4.2432,0.382125,1.98026e-06,5.40171,Oropharynx
9,P5_Oropharynx,1.68356,0.560823,3.11643e-05,7.33899,Oropharynx
10,P5_Oropharynx,7.178,2.51278,6.33276e-07,8.2294,Oropharynx
1,P6_Oropharynx,23.0983,1.56052,8.58737e-06,1.94617e+06,Oropharynx
2,P6_Oropharynx,78.0029,1.37523,3.99579e-06,46195.4,Oropharynx
3,P6_Oropharynx,9.25754,0.73595,2.87713e-06,0.0399385,Oropharynx
4,P6_Oropharynx,7.90755,0.426358,1.03786e-05,2053.64,Oropharynx
5,P6_Oropharynx,8.78989,0.726393,8.00608e-06,0.39779,Oropharynx
6,P6_Oropharynx,1.49296,1.06037,3.0918e-06,361.845,Oropharynx
7,P6_Oropharynx,10.786,1.7069,1.6476e-06,0.157527,Oropharynx
8,P6_Oropharynx,2.7206,0.797134,1.90429e-06,52179.3,Oropharynx
9,P6_Oropharynx,18.5508,1.48434,2.80811e-06,2.06543,Oropharynx
10,P6_Oropharynx,35.3617,1.31397,1.25222e-06,2.24516,Oropharynx
1,P7_Oropharynx,2.1897,1.00114,1.35028e-06,628.064,Oropharynx
2,P7_Oropharynx,2.14018,0.601404,6.47158e-06,0.0577196,Oropharynx
3,P7_Oropharynx,7.89814,0.467289,6.37438e-07,3.44668e-05,Oropharynx
4,P7_Oropharynx,1.98718,0.794813,1.65119e-06,9.81622,Oropharynx
5,P7_Oropharynx,2.4871,1.03355,1.92955e-06,103.328,Oropharynx
6,P7_Oropharynx,3.06234,0.642408,7.17343e-06,692.608,Oropharynx
7,P7_Oropharynx,6.4149,0.225602,2.69831e-06,9.5168,Oropharynx
8,P7_Oropharynx,1.78212,0.368791,1.69043e-06,466.584,Oropharynx
9,P7_Oropharynx,1.85624,0.449496,1.36733e-06,13.4971,Oropharynx
10,P7_Oropharynx,2.78923,0.528134,6.30441e-07,0.771108,Oropharynx
1,P8_Oropharynx,1.43328,0.544612,9.53086e-06,14626.1,Oropharynx
2,P8_Oropharynx,1.0028,1.0215,2.47733e-06,6.55807,Oropharynx
3,P8_Oropharynx,2.88096,2.75088,1.82224e-06,0.195258,Oropharynx
4,P8_Oropharynx,1.45763,0.697882,3.3456e-06,22151.8,Oropharynx
5,P8_Oropharynx,2.70793,0.935224,1.83055e-06,0.00107975,Oropharynx
6,P8_Oropharynx,6.70423,0.518251,5.46847e-06,14777.1,Oropharynx
7,P8_Oropharynx,0.850197,0.57041,2.77634e-06,2.55989,Oropharynx
8,P8_Oropharynx,1.07172,0.430478,1.33876e-05,0.0117609,Oropharynx
9,P8_Oropharynx,1.58677,1.56492,8.40139e-07,348408,Oropharynx
10,P8_Oropharynx,0.400612,1.0739,4.05779e-06,8028.76,Oropharynx
1,P9_Oropharynx,2.30627,0.621324,5.14642e-07,6083.84,Oropharynx
2,P9_Oropharynx,4.34266,0.47427,7.19135e-07,4.1237,Oropharynx
3,P9_Oropharynx,2.56897,0.269217,5.77011e-07,186.906,Oropharynx
4,P9_Oropharynx,3.37172,0.72855,4.44094e-07,14.4337,Oropharynx
5,P9_Oropharynx,2.24932,0.361325,5.51904e-07,0.722251,Oropharynx
6,P9_Oropharynx,4.03107,0.41401,8.1505e-07,4.24111,Oropharynx
7,P9_Oropharynx,8.96772,0.347644,1.72907e-07,1.17279,Oropharynx
8,P9_Oropharynx,2.65628,0.706169,3.20506e-07,2.08193,Oropharynx
9,P9_Oropharynx,2.03849,0.377291,3.62581e-07,212.835,Oropharynx
10,P9_Oropharynx,7.16526,0.575643,1.93626e-07,2.97196,Oropharynx
1,P10_Oropharynx,1.70724,0.771598,2.91788e-07,136.187,Oropharynx
2,P10_Oropharynx,3.77963,0.255367,2.66447e-06,0.067416,Oropharynx
3,P10_Oropharynx,1.17963,0.553466,8.34136e-06,366.618,Oropharynx
4,P10_Oropharynx,1.08239,0.381669,4.92152e-06,244.766,Oropharynx
5,P10_Oropharynx,1.85914,0.618063,4.40065e-07,1080.25,Oropharynx
6,P10_Oropharynx,3.89448,0.669502,6.88556e-07,0.215806,Oropharynx
7,P10_Oropharynx,1.3175,0.62833,6.51822e-07,46482.7,Oropharynx
8,P10_Oropharynx,2.09692,0.599078,6.49181e-07,113.688,Oropharynx
9,P10_Oropharynx,1.72231,0.996674,5.74323e-07,5139.44,Oropharynx
10,P10_Oropharynx,2.27414,0.51803,4.43575e-07,10130,Oropharynx
1,P11_Oropharynx,0.48404,0.541425,2.4406e-06,2.61464e+07,Oropharynx
2,P11_Oropharynx,1.884,0.157667,3.23703e-06,407.72,Oropharynx
3,P11_Oropharynx,1.86731,1.31395,2.40552e-06,521.341,Oropharynx
4,P11_Oropharynx,1.83577,0.753313,1.30364e-06,5.39513,Oropharynx
5,P11_Oropharynx,2.32044,0.821006,1.66638e-06,0.0794067,Oropharynx
6,P11_Oropharynx,2.53081,0.67926,4.1969e-07,1.58048,Oropharynx
7,P11_Oropharynx,12.1184,0.343639,9.67651e-07,420.051,Oropharynx
8,P11_Oropharynx,1.06387,0.39311,8.60191e-06,312.884,Oropharynx
9,P11_Oropharynx,1.566,0.925021,4.01157e-07,176632,Oropharynx
10,P11_Oropharynx,2.60189,0.474422,1.35819e-06,485781,Oropharynx
1,P12_Oropharynx,2.57166,0.888964,8.21071e-06,162.535,Oropharynx
2,P12_Oropharynx,1.88894,0.397821,8.5195e-06,334.318,Oropharynx
3,P12_Oropharynx,2.69735,0.294684,4.41802e-05,0.00834057,Oropharynx
4,P12_Oropharynx,1.36895,1.40647,6.78727e-06,2428.22,Oropharynx
5,P12_Oropharynx,3.89297,0.832682,2.52304e-07,0.0502397,Oropharynx
6,P12_Oropharynx,3.65208,1.15349,1.87431e-06,0.018651,Oropharynx
7,P12_Oropharynx,3.4379,1.53339,4.69567e-07,0.0883928,Oropharynx
8,P12_Oropharynx,0.621204,0.519638,5.1479e-06,14099.8,Oropharynx
9,P12_Oropharynx,2.96006,0.832322,2.19951e-06,2.83754,Oropharynx
10,P12_Oropharynx,2.6245,0.843281,8.1163e-06,1927.23,Oropharynx
1,P13_Oropharynx,5.25972,0.738136,1.24491e-06,1280.55,Oropharynx
2,P13_Oropharynx,4.54303,0.543364,1.95819e-06,1428.93,Oropharynx
3,P13_Oropharynx,4.08837,0.986886,3.02146e-06,25.0101,Oropharynx
4,P13_Oropharynx,3.10754,0.394532,2.22325e-06,13.2168,Oropharynx
5,P13_Oropharynx,7.89416,0.876282,1.6817e-05,0.13954,Oropharynx
6,P13_Oropharynx,3.70398,0.729046,3.81201e-06,2976.12,Oropharynx
7,P13_Oropharynx,2.68362,0.784806,3.86239e-07,2312.24,Oropharynx
8,P13_Oropharynx,3.05657,1.48288,2.69837e-06,1649.24,Oropharynx
9,P13_Oropharynx,1.82217,0.301865,2.11331e-06,4.6342,Oropharynx
10,P13_Oropharynx,6.06812,0.862577,4.68694e-06,1001.24,Oropharynx
1,P14_Oropharynx,1.98623,1.38423,1.27304e-05,154.307,Oropharynx
2,P14_Oropharynx,6.33969,1.64119,3.47791e-07,52611.8,Oropharynx
3,P14_Oropharynx,11.7373,0.754765,5.11431e-06,0.455418,Oropharynx
4,P14_Oropharynx,4.34142,0.672219,6.11478e-06,33775.9,Oropharynx
5,P14_Oropharynx,3.54423,0.757171,5.10562e-06,961818,Oropharynx
6,P14_Oropharynx,6.49148,1.54408,1.2456e-06,0.0231826,Oropharynx
7,P14_Oropharynx,5.15903,0.611408,2.21193e-05,1769.51,Oropharynx
8,P14_Oropharynx,6.11432,0.529497,1.07469e-06,1370.13,Oropharynx
9,P14_Oropharynx,9.4773,1.61078,1.74015e-06,68.4976,Oropharynx
10,P14_Oropharynx,3.55519,1.75145,4.28552e-05,274.457,Oropharynx
1,P15_Oropharynx,6.57811,1.71559,1.56376e-06,12348.9,Oropharynx
2,P15_Oropharynx,2.60361,0.880621,6.93768e-07,1.51752,Oropharynx
3,P15_Oropharynx,2.01917,0.615706,3.9379e-06,13.3984,Oropharynx
4,P15_Oropharynx,4.16024,0.262233,1.62422e-07,9583.52,Oropharynx
5,P15_Oropharynx,9.66335,0.265342,3.70591e-06,5.0037,Oropharynx
6,P15_Oropharynx,5.49582,1.09376,7.46491e-06,0.226317,Oropharynx
7,P15_Oropharynx,2.51973,0.491326,7.78479e-07,1403.84,Oropharynx
8,P15_Oropharynx,5.35525,1.52377,2.76299e-06,97.9316,Oropharynx
9,P15_Oropharynx,8.26708,0.727853,1.94767e-06,306701,Oropharynx
10,P15_Oropharynx,7.08501,0.978851,2.07337e-06,1.74725e+06,Oropharynx
1,P16_Oropharynx,4.15748,1.26043,1.36459e-07,44.8134,Oropharynx
2,P16_Oropharynx,11.7656,0.796829,1.70376e-06,5679.05,Oropharynx
3,P16_Oropharynx,4.87161,1.3496,5.40712e-06,0.350009,Oropharynx
4,P16_Oropharynx,6.04714,1.56142,5.66545e-07,5.36893,Oropharynx
5,P16_Oropharynx,6.03103,0.996603,2.56467e-06,149.28,Oropharynx
6,P16_Oropharynx,17.1564,0.463593,8.84235e-07,0.997132,Oropharynx
7,P16_Oropharynx,5.7915,0.498397,1.28483e-06,869.271,Oropharynx
8,P16_Oropharynx,8.01045,0.583112,8.90782e-07,0.610035,Oropharynx
9,P16_Oropharynx,17.5859,0.473508,5.48593e-07,20.9801,Oropharynx
10,P16_Oropharynx,12.3253,0.544804,4.32097e-06,19572.2,Oropharynx
1,P17_Oropharynx,3.90477,0.946137,4.46761e-07,0.00428812,Oropharynx
2,P17_Oropharynx,7.995,0.323055,3.62292e-07,20922.3,Oropharynx
3,P17_Oropharynx,4.06802,0.771091,3.88875e-06,0.254104,Oropharynx
4,P17_Oropharynx,1.49163,0.493108,2.32011e-06,15.4422,Oropharynx
5,P17_Oropharynx,3.30709,0.311095,5.37275e-07,3.93099,Oropharynx
6,P17_Oropharynx,2.5286,0.568916,1.8751e-07,122.315,Oropharynx
7,P17_Oropharynx,9.60945,0.68206,1.72751e-06,0.00697641,Oropharynx
8,P17_Oropharynx,0.534774,0.47878,7.10221e-06,967044,Oropharynx
9,P17_Oropharynx,7.24307,0.775102,3.29817e-06,0.00508092,Oropharynx
10,P17_Oropharynx,6.09304,0.247299,7.01559e-06,0.0492642,Oropharynx
1,P18_Oropharynx,0.98181,0.930237,1.07278e-07,8.83384,Oropharynx
2,P18_Oropharynx,2.30913,1.05956,1.34871e-06,0.0690396,Oropharynx
3,P18_Oropharynx,2.62095,1.40391,7.44221e-07,2.39725,Oropharynx
4,P18_Oropharynx,1.39309,0.599074,5.0796e-06,0.00272343,Oropharynx
5,P18_Oropharynx,2.06749,0.814446,2.68129e-07,0.922499,Oropharynx
6,P18_Oropharynx,2.02475,2.15404,1.73657e-06,0.000414069,Oropharynx
7,P18_Oropharynx,0.601115,1.37601,4.23478e-06,0.0218561,Oropharynx
8,P18_Oropharynx,1.89524,2.66114,2.06809e-06,0.960403,Oropharynx
9,P18_Oropharynx,2.07003,0.452088,9.68161e-07,0.0278098,Oropharynx
10,P18_Oropharynx,1.18355,0.575599,6.26806e-06,19.7445,Oropharynx
1,P19_Oropharynx,2.37513,1.62285,1.70747e-06,0.0423756,Oropharynx
2,P19_Oropharynx,2.17225,1.55094,4.21033e-07,0.0592369,Oropharynx
3,P19_Oropharynx,11.1385,1.32014,1.00291e-05,0.00149313,Oropharynx
4,P19_Oropharynx,14.5108,1.33481,8.57324e-06,4376.38,Oropharynx
5,P19_Oropharynx,0.771077,1.29386,5.09817e-07,0.310101,Oropharynx
6,P19_Oropharynx,8.27077,1.28607,7.93797e-07,45640.8,Oropharynx
7,P19_Oropharynx,0.811732,0.825058,3.38575e-05,0.212285,Oropharynx
8,P19_Oropharynx,5.54988,1.5292,1.99124e-06,6450.6,Oropharynx
9,P19_Oropharynx,2.56094,0.618349,7.95788e-06,7614.12,Oropharynx
10,P19_Oropharynx,18.6781,1.36097,3.0504e-05,769.021,Oropharynx
1,P20_Oropharynx,8.91005,0.876791,1.89012e-06,110.658,Oropharynx
2,P20_Oropharynx,3.74691,0.535557,1.93631e-06,405.205,Oropharynx
3,P20_Oropharynx,3.71878,1.36463,7.21047e-06,49.218,Oropharynx
4,P20_Oropharynx,4.67076,1.99384,1.21019e-05,0.00010373,Oropharynx
5,P20_Oropharynx,7.27885,1.02618,4.03948e-07,19963.4,Oropharynx
6,P20_Oropharynx,2.9729,1.12756,2.13685e-06,0.306298,Oropharynx
7,P20_Oropharynx,2.3378,0.489815,1.69576e-06,19.178,Oropharynx
8,P20_Oropharynx,1.57708,0.856367,4.6622e-07,902.999,Oropharynx
9,P20_Oropharynx,3.89402,1.02529,5.40252e-07,10.3792,Oropharynx
10,P20_Oropharynx,9.4703,0.418209,4.13131e-07,13122.7,Oropharynx
1,P21_Oropharynx,2.30568,1.11045,8.46385e-07,120.481,Oropharynx
2,P21_Oropharynx,12.1089,0.782493,8.89537e-07,40.88,Oropharynx
3,P21_Oropharynx,1.30183,0.822291,1.44185e-06,1409.91,Oropharynx
4,P21_Oropharynx,8.50704,0.968883,2.59555e-06,22.5605,Oropharynx
5,P21_Oropharynx,5.26425,1.03326,1.406e-06,4.81434,Oropharynx
6,P21_Oropharynx,2.75883,0.736728,1.52821e-06,1251.02,Oropharynx
7,P21_Oropharynx,2.05757,0.796023,6.71975e-07,5.10241,Oropharynx
8,P21_Oropharynx,2.7299,0.592508,8.63886e-06,0.00125232,Oropharynx
9,P21_Oropharynx,1.56412,0.656608,1.01144e-06,705.254,Oropharynx
10,P21_Oropharynx,3.6633,0.627179,1.06849e-05,1.64428,Oropharynx
1,P22_Oropharynx,15.8569,0.446614,1.00482e-06,14906.2,Oropharynx
2,P22_Oropharynx,6.79067,0.452005,5.3111e-07,55.8136,Oropharynx
3,P22_Oropharynx,3.04076,1.07237,1.03473e-06,9.89274,Oropharynx
4,P22_Oropharynx,2.76565,1.27391,7.15869e-07,58.647,Oropharynx
5,P22_Oropharynx,2.36699,1.18882,2.61892e-06,7.70458,Oropharynx
6,P22_Oropharynx,15.7531,0.650248,1.45924e-06,49.1016,Oropharynx
7,P22_Oropharynx,7.80981,0.795996,1.20867e-06,8.19814,Oropharynx
8,P22_Oropharynx,4.65442,0.450232,2.91979e-06,0.00714132,Oropharynx
9,P22_Oropharynx,2.52317,1.76641,2.31301e-06,493.388,Oropharynx
10,P22_Oropharynx,2.82582,0.841859,2.19183e-06,9.78207,Oropharynx
1,P23_Oropharynx,43.8671,2.45018,5.87578e-06,837.911,Oropharynx
2,P23_Oropharynx,1.39425,1.81187,2.34484e-06,1586.2,Oropharynx
3,P23_Oropharynx,3.40993,0.867069,1.46277e-05,154.551,Oropharynx
4,P23_Oropharynx,2.90092,1.04457,4.38329e-06,14.8098,Oropharynx
5,P23_Oropharynx,2.99403,1.63777,5.54018e-06,96.1047,Oropharynx
6,P23_Oropharynx,4.95714,0.79271,1.0496e-06,1313.32,Oropharynx
7,P23_Oropharynx,4.89747,1.13024,9.20227e-06,26254.8,Oropharynx
8,P23_Oropharynx,20.4013,1.801,5.60211e-06,0.404383,Oropharynx
9,P23_Oropharynx,5.93798,0.901351,5.50728e-06,6.65721,Oropharynx
10,P23_Oropharynx,1.28866,0.971343,1.62143e-05,22700.3,Oropharynx
1,P24_Oropharynx,0.450011,0.703424,1.55264e-06,38.5306,Oropharynx
2,P24_Oropharynx,0.986577,0.881564,1.08362e-05,12.7284,Oropharynx
3,P24_Oropharynx,1.03352,2.69658,2.00188e-06,857.539,Oropharynx
4,P24_Oropharynx,3.16724,0.740904,2.70867e-06,0.00518081,Oropharynx
5,P24_Oropharynx,0.611642,1.218,3.73014e-06,10.5466,Oropharynx
6,P24_Oropharynx,1.04735,0.356314,1.19097e-06,9.12436,Oropharynx
7,P24_Oropharynx,1.11279,0.681368,8.89444e-06,0.459955,Oropharynx
8,P24_Oropharynx,1.31124,0.673486,1.26487e-06,300.534,Oropharynx
9,P24_Oropharynx,1.26866,1.61619,1.08813e-05,0.00232824,Oropharynx
10,P24_Oropharynx,0.239209,1.44314,4.12609e-06,0.0120962,Oropharynx
1,P25_Oropharynx,3.09123,1.22128,1.05745e-06,177.467,Oropharynx
2,P25_Oropharynx,3.12745,0.460235,9.80583e-06,42416.2,Oropharynx
3,P25_Oropharynx,1.71649,1.24338,3.19967e-06,1.3527e+08,Oropharynx
4,P25_Oropharynx,1.75709,0.666979,1.51328e-05,5491.83,Oropharynx
5,P25_Oropharynx,11.8417,0.837686,4.93831e-06,0.0191914,Oropharynx
6,P25_Oropharynx,7.565,1.51153,4.29355e-07,83.0997,Oropharynx
7,P25_Oropharynx,4.8488,0.761674,2.3646e-05,22.4173,Oropharynx
8,P25_Oropharynx,9.00626,1.0678,7.34026e-06,0.307078,Oropharynx
9,P25_Oropharynx,1.76419,0.977231,8.26862e-07,323469,Oropharynx
10,P25_Oropharynx,4.2627,1.37471,6.65966e-06,1.21638,Oropharynx
1,P26_Oropharynx,0.356373,1.0635,3.8101e-06,615645,Oropharynx
2,P26_Oropharynx,1.84997,0.32859,1.8496e-06,28.9543,Oropharynx
3,P26_Oropharynx,17.2132,2.00383,5.37314e-06,14.0985,Oropharynx
4,P26_Oropharynx,3.52106,0.794076,2.5935e-06,0.279544,Oropharynx
5,P26_Oropharynx,8.63449,0.515723,9.9978e-07,2.8974,Oropharynx
6,P26_Oropharynx,3.0688,1.58109,1.43184e-06,87703.1,Oropharynx
7,P26_Oropharynx,2.86547,1.60286,4.70941e-07,14710.1,Oropharynx
8,P26_Oropharynx,2.22542,0.714315,3.47357e-06,2.83816,Oropharynx
9,P26_Oropharynx,2.02497,0.545383,3.35643e-06,17865.2,Oropharynx
10,P26_Oropharynx,4.49753,0.806249,8.20413e-07,12.3665,Oropharynx
1,P27_Oropharynx,5.08256,0.335651,5.51073e-06,54.2026,Oropharynx
2,P27_Oropharynx,4.08515,0.285145,5.20508e-07,0.00500725,Oropharynx
3,P27_Oropharynx,7.32006,0.802345,7.8467e-07,1.46722,Oropharynx
4,P27_Oropharynx,5.05335,0.481118,3.26695e-06,452891,Oropharynx
5,P27_Oropharynx,4.81329,1.06067,7.72017e-07,5.78552,Oropharynx
6,P27_Oropharynx,2.83484,0.334455,4.38059e-06,227125,Oropharynx
7,P27_Oropharynx,8.00371,0.586116,1.09805e-05,0.43078,Oropharynx
8,P27_Oropharynx,8.03239,1.03393,4.29738e-07,62.7832,Oropharynx
9,P27_Oropharynx,5.26582,0.690283,2.24404e-06,892.413,Oropharynx
10,P27_Oropharynx,3.95057,0.816784,1.27977e-06,1.45868,Oropharynx
1,P28_Oropharynx,3.16197,0.294046,3.1411e-05,1.17826,Oropharynx
2,P28_Oropharynx,1.63605,0.632421,3.68557e-06,587.128,Oropharynx
3,P28_Oropharynx,3.08556,0.822795,2.29046e-06,2.30387,Oropharynx
4,P28_Oropharynx,3.72958,0.388656,5.61836e-07,15.2207,Oropharynx
5,P28_Oropharynx,1.73146,1.46526,9.84623e-07,579.684,Oropharynx
6,P28_Oropharynx,3.21728,0.68846,1.43121e-06,0.0493632,Oropharynx
7,P28_Oropharynx,0.891081,0.585301,1.26469e-06,302.684,Oropharynx
8,P28_Oropharynx,2.34819,0.720578,4.91078e-06,6.89473,Oropharynx
9,P28_Oropharynx,3.30941,0.441281,3.20398e-06,1792.11,Oropharynx
10,P28_Oropharynx,1.71617,0.459898,4.91876e-06,518.586,Oropharynx
1,P29_Oropharynx,4.42421,1.48779,3.82243e-06,8.61256,Oropharynx
2,P29_Oropharynx,5.33451,2.35602,3.49078e-06,3.87386,Oropharynx
3,P29_Oropharynx,10.5991,0.523879,1.80808e-06,13.3709,Oropharynx
4,P29_Oropharynx,4.00619,0.993836,3.63086e-06,189.817,Oropharynx
5,P29_Oropharynx,5.39906,1.19944,8.40863e-06,687.946,Oropharynx
6,P29_Oropharynx,3.95867,0.630156,2.39885e-05,31.7617,Oropharynx
7,P29_Oropharynx,5.86728,2.93746,1.01871e-05,0.000469422,Oropharynx
8,P29_Oropharynx,2.31717,0.378784,1.97505e-06,0.0856261,Oropharynx
9,P29_Oropharynx,2.7521,0.30361,2.08162e-06,0.479417,Oropharynx
10,P29_Oropharynx,1.30348,0.998374,7.73313e-07,18806.5,Oropharynx
1,P30_Oropharynx,2.03751,1.12305,3.58372e-06,0.409992,Oropharynx
2,P30_Oropharynx,0.60063,0.700866,1.55538e-06,0.681778,Oropharynx
3,P30_Oropharynx,1.06571,1.99188,1.00093e-06,411.241,Oropharynx
4,P30_Oropharynx,2.22709,1.19218,8.38157e-06,781.699,Oropharynx
5,P30_Oropharynx,1.48954,0.762228,8.72585e-07,0.000817889,Oropharynx
6,P30_Oropharynx,2.1934,2.17822,6.16618e-07,1.13485,Oropharynx
7,P30_Oropharynx,0.881621,1.78049,5.98345e-07,40.7177,Oropharynx
8,P30_Oropharynx,0.586109,0.842282,9.11607e-07,147.296,Oropharynx
9,P30_Oropharynx,1.65887,0.792335,2.52587e-06,0.00348584,Oropharynx
10,P30_Oropharynx,16.2416,1.44641,9.58003e-07,598.928,Oropharynx
1,P31_Oropharynx,11.9078,0.76617,7.674e-07,4705.02,Oropharynx
2,P31_Oropharynx,6.3339,0.414689,1.13455e-05,210.932,Oropharynx
3,P31_Oropharynx,0.952121,0.422304,1.72951e-06,77038.7,Oropharynx
4,P31_Oropharynx,9.73002,1.23176,2.71425e-06,0.431382,Oropharynx
5,P31_Oropharynx,2.72469,1.31989,1.01359e-06,42.6874,Oropharynx
6,P31_Oropharynx,4.11701,0.276792,1.68168e-06,6.73476,Oropharynx
7,P31_Oropharynx,3.10835,0.735942,3.30735e-06,87.0708,Oropharynx
8,P31_Oropharynx,10.8614,1.17434,3.50447e-07,2.29194,Oropharynx
9,P31_Oropharynx,2.0496,0.541291,1.76867e-06,20.3065,Oropharynx
10,P31_Oropharynx,0.767592,0.277391,1.07072e-06,31369.4,Oropharynx
1,P32_Oropharynx,2.69816,1.03206,1.12452e-06,229.187,Oropharynx
2,P32_Oropharynx,1.38463,0.876149,1.76261e-06,3683.09,Oropharynx
3,P32_Oropharynx,0.826729,0.469935,7.16617e-06,2753.74,Oropharynx
4,P32_Oropharynx,0.786551,0.933555,1.83604e-06,86.5906,Oropharynx
5,P32_Oropharynx,3.43775,1.341,9.35473e-07,56034.3,Oropharynx
6,P32_Oropharynx,20.5163,0.388486,3.15098e-06,4640.18,Oropharynx
7,P32_Oropharynx,2.91193,1.19424,9.6981e-07,362.91,Oropharynx
8,P32_Oropharynx,1.97387,0.54535,4.30952e-06,62425.2,Oropharynx
9,P32_Oropharynx,3.01554,0.973395,1.7418e-05,0.139706,Oropharynx
10,P32_Oropharynx,18.5893,0.743252,1.52419e-05,8.01353,Oropharynx
1,P33_Oropharynx,2.04229,0.297999,5.18622e-05,105.154,Oropharynx
2,P33_Oropharynx,6.5741,0.743172,1.46252e-06,2110.45,Oropharynx
3,P33_Oropharynx,1.78927,0.51661,9.24738e-06,1.09158,Oropharynx
4,P33_Oropharynx,4.7611,0.82244,2.11103e-06,1882.09,Oropharynx
5,P33_Oropharynx,8.37954,0.592887,1.23845e-06,10425.5,Oropharynx
6,P33_Oropharynx,1.99718,1.64012,4.14325e-06,414.24,Oropharynx
7,P33_Oropharynx,3.36409,0.494495,8.14904e-06,172.443,Oropharynx
8,P33_Oropharynx,3.70209,1.17256,5.23931e-06,0.297955,Oropharynx
9,P33_Oropharynx,1.2854,0.864616,2.58455e-06,45618.2,Oropharynx
10,P33_Oropharynx,9.01848,0.82772,2.14226e-06,133.672,Oropharynx
1,P34_Oropharynx,3.75569,0.701746,3.99022e-07,98.4235,Oropharynx
2,P34_Oropharynx,1.9939,1.07436,5.79325e-07,2.28726,Oropharynx
3,P34_Oropharynx,23.4566,0.424737,3.19464e-07,0.00930905,Oropharynx
4,P34_Oropharynx,2.82803,0.294251,7.81256e-07,5416.59,Oropharynx
5,P34_Oropharynx,2.19938,0.559394,1.30116e-06,56.2794,Oropharynx
6,P34_Oropharynx,3.59315,0.605879,3.01733e-06,0.201757,Oropharynx
7,P34_Oropharynx,9.69121,0.646872,6.83271e-07,0.0344703,Oropharynx
8,P34_Oropharynx,4.68071,0.608561,1.39499e-06,30.3402,Oropharynx
9,P34_Oropharynx,2.96249,0.898,4.17054e-06,16.9432,Oropharynx
10,P34_Oropharynx,14.6428,0.42863,8.69937e-07,1.06433,Oropharynx
1,P35_Oropharynx,2.96722,0.465753,3.0869e-06,0.204758,Oropharynx
2,P35_Oropharynx,2.02213,0.574851,1.83373e-06,0.0289041,Oropharynx
3,P35_Oropharynx,2.39968,0.857478,1.20923e-07,0.166306,Oropharynx
4,P35_Oropharynx,1.1853,0.636657,3.65358e-06,240.414,Oropharynx
5,P35_Oropharynx,1.96295,1.13339,4.49773e-07,0.0187288,Oropharynx
6,P35_Oropharynx,3.06295,0.857615,4.41806e-07,0.0236203,Oropharynx
7,P35_Oropharynx,1.10601,0.444813,4.24947e-07,0.561191,Oropharynx
8,P35_Oropharynx,1.78977,0.614851,1.32065e-06,87.5878,Oropharynx
9,P35_Oropharynx,1.22967,0.335604,2.07632e-07,28.1495,Oropharynx
10,P35_Oropharynx,2.17533,0.633913,8.94538e-07,1.8834,Oropharynx
1,P36_Oropharynx,1.58309,0.657574,6.09167e-07,92.7742,Oropharynx
2,P36_Oropharynx,5.1978,2.3513,4.90096e-07,5.05927,Oropharynx
3,P36_Oropharynx,6.58449,1.22855,2.7461e-06,0.0851007,Oropharynx
4,P36_Oropharynx,1.72507,1.18683,4.04962e-06,2049.45,Oropharynx
5,P36_Oropharynx,5.88704,1.29483,5.19796e-07,14462.5,Oropharynx
6,P36_Oropharynx,3.93868,1.7087,1.90809e-05,277583,Oropharynx
7,P36_Oropharynx,1.75034,0.521828,7.2606e-07,1761.14,Oropharynx
8,P36_Oropharynx,3.27564,0.834548,4.24646e-07,61.7675,Oropharynx
9,P36_Oropharynx,8.74983,0.641977,2.65257e-06,32643.6,Oropharynx
10,P36_Oropharynx,26.3385,0.515469,2.00168e-06,15.4429,Oropharynx
1,P37_Oropharynx,2.58191,2.07852,1.31477e-05,48513.5,Oropharynx
2,P37_Oropharynx,10.2903,1.90397,1.31021e-05,270.389,Oropharynx
3,P37_Oropharynx,1.03937,0.933716,3.31663e-06,234.19,Oropharynx
4,P37_Oropharynx,0.688022,1.29336,2.01496e-06,62.8078,Oropharynx
5,P37_Oropharynx,9.71776,0.870202,2.11211e-05,19904.2,Oropharynx
6,P37_Oropharynx,1.96357,0.760493,7.18461e-07,0.00482644,Oropharynx
7,P37_Oropharynx,2.53902,2.2646,5.30179e-06,3461.44,Oropharynx
8,P37_Oropharynx,1.55924,1.54369,6.62269e-06,50984.4,Oropharynx
9,P37_Oropharynx,0.486808,0.938816,4.57598e-07,513.001,Oropharynx
10,P37_Oropharynx,6.2412,2.66247,3.71025e-06,199.201,Oropharynx
1,P38_Oropharynx,2.45812,2.73767,4.87031e-06,1.55179e+06,Oropharynx
2,P38_Oropharynx,4.00447,1.50486,1.14731e-05,47.4272,Oropharynx
3,P38_Oropharynx,3.24202,1.21918,6.26712e-06,545.599,Oropharynx
4,P38_Oropharynx,1.8835,0.846986,3.93814e-06,798.11,Oropharynx
5,P38_Oropharynx,6.197,1.19068,6.7392e-06,1467.15,Oropharynx
6,P38_Oropharynx,0.62145,0.704964,4.97931e-07,84.7628,Oropharynx
7,P38_Oropharynx,3.16628,0.733197,6.11551e-07,60.3726,Oropharynx
8,P38_Oropharynx,0.634823,0.844262,4.41238e-07,8166.38,Oropharynx
9,P38_Oropharynx,0.700675,1.14565,1.3973e-06,435.551,Oropharynx
10,P38_Oropharynx,9.25739,1.69062,3.17924e-05,473.299,Oropharynx
1,P39_Oropharynx,5.77385,0.590509,3.16206e-06,0.522997,Oropharynx
2,P39_Oropharynx,6.20614,0.649924,1.07309e-06,182.834,Oropharynx
3,P39_Oropharynx,12.4856,0.586153,8.82933e-06,0.0384482,Oropharynx
4,P39_Oropharynx,5.38369,1.04628,4.36213e-06,0.0418329,Oropharynx
5,P39_Oropharynx,2.09465,0.465051,2.13604e-06,1600.13,Oropharynx
6,P39_Oropharynx,1.61403,1.352,2.76964e-06,28.3579,Oropharynx
7,P39_Oropharynx,3.94606,0.68996,2.76788e-07,1.49179e+06,Oropharynx
8,P39_Oropharynx,6.34722,0.545184,4.1617e-07,740.053,Oropharynx
9,P39_Oropharynx,2.59213,0.679379,1.0728e-06,3.19721,Oropharynx
10,P39_Oropharynx,3.66336,1.22961,9.57176e-06,0.286174,Oropharynx
1,P40_Oropharynx,1.96901,0.941099,4.42035e-06,39.5871,Oropharynx
2,P40_Oropharynx,1.15909,1.24632,6.0036e-07,6.07105,Oropharynx
3,P40_Oropharynx,0.901323,0.93046,1.23594e-06,3.34129,Oropharynx
4,P40_Oropharynx,5.0083,1.48059,1.84982e-05,47.5369,Oropharynx
5,P40_Oropharynx,1.27066,0.773888,1.52427e-06,0.0101851,Oropharynx
6,P40_Oropharynx,2.34406,1.13604,1.55975e-06,0.175339,Oropharynx
7,P40_Oropharynx,3.60215,1.23296,2.93861e-05,76124.1,Oropharynx
8,P40_Oropharynx,1.42245,0.777558,2.51101e-06,3.26552,Oropharynx
9,P40_Oropharynx,0.493179,0.719454,4.74477e-07,32.7999,Oropharynx
10,P40_Oropharynx,0.762997,0.889359,5.65287e-07,292981,Oropharynx
1,P41_Oropharynx,3.11831,0.847663,3.97366e-07,214578,Oropharynx
2,P41_Oropharynx,3.72604,0.509106,3.8127e-06,47.93,Oropharynx
3,P41_Oropharynx,1.27243,1.2291,5.88649e-06,4701.62,Oropharynx
4,P41_Oropharynx,3.24842,1.16067,4.0837e-06,99.6598,Oropharynx
5,P41_Oropharynx,3.66311,0.818032,1.81891e-06,36169.5,Oropharynx
6,P41_Oropharynx,3.61844,0.631307,1.15517e-05,0.820474,Oropharynx
7,P41_Oropharynx,6.25006,0.696886,2.91759e-06,7.00015,Oropharynx
8,P41_Oropharynx,3.86475,0.603651,3.18129e-06,426.957,Oropharynx
9,P41_Oropharynx,63.8288,0.632183,1.97139e-06,20.7301,Oropharynx
10,P41_Oropharynx,9.50533,0.58434,1.32709e-06,2977.29,Oropharynx
1,P42_Oropharynx,9.64544,0.285777,1.05056e-06,283867,Oropharynx
2,P42_Oropharynx,4.20972,0.974892,8.84413e-07,167.549,Oropharynx
3,P42_Oropharynx,1.89882,1.09064,2.6939e-06,3104.83,Oropharynx
4,P42_Oropharynx,4.89454,0.415842,1.41054e-06,710.329,Oropharynx
5,P42_Oropharynx,11.9231,0.739378,3.64589e-06,1.52676,Oropharynx
6,P42_Oropharynx,5.37145,1.05947,9.0319e-07,0.0182934,Oropharynx
7,P42_Oropharynx,3.7307,0.699755,3.87282e-06,7696.75,Oropharynx
8,P42_Oropharynx,7.21935,0.640923,6.28484e-07,1.43178,Oropharynx
9,P42_Oropharynx,2.87601,0.54976,6.30284e-06,74.6116,Oropharynx
10,P42_Oropharynx,2.06394,0.888294,9.65208e-07,340.27,Oropharynx
1,P43_Oropharynx,4.38263,0.610987,7.64151e-06,0.63985,Oropharynx
2,P43_Oropharynx,4.02272,1.047,9.58105e-06,1000.87,Oropharynx
3,P43_Oropharynx,8.39755,1.60868,2.57493e-06,1620.61,Oropharynx
4,P43_Oropharynx,4.24596,0.655964,7.3603e-07,2799.57,Oropharynx
5,P43_Oropharynx,8.01952,0.478738,1.32768e-06,0.141667,Oropharynx
6,P43_Oropharynx,12.1315,1.06596,1.76039e-06,2692.06,Oropharynx
7,P43_Oropharynx,1.48045,0.908815,2.89528e-06,112346,Oropharynx
8,P43_Oropharynx,6.85987,1.27268,2.43383e-06,0.000548986,Oropharynx
9,P43_Oropharynx,5.82808,1.19696,2.75309e-06,307.37,Oropharynx
10,P43_Oropharynx,5.78257,0.954195,2.95325e-06,6.3864,Oropharynx
1,P44_Oropharynx,5.08843,0.923996,6.96745e-07,4.69237e+06,Oropharynx
2,P44_Oropharynx,5.01355,1.24806,1.64143e-06,0.762272,Oropharynx
3,P44_Oropharynx,2.12897,0.591518,2.46878e-06,2.19138,Oropharynx
4,P44_Oropharynx,1.93528,0.3104,3.54223e-06,486.967,Oropharynx
5,P44_Oropharynx,4.38953,1.72388,3.94817e-06,267.875,Oropharynx
6,P44_Oropharynx,1.05174,0.521402,9.57947e-08,6.6068,Oropharynx
7,P44_Oropharynx,3.754,1.485,4.14776e-06,116.132,Oropharynx
8,P44_Oropharynx,2.75796,1.2313,2.53655e-06,307.231,Oropharynx
9,P44_Oropharynx,5.0224,0.39147,2.11174e-06,15696.9,Oropharynx
10,P44_Oropharynx,4.8052,0.460746,3.36072e-05,936.909,Oropharynx
1,P45_Oropharynx,7.28921,1.7441,5.98247e-06,0.174214,Oropharynx
2,P45_Oropharynx,1.97183,0.923093,4.18222e-06,2.10654e+07,Oropharynx
3,P45_Oropharynx,4.71834,1.1621,3.89136e-06,2.29654,Oropharynx
4,P45_Oropharynx,3.14555,0.971777,2.61337e-06,3756.66,Oropharynx
5,P45_Oropharynx,3.74824,1.16157,9.06758e-06,72.5703,Oropharynx
6,P45_Oropharynx,7.9724,1.56305,1.36639e-06,0.0157463,Oropharynx
7,P45_Oropharynx,8.36645,1.12583,8.49216e-07,0.00454168,Oropharynx
8,P45_Oropharynx,7.15286,0.860216,1.36834e-05,3.39366,Oropharynx
9,P45_Oropharynx,5.71459,1.23991,1.06267e-06,22.8296,Oropharynx
10,P45_Oropharynx,9.55278,0.95937,7.33035e-07,0.982004,Oropharynx
1,P46_Oropharynx,11.0995,1.11471,3.57002e-06,0.0643752,Oropharynx
2,P46_Oropharynx,0.86778,1.18502,1.15034e-06,107.811,Oropharynx
3,P46_Oropharynx,11.7779,1.44453,1.40792e-06,15.3072,Oropharynx
4,P46_Oropharynx,7.6321,1.26009,2.72654e-05,36471.5,Oropharynx
5,P46_Oropharynx,1.88531,0.75263,7.46649e-06,0.18313,Oropharynx
6,P46_Oropharynx,0.600858,0.700962,4.73375e-07,1.51079,Oropharynx
7,P46_Oropharynx,1.65904,1.21879,2.22359e-06,0.0491774,Oropharynx
8,P46_Oropharynx,9.95466,1.24098,1.03505e-06,12045.3,Oropharynx
9,P46_Oropharynx,0.944827,1.30166,3.03783e-06,0.0243026,Oropharynx
10,P46_Oropharynx,0.599986,1.26345,2.78562e-06,2.0468,Oropharynx
1,P47_Oropharynx,19.002,1.43232,8.46565e-06,0.582441,Oropharynx
2,P47_Oropharynx,12.8781,1.02524,2.18543e-05,23.5403,Oropharynx
3,P47_Oropharynx,23.5675,0.785623,2.49127e-05,832.137,Oropharynx
4,P47_Oropharynx,2.31515,0.956199,3.93866e-06,345353,Oropharynx
5,P47_Oropharynx,3.14606,1.46813,1.91428e-06,324603,Oropharynx
6,P47_Oropharynx,8.55389,1.47512,1.0387e-05,27.7177,Oropharynx
7,P47_Oropharynx,5.84577,1.16565,3.08454e-07,5.5033e+07,Oropharynx
8,P47_Oropharynx,4.14303,1.40242,1.18489e-05,0.712061,Oropharynx
9,P47_Oropharynx,1.70662,1.07717,7.8867e-06,78108,Oropharynx
10,P47_Oropharynx,5.68726,1.05558,5.31963e-06,1880.37,Oropharynx
1,P48_Oropharynx,0.96227,0.40185,5.16308e-07,222.904,Oropharynx
2,P48_Oropharynx,4.0997,1.57558,6.61678e-07,361.338,Oropharynx
3,P48_Oropharynx,3.38843,0.70066,1.75105e-05,69.1452,Oropharynx
4,P48_Oropharynx,4.24581,1.21712,2.11335e-06,3192.73,Oropharynx
5,P48_Oropharynx,5.193,0.870561,2.41514e-06,17404.1,Oropharynx
6,P48_Oropharynx,8.3662,0.795232,8.97074e-07,10024.8,Oropharynx
7,P48_Oropharynx,4.08658,1.65929,1.22223e-06,590.79,Oropharynx
8,P48_Oropharynx,1.1317,0.546137,1.21475e-05,19.0219,Oropharynx
9,P48_Oropharynx,7.39739,0.733256,2.83364e-06,4.27424,Oropharynx
10,P48_Oropharynx,6.72722,2.23119,6.20493e-07,0.000391935,Oropharynx
1,P49_Oropharynx,2.24197,0.973507,4.18631e-06,203.945,Oropharynx
2,P49_Oropharynx,5.79094,0.918192,2.57083e-06,153.685,Oropharynx
3,P49_Oropharynx,5.07361,0.666906,3.19872e-07,6.60509,Oropharynx
4,P49_Oropharynx,6.06259,0.847683,6.00234e-06,1.66563e+08,Oropharynx
5,P49_Oropharynx,0.883201,0.531911,1.95647e-06,2.03211e+06,Oropharynx
6,P49_Oropharynx,4.07454,1.0163,2.47233e-06,0.00715714,Oropharynx
7,P49_Oropharynx,2.84417,0.395991,2.75536e-06,1462.69,Oropharynx
8,P49_Oropharynx,2.53352,0.98813,4.85642e-06,36.9307,Oropharynx
9,P49_Oropharynx,2.31516,0.821464,1.29088e-06,1.55704,Oropharynx
10,P49_Oropharynx,5.46592,0.45201,2.57412e-06,2.77658,Oropharynx
1,P50_Oropharynx,1.8765,0.929408,5.99671e-07,13.1043,Oropharynx
2,P50_Oropharynx,4.41297,0.893242,1.74912e-06,3951.34,Oropharynx
3,P50_Oropharynx,11.5372,0.899001,6.75826e-06,16.7993,Oropharynx
4,P50_Oropharynx,1.15621,0.807759,9.70454e-07,545.844,Oropharynx
5,P50_Oropharynx,1.66418,1.27705,4.92117e-06,30.5557,Oropharynx
6,P50_Oropharynx,4.8448,0.863481,1.23071e-05,23.0801,Oropharynx
7,P50_Oropharynx,2.88468,0.480422,3.29468e-06,20.414,Oropharynx
8,P50_Oropharynx,6.80147,0.607012,8.72693e-06,16951.5,Oropharynx
9,P50_Oropharynx,1.42837,0.797534,1.98815e-06,14.282,Oropharynx
10,P50_Oropharynx,5.47524,0.536089,1.95758e-06,0.0126517,Oropharynx
1,P51_Oropharynx,4.45608,0.56096,2.39596e-06,1.72749,Oropharynx
2,P51_Oropharynx,2.1513,1.54956,8.49378e-07,125.2,Oropharynx
3,P51_Oropharynx,3.64017,1.34496,3.05458e-07,2490.01,Oropharynx
4,P51_Oropharynx,2.39099,1.8871,4.72525e-07,3.4731,Oropharynx
5,P51_Oropharynx,6.17047,0.914284,1.21985e-05,0.0732329,Oropharynx
6,P51_Oropharynx,1.56739,0.878285,5.44826e-06,56.627,Oropharynx
7,P51_Oropharynx,5.55629,0.865271,1.75129e-06,29.2477,Oropharynx
8,P51_Oropharynx,6.06303,0.906827,3.2827e-06,1.68785,Oropharynx
9,P51_Oropharynx,18.4725,1.37375,2.7903e-06,288.781,Oropharynx
10,P51_Oropharynx,1.78343,0.94268,9.5062e-07,0.184713,Oropharynx
1,P52_Oropharynx,1.602,0.450774,6.38955e-07,205.537,Oropharynx
2,P52_Oropharynx,2.98279,0.988324,4.82007e-06,0.0730655,Oropharynx
3,P52_Oropharynx,6.89602,0.607608,9.24436e-07,64.9525,Oropharynx
4,P52_Oropharynx,1.36599,0.56624,1.52868e-06,154910,Oropharynx
5,P52_Oropharynx,2.69696,0.75386,6.26996e-07,34.1014,Oropharynx
6,P52_Oropharynx,1.98968,0.578131,6.58654e-06,0.188045,Oropharynx
7,P52_Oropharynx,2.11892,0.542236,6.62289e-06,114.571,Oropharynx
8,P52_Oropharynx,3.70701,0.355455,1.89893e-06,66.4927,Oropharynx
9,P52_Oropharynx,4.62628,0.573968,7.51594e-07,0.190044,Oropharynx
10,P52_Oropharynx,2.89584,1.13456,1.29942e-07,25.6012,Oropharynx
1,P53_Oropharynx,10.6231,1.42129,1.03413e-06,0.582096,Oropharynx
2,P53_Oropharynx,2.47739,1.03767,9.68838e-07,71063.2,Oropharynx
3,P53_Oropharynx,26.3915,0.740442,2.44663e-07,8.83106e-05,Oropharynx
4,P53_Oropharynx,4.87696,1.83211,5.33555e-07,30.1139,Oropharynx
5,P53_Oropharynx,4.77281,1.44604,1.09552e-06,15.8956,Oropharynx
6,P53_Oropharynx,4.48535,1.20975,7.76055e-07,0.0644226,Oropharynx
7,P53_Oropharynx,5.09944,0.509034,1.90544e-06,14460.9,Oropharynx
8,P53_Oropharynx,2.87592,0.372533,3.23181e-07,6.77749,Oropharynx
9,P53_Oropharynx,1.70701,0.804922,3.79074e-06,42.6993,Oropharynx
10,P53_Oropharynx,3.45101,1.46534,1.39237e-07,566.851,Oropharynx
1,P54_Oropharynx,2.13725,0.815036,4.87214e-06,521.814,Oropharynx
2,P54_Oropharynx,6.53297,0.658364,2.99713e-07,9327.48,Oropharynx
3,P54_Oropharynx,3.31989,1.14555,3.12154e-06,2.65763,Oropharynx
4,P54_Oropharynx,15.2298,0.716787,2.20325e-05,0.8519,Oropharynx
5,P54_Oropharynx,6.10652,0.933023,1.06549e-05,0.0312952,Oropharynx
6,P54_Oropharynx,8.92538,0.758895,1.96433e-06,34.9557,Oropharynx
7,P54_Oropharynx,3.23258,0.97691,8.20492e-07,379988,Oropharynx
8,P54_Oropharynx,3.27827,0.564894,9.02275e-07,0.10675,Oropharynx
9,P54_Oropharynx,8.15697,0.699488,1.4096e-06,2.22855,Oropharynx
10,P54_Oropharynx,3.77736,0.813863,1.10796e-06,5645.6,Oropharynx
1,P55_Oropharynx,6.42161,2.0763,9.50646e-07,10.6759,Oropharynx
2,P55_Oropharynx,15.624,0.76551,7.0196e-06,764.116,Oropharynx
3,P55_Oropharynx,7.12779,1.6384,5.15872e-06,5.01817,Oropharynx
4,P55_Oropharynx,7.28619,1.43266,3.38231e-06,0.00735046,Oropharynx
5,P55_Oropharynx,0.610306,1.09625,1.00191e-05,95496.1,Oropharynx
6,P55_Oropharynx,1.91717,0.408697,1.13085e-05,1702.46,Oropharynx
7,P55_Oropharynx,13.1048,1.38373,2.62577e-06,0.141085,Oropharynx
8,P55_Oropharynx,6.44245,1.02291,1.24297e-05,4.42246,Oropharynx
9,P55_Oropharynx,0.859173,0.91271,1.50042e-07,13157.2,Oropharynx
10,P55_Oropharynx,22.9536,1.192,1.36229e-06,214.026,Oropharynx
1,P56_Oropharynx,2.54968,1.89461,5.1509e-06,320.523,Oropharynx
2,P56_Oropharynx,4.1026,1.14985,1.23645e-06,605.48,Oropharynx
3,P56_Oropharynx,5.82118,1.5626,8.43809e-07,2705.89,Oropharynx
4,P56_Oropharynx,11.0752,0.954391,1.38896e-06,23.1491,Oropharynx
5,P56_Oropharynx,3.01481,0.635739,7.04495e-06,82.0273,Oropharynx
6,P56_Oropharynx,2.93721,0.539264,1.45225e-06,0.376322,Oropharynx
7,P56_Oropharynx,1.82481,1.8526,9.15407e-07,883.298,Oropharynx
8,P56_Oropharynx,1.61489,0.942266,4.00264e-06,3403.06,Oropharynx
9,P56_Oropharynx,5.12258,0.475597,1.39012e-05,1120.09,Oropharynx
10,P56_Oropharynx,5.23113,0.749924,8.83827e-07,34.8463,Oropharynx
1,P57_Oropharynx,6.02345,0.935142,4.8267e-06,2738.19,Oropharynx
2,P57_Oropharynx,2.36849,1.30949,4.21312e-06,5048.89,Oropharynx
3,P57_Oropharynx,1.05133,1.635,1.71164e-06,0.0833685,Oropharynx
4,P57_Oropharynx,0.993486,0.817233,2.04621e-07,0.316274,Oropharynx
5,P57_Oropharynx,1.85498,1.36026,3.82897e-06,0.000812019,Oropharynx
6,P57_Oropharynx,3.51911,2.10064,9.98495e-07,0.00115346,Oropharynx
7,P57_Oropharynx,1.92453,1.24937,4.69973e-07,0.00397038,Oropharynx
8,P57_Oropharynx,0.564237,0.788335,2.45972e-07,38.0073,Oropharynx
9,P57_Oropharynx,1.05057,2.22433,3.17895e-06,2.61148,Oropharynx
10,P57_Oropharynx,1.03716,0.457267,2.40557e-06,27.3314,Oropharynx
1,P58_Oropharynx,4.84325,0.68843,6.2302e-07,279409,Oropharynx
2,P58_Oropharynx,2.64965,0.752079,2.30093e-06,1.02031,Oropharynx
3,P58_Oropharynx,3.6933,0.952694,1.82438e-06,282.272,Oropharynx
4,P58_Oropharynx,2.77574,1.53891,1.96983e-06,1.02356,Oropharynx
5,P58_Oropharynx,12.8389,1.35587,3.76617e-06,4.3653,Oropharynx
6,P58_Oropharynx,3.67869,0.934354,2.00058e-06,0.297477,Oropharynx
7,P58_Oropharynx,1.82234,0.695992,1.79362e-06,7.87097,Oropharynx
8,P58_Oropharynx,2.24975,0.478784,1.24214e-05,0.503184,Oropharynx
9,P58_Oropharynx,3.7601,1.3579,1.45369e-05,0.0598775,Oropharynx
10,P58_Oropharynx,3.1359,1.54381,9.59538e-06,495.613,Oropharynx
1,P59_Oropharynx,2.40431,0.71808,2.7278e-06,2554.68,Oropharynx
2,P59_Oropharynx,3.77948,0.4646,5.85077e-06,5085.6,Oropharynx
3,P59_Oropharynx,11.9402,0.558347,2.49463e-06,9.92613,Oropharynx
4,P59_Oropharynx,4.58921,0.846287,7.26979e-07,4.6105e+06,Oropharynx
5,P59_Oropharynx,3.77858,0.874433,1.66038e-06,0.0526154,Oropharynx
6,P59_Oropharynx,2.94283,0.714473,1.11777e-06,42415.3,Oropharynx
7,P59_Oropharynx,1.85571,0.864242,6.67993e-07,3.16665,Oropharynx
8,P59_Oropharynx,10.5094,0.544343,5.15666e-07,0.0854091,Oropharynx
9,P59_Oropharynx,4.62701,1.48563,4.08787e-07,21.6578,Oropharynx
10,P59_Oropharynx,2.6416,0.954278,2.38811e-06,14.1219,Oropharynx
1,P60_Oropharynx,12.2932,1.94136,3.26686e-05,5.68927,Oropharynx
2,P60_Oropharynx,1.62913,1.51539,6.6708e-07,174.902,Oropharynx
3,P60_Oropharynx,5.02188,1.38274,1.30899e-06,1.14514,Oropharynx
4,P60_Oropharynx,5.68861,1.97164,1.03465e-06,297.935,Oropharynx
5,P60_Oropharynx,3.33511,0.956794,2.34907e-05,35496.8,Oropharynx
6,P60_Oropharynx,3.06403,0.815419,2.34219e-06,571.233,Oropharynx
7,P60_Oropharynx,6.09041,2.10895,4.98602e-07,33124.2,Oropharynx
8,P60_Oropharynx,0.559878,1.15703,6.62549e-06,3.55926,Oropharynx
9,P60_Oropharynx,4.32599,1.0597,1.50042e-06,20268.4,Oropharynx
10,P60_Oropharynx,10.3725,1.25008,2.64854e-06,0.014124,Oropharynx
1,P61_Oropharynx,3.66657,0.971249,3.01137e-06,7130,Oropharynx
2,P61_Oropharynx,14.4457,0.8319,2.06841e-06,3132.66,Oropharynx
3,P61_Oropharynx,11.9571,0.492341,1.66501e-05,7.18993,Oropharynx
4,P61_Oropharynx,5.73409,0.736457,4.26091e-06,8.27629,Oropharynx
5,P61_Oropharynx,3.20236,1.77852,5.02066e-06,112.658,Oropharynx
6,P61_Oropharynx,5.63669,1.39202,3.61781e-06,0.773173,Oropharynx
7,P61_Oropharynx,28.721,1.05523,8.55568e-07,10.8158,Oropharynx
8,P61_Oropharynx,1.16906,0.431777,1.77146e-06,0.0202589,Oropharynx
9,P61_Oropharynx,1.97696,1.3228,9.09673e-06,0.40071,Oropharynx
10,P61_Oropharynx,2.9192,0.851664,4.74677e-06,21.5735,Oropharynx
1,P62_Oropharynx,4.35573,0.528962,5.17414e-06,1.58946,Oropharynx
2,P62_Oropharynx,3.39834,0.4377,1.92935e-06,40972.6,Oropharynx
3,P62_Oropharynx,9.33861,1.19684,1.39395e-06,0.233164,Oropharynx
4,P62_Oropharynx,7.02305,0.851198,4.74823e-07,17.7251,Oropharynx
5,P62_Oropharynx,1.33714,0.952965,5.55851e-06,18840.2,Oropharynx
6,P62_Oropharynx,6.88738,1.63741,1.06634e-06,0.00160907,Oropharynx
7,P62_Oropharynx,22.0194,0.847223,5.13727e-06,4148.36,Oropharynx
8,P62_Oropharynx,2.91896,1.0958,4.43208e-06,265.605,Oropharynx
9,P62_Oropharynx,4.96419,0.884017,1.23242e-06,12.2613,Oropharynx
10,P62_Oropharynx,5.61435,1.36629,1.40505e-06,0.0309594,Oropharynx
1,P63_Oropharynx,2.55767,0.867818,5.43908e-06,10.9249,Oropharynx
2,P63_Oropharynx,8.85799,0.541706,9.17717e-06,3.42361e+06,Oropharynx
3,P63_Oropharynx,3.22027,0.90086,2.39723e-06,0.294503,Oropharynx
4,P63_Oropharynx,4.67532,1.46911,9.11301e-07,0.984495,Oropharynx
5,P63_Oropharynx,4.7544,0.576008,6.92271e-07,35.3003,Oropharynx
6,P63_Oropharynx,1.51789,0.745715,3.20616e-06,60.4556,Oropharynx
7,P63_Oropharynx,2.60943,1.02733,1.49396e-06,20.525,Oropharynx
8,P63_Oropharynx,10.9903,1.00231,3.59978e-06,16.2426,Oropharynx
9,P63_Oropharynx,2.17,0.593949,8.31668e-07,127.537,Oropharynx
10,P63_Oropharynx,1.90306,0.87495,8.23867e-06,165.447,Oropharynx
1,P65_Oropharynx,3.58375,0.722451,3.78394e-06,1718.76,Oropharynx
2,P65_Oropharynx,9.45571,0.786945,8.20846e-07,0.165504,Oropharynx
3,P65_Oropharynx,4.06893,0.697828,4.703e-06,0.0250155,Oropharynx
4,P65_Oropharynx,2.54428,0.803142,1.4317e-06,71.8859,Oropharynx
5,P65_Oropharynx,5.28295,1.0807,5.95498e-07,313.616,Oropharynx
6,P65_Oropharynx,10.7093,0.554431,8.92029e-07,0.876332,Oropharynx
7,P65_Oropharynx,1.98784,0.799276,1.24566e-06,4.25696e+06,Oropharynx
8,P65_Oropharynx,17.3438,0.770822,3.64465e-07,1434.63,Oropharynx
9,P65_Oropharynx,1.26532,0.488328,4.29673e-06,126.567,Oropharynx
10,P65_Oropharynx,3.34255,0.869367,3.24269e-06,0.826971,Oropharynx
1,P66_Oropharynx,5.96276,2.41569,1.33633e-06,0.323281,Oropharynx
2,P66_Oropharynx,2.42723,1.13259,1.96081e-06,1.96314,Oropharynx
3,P66_Oropharynx,8.51591,0.79745,8.19638e-07,5412.19,Oropharynx
4,P66_Oropharynx,2.0732,1.11393,4.89082e-06,810739,Oropharynx
5,P66_Oropharynx,5.29091,0.64957,9.34335e-06,4.29186,Oropharynx
6,P66_Oropharynx,0.857841,1.21163,1.51901e-06,1828.85,Oropharynx
7,P66_Oropharynx,5.92243,0.582885,3.14443e-06,4.0715,Oropharynx
8,P66_Oropharynx,10.4727,1.41086,1.59862e-07,27329.9,Oropharynx
9,P66_Oropharynx,0.860145,0.79694,1.60779e-06,19.7494,Oropharynx
10,P66_Oropharynx,6.38564,4.1529,3.40115e-07,33.2163,Oropharynx
1,P67_Oropharynx,2.17208,1.27015,6.41781e-06,43.2417,Oropharynx
2,P67_Oropharynx,2.96337,0.515874,6.1697e-06,6432.32,Oropharynx
3,P67_Oropharynx,2.7038,1.64033,6.87515e-07,3.01428,Oropharynx
4,P67_Oropharynx,2.17822,1.77035,3.60197e-05,672.15,Oropharynx
5,P67_Oropharynx,8.24,0.541552,3.5549e-06,66.3317,Oropharynx
6,P67_Oropharynx,8.37076,0.592166,9.10136e-07,1892.12,Oropharynx
7,P67_Oropharynx,3.04674,1.17101,4.01598e-06,16469,Oropharynx
8,P67_Oropharynx,1.62803,1.10881,2.5563e-06,13.0888,Oropharynx
9,P67_Oropharynx,2.37218,2.45922,3.29511e-07,49259.9,Oropharynx
10,P67_Oropharynx,2.25639,0.718503,2.46232e-06,0.00300997,Oropharynx
1,P68_Oropharynx,4.4649,1.0959,6.86381e-06,6.29699,Oropharynx
2,P68_Oropharynx,2.48931,1.24467,1.11896e-05,30948.2,Oropharynx
3,P68_Oropharynx,5.1578,0.743879,2.45029e-05,445.195,Oropharynx
4,P68_Oropharynx,0.598976,1.89857,1.25865e-05,6.68931,Oropharynx
5,P68_Oropharynx,6.05177,1.01209,1.03954e-06,1440.28,Oropharynx
6,P68_Oropharynx,7.88092,1.32058,1.45765e-06,10.318,Oropharynx
7,P68_Oropharynx,15.0043,2.43315,1.32321e-06,1.22631,Oropharynx
8,P68_Oropharynx,2.52876,0.937838,5.69077e-05,632.93,Oropharynx
9,P68_Oropharynx,3.2397,1.23548,1.08167e-05,213077,Oropharynx
10,P68_Oropharynx,1.71499,0.771673,3.11567e-06,90060.4,Oropharynx
1,P69_Oropharynx,3.62411,0.795481,1.256e-06,2915.64,Oropharynx
2,P69_Oropharynx,4.02534,0.707688,1.23422e-06,10986.3,Oropharynx
3,P69_Oropharynx,9.88639,0.728495,1.30901e-06,1678.56,Oropharynx
4,P69_Oropharynx,9.59708,0.784118,2.50259e-06,4.42069,Oropharynx
5,P69_Oropharynx,0.709364,0.92269,1.8605e-06,430.595,Oropharynx
6,P69_Oropharynx,4.75587,1.50934,8.68476e-07,20978,Oropharynx
7,P69_Oropharynx,29.8238,0.500214,1.69473e-06,0.109542,Oropharynx
8,P69_Oropharynx,2.08777,0.709032,1.43671e-05,3682.59,Oropharynx
9,P69_Oropharynx,3.02898,0.837823,8.87394e-06,855.849,Oropharynx
10,P69_Oropharynx,0.916595,1.19513,8.63936e-07,13570.7,Oropharynx
1,P70_Oropharynx,4.78806,1.19304,6.674e-06,227012,Oropharynx
2,P70_Oropharynx,2.03794,1.33431,1.72099e-05,0.808474,Oropharynx
3,P70_Oropharynx,1.9573,0.850294,8.44849e-06,62.8971,Oropharynx
4,P70_Oropharynx,3.39665,4.26332,6.8953e-06,19.9147,Oropharynx
5,P70_Oropharynx,6.5315,0.760009,4.80588e-06,39153.8,Oropharynx
6,P70_Oropharynx,10.4583,1.19161,1.43864e-06,151.313,Oropharynx
7,P70_Oropharynx,0.724468,0.503564,2.63311e-06,1.64716,Oropharynx
8,P70_Oropharynx,12.9805,1.74603,9.77489e-07,80.9596,Oropharynx
9,P70_Oropharynx,3.55813,0.590234,8.16861e-06,880.152,Oropharynx
10,P70_Oropharynx,21.3485,1.34347,3.50089e-06,155.484,Oropharynx
1,P71_Oropharynx,3.68998,1.55034,2.47292e-06,106488,Oropharynx
2,P71_Oropharynx,3.67355,2.14166,1.04257e-06,269.354,Oropharynx
3,P71_Oropharynx,4.23123,1.3287,1.92625e-06,1020.48,Oropharynx
4,P71_Oropharynx,3.53512,1.24649,6.38444e-06,22.149,Oropharynx
5,P71_Oropharynx,2.76358,1.16211,1.96813e-06,26151.2,Oropharynx
6,P71_Oropharynx,4.06814,0.694416,1.56635e-06,96.3884,Oropharynx
7,P71_Oropharynx,14.0523,0.290218,3.67838e-06,1157.15,Oropharynx
8,P71_Oropharynx,4.96729,0.925255,1.45371e-06,1.83662,Oropharynx
9,P71_Oropharynx,9.87358,1.09262,2.12225e-06,28.1863,Oropharynx
10,P71_Oropharynx,7.56635,0.709459,5.8261e-06,4.31966,Oropharynx
1,P72_Oropharynx,1.29321,1.04502,2.30725e-06,0.287602,Oropharynx
2,P72_Oropharynx,1.11681,0.38999,2.43532e-06,0.259578,Oropharynx
3,P72_Oropharynx,0.434988,1.44578,6.28796e-06,21.2239,Oropharynx
4,P72_Oropharynx,0.859693,1.09239,1.75949e-06,50.4889,Oropharynx
5,P72_Oropharynx,1.10477,0.702623,7.22601e-06,15.0376,Oropharynx
6,P72_Oropharynx,1.5648,1.66281,3.09798e-06,9.84853,Oropharynx
7,P72_Oropharynx,1.74937,1.72561,8.4555e-06,7448.06,Oropharynx
8,P72_Oropharynx,1.6469,0.637541,4.15828e-06,114.675,Oropharynx
9,P72_Oropharynx,3.44281,1.1685,1.15294e-05,2.19753,Oropharynx
10,P72_Oropharynx,1.25441,0.806501,4.08838e-07,71.4022,Oropharynx
1,P73_Oropharynx,0.727261,0.323311,6.64243e-06,15.8786,Oropharynx
2,P73_Oropharynx,3.21587,2.03847,5.74395e-06,13.3692,Oropharynx
3,P73_Oropharynx,10.929,0.644247,5.45964e-06,2101.95,Oropharynx
4,P73_Oropharynx,5.87954,0.427689,9.92162e-06,146.066,Oropharynx
5,P73_Oropharynx,6.43149,0.6929,4.70671e-06,6823.33,Oropharynx
6,P73_Oropharynx,2.89337,0.758366,2.44473e-06,1.62936,Oropharynx
7,P73_Oropharynx,13.631,0.491722,2.73738e-06,9579.71,Oropharynx
8,P73_Oropharynx,3.69955,0.529674,3.34927e-06,130.161,Oropharynx
9,P73_Oropharynx,3.60303,0.739934,3.68796e-07,9.78527,Oropharynx
10,P73_Oropharynx,0.839581,0.445562,4.47464e-06,792.444,Oropharynx
1,P74_Oropharynx,1.95029,0.965199,1.10418e-06,1374.48,Oropharynx
2,P74_Oropharynx,4.58747,1.08102,1.01544e-06,83.1604,Oropharynx
3,P74_Oropharynx,6.54691,0.98435,7.81538e-07,1660,Oropharynx
4,P74_Oropharynx,2.50183,0.852749,3.61604e-06,0.875334,Oropharynx
5,P74_Oropharynx,4.65997,1.47974,1.04698e-05,281.766,Oropharynx
6,P74_Oropharynx,3.02686,0.697197,3.63827e-07,1.15116e+07,Oropharynx
7,P74_Oropharynx,5.37787,1.32851,7.56051e-06,24.0763,Oropharynx
8,P74_Oropharynx,8.95728,0.740099,1.75487e-05,356.321,Oropharynx
9,P74_Oropharynx,2.11517,1.14585,3.89007e-06,20.7054,Oropharynx
10,P74_Oropharynx,7.32844,0.823298,3.97529e-06,0.750101,Oropharynx
1,P75_Oropharynx,3.13983,0.602452,1.96531e-06,213.424,Oropharynx
2,P75_Oropharynx,6.39176,0.801357,1.58493e-06,28.4355,Oropharynx
3,P75_Oropharynx,2.5816,1.01836,6.13981e-07,25.2202,Oropharynx
4,P75_Oropharynx,2.7309,0.915091,1.11439e-06,0.616153,Oropharynx
5,P75_Oropharynx,1.62231,0.497894,5.92933e-07,8.99461,Oropharynx
6,P75_Oropharynx,2.80299,0.84825,1.1986e-05,174.139,Oropharynx
7,P75_Oropharynx,6.99973,1.20224,1.38069e-06,0.338096,Oropharynx
8,P75_Oropharynx,2.56368,0.551882,1.28134e-05,0.586995,Oropharynx
9,P75_Oropharynx,2.47278,0.738272,2.51345e-06,53.189,Oropharynx
10,P75_Oropharynx,0.96165,0.469555,1.72819e-05,372.345,Oropharynx
1,P76_Oropharynx,4.88278,0.75445,9.87544e-06,8.51206e+07,Oropharynx
2,P76_Oropharynx,4.81555,1.11546,5.74303e-07,17.0499,Oropharynx
3,P76_Oropharynx,3.28032,0.770458,4.86095e-06,1262.57,Oropharynx
4,P76_Oropharynx,1.80439,0.831786,4.37318e-06,23779.7,Oropharynx
5,P76_Oropharynx,9.53836,1.09399,3.95452e-07,0.0140218,Oropharynx
6,P76_Oropharynx,1.64154,1.31379,1.39817e-06,3.00341,Oropharynx
7,P76_Oropharynx,5.61319,0.701453,7.99083e-07,12.2668,Oropharynx
8,P76_Oropharynx,7.16664,0.576133,1.78944e-05,0.775961,Oropharynx
9,P76_Oropharynx,1.02787,1.06879,3.37027e-06,15785.8,Oropharynx
10,P76_Oropharynx,1.75602,1.05634,3.82675e-06,14761.7,Oropharynx
1,P77_Oropharynx,2.37641,0.514918,9.04441e-07,10497.8,Oropharynx
2,P77_Oropharynx,6.25473,0.644798,4.28058e-07,19.2003,Oropharynx
3,P77_Oropharynx,7.68658,1.76434,1.72511e-06,0.000828451,Oropharynx
4,P77_Oropharynx,1.88126,0.602244,9.10473e-07,61.5883,Oropharynx
5,P77_Oropharynx,3.98469,1.29416,3.04678e-06,641.157,Oropharynx
6,P77_Oropharynx,5.87117,0.765477,1.95479e-05,19.1211,Oropharynx
7,P77_Oropharynx,3.3851,0.476684,2.77561e-06,58720.4,Oropharynx
8,P77_Oropharynx,3.7905,1.19797,1.75808e-06,4.31596,Oropharynx
9,P77_Oropharynx,4.9534,0.573217,3.51466e-06,67.8973,Oropharynx
10,P77_Oropharynx,2.7152,0.604168,4.21233e-07,522362,Oropharynx
1,DI-01_Rectum,6.57043,1.40931,6.82296e-08,2.80693e+06,Rectum
2,DI-01_Rectum,1.51228,0.572697,4.18028e-08,1.25398e+06,Rectum
3,DI-01_Rectum,2.16622,0.865028,6.57796e-08,1.28913e+06,Rectum
4,DI-01_Rectum,2.1814,1.37316,4.60825e-09,1.65567e+06,Rectum
5,DI-01_Rectum,2.35606,0.258512,1.74504e-07,1.93373e+08,Rectum
6,DI-01_Rectum,0.496378,0.781486,3.97632e-08,3.97905e+07,Rectum
7,DI-01_Rectum,2.63985,0.644244,1.63233e-08,389894,Rectum
8,DI-01_Rectum,1.19177,0.720821,4.68193e-08,4.38807e+06,Rectum
9,DI-01_Rectum,0.470864,0.963699,3.37592e-08,6.30832e+06,Rectum
10,DI-01_Rectum,1.93871,0.45332,7.45842e-09,5.26746e+06,Rectum
1,DI-01_Oropharynx,2.54255,0.353258,4.12449e-07,20418.9,Oropharynx
2,DI-01_Oropharynx,10.1396,1.80842,1.05219e-06,331.914,Oropharynx
3,DI-01_Oropharynx,8.56891,2.8391,9.87265e-06,7.04673,Oropharynx
4,DI-01_Oropharynx,3.28735,0.645662,1.12671e-06,154.374,Oropharynx
5,DI-01_Oropharynx,2.81205,0.684521,7.51593e-07,1403.48,Oropharynx
6,DI-01_Oropharynx,1.66977,0.259589,3.60645e-06,1408.03,Oropharynx
7,DI-01_Oropharynx,1.88101,0.504322,2.27963e-06,262.576,Oropharynx
8,DI-01_Oropharynx,1.70289,0.830804,1.88595e-06,435.125,Oropharynx
9,DI-01_Oropharynx,4.6177,1.19439,6.72936e-07,15.2732,Oropharynx
10,DI-01_Oropharynx,1.38224,0.410238,4.71326e-06,1978.26,Oropharynx
1,DI-01_Saliva,2.20593,0.558477,2.32497e-07,1189.55,Saliva
2,DI-01_Saliva,1.88945,0.800526,2.57622e-08,559.631,Saliva
3,DI-01_Saliva,1.44311,0.307281,1.86466e-08,2551.95,Saliva
4,DI-01_Saliva,1.18625,0.659468,6.59587e-08,3194.46,Saliva
5,DI-01_Saliva,1.59071,1.35432,2.96768e-07,6520.34,Saliva
6,DI-01_Saliva,3.44058,2.3325,5.37871e-07,7904.94,Saliva
7,DI-01_Saliva,2.80451,0.613402,3.97099e-07,2112.32,Saliva
8,DI-01_Saliva,3.50654,0.857453,2.57612e-07,135.777,Saliva
9,DI-01_Saliva,2.63839,0.838571,7.34148e-07,162.404,Saliva
10,DI-01_Saliva,3.14956,0.40038,9.49222e-08,529.985,Saliva
1,DI-02_Rectum,1.02709,0.823483,2.76247e-08,674311,Rectum
2,DI-02_Rectum,11.81,1.01934,2.56947e-08,180747,Rectum
3,DI-02_Rectum,4.04012,2.05197,7.4993e-09,253779,Rectum
4,DI-02_Rectum,9.33042,1.59296,7.61148e-08,1.23983e+06,Rectum
5,DI-02_Rectum,5.15235,0.989333,2.23837e-08,2.73769e+06,Rectum
6,DI-02_Rectum,1.43138,0.777653,9.41693e-08,275371,Rectum
7,DI-02_Rectum,2.52615,0.893445,2.52947e-08,61324.7,Rectum
8,DI-02_Rectum,4.77609,1.21403,4.13103e-08,4.72282e+06,Rectum
9,DI-02_Rectum,1.42226,0.89753,3.23722e-08,1.53297e+06,Rectum
10,DI-02_Rectum,1.57087,1.49071,3.17329e-08,5.21579e+06,Rectum
1,DI-02_Saliva,1.7254,2.11217,4.00149e-07,17.0606,Saliva
2,DI-02_Saliva,2.61264,1.0975,1.13157e-07,0.00376509,Saliva
3,DI-02_Saliva,3.31152,1.43118,7.78408e-07,0.000849487,Saliva
4,DI-02_Saliva,1.0749,0.695232,8.63694e-08,0.766006,Saliva
5,DI-02_Saliva,0.603099,0.311407,1.50686e-07,2.22144,Saliva
6,DI-02_Saliva,1.09681,1.72073,9.18726e-08,1.06969,Saliva
7,DI-02_Saliva,2.25117,0.943784,9.04426e-07,4.2923e-05,Saliva
8,DI-02_Saliva,2.03806,0.318368,1.18155e-07,0.00341247,Saliva
9,DI-02_Saliva,2.98319,1.36085,1.23003e-07,0.0158542,Saliva
10,DI-02_Saliva,1.7569,1.32183,1.32942e-07,0.0228515,Saliva
1,DI-02_Oropharynx,3.05045,0.504969,5.51739e-07,286.659,Oropharynx
2,DI-02_Oropharynx,3.8671,1.342,1.95277e-06,6.13894,Oropharynx
3,DI-02_Oropharynx,4.25922,0.671753,2.84626e-07,1163.31,Oropharynx
4,DI-02_Oropharynx,1.2011,1.98808,2.33109e-05,5811.83,Oropharynx
5,DI-02_Oropharynx,2.61734,0.7764,5.77528e-06,10.1152,Oropharynx
6,DI-02_Oropharynx,6.49524,2.05134,3.06778e-06,0.150364,Oropharynx
7,DI-02_Oropharynx,0.599213,2.13065,3.94171e-06,1.02609,Oropharynx
8,DI-02_Oropharynx,3.58573,0.385025,2.1272e-06,726.97,Oropharynx
9,DI-02_Oropharynx,6.50377,0.827048,4.66043e-06,0.000614105,Oropharynx
10,DI-02_Oropharynx,9.58301,0.361959,3.52222e-06,198.032,Oropharynx
1,DI-03_Saliva,2.82389,0.803736,1.73913e-06,7105.71,Saliva
2,DI-03_Saliva,11.9542,0.582225,1.2046e-06,10501.2,Saliva
3,DI-03_Saliva,4.26866,0.825841,5.25391e-07,515.944,Saliva
4,DI-03_Saliva,14.8336,0.72069,1.36166e-06,1843.52,Saliva
5,DI-03_Saliva,5.30587,1.13272,2.65579e-07,5039.58,Saliva
6,DI-03_Saliva,7.60942,0.539921,5.64561e-07,2345.12,Saliva
7,DI-03_Saliva,0.987495,0.347145,1.9247e-07,35202.2,Saliva
8,DI-03_Saliva,3.02176,0.293581,7.18038e-07,161.105,Saliva
9,DI-03_Saliva,4.22088,1.20164,3.1096e-06,15.014,Saliva
10,DI-03_Saliva,1.53963,0.705088,1.89299e-07,51.7587,Saliva
1,DI-03_Oropharynx,3.23057,0.691554,7.15168e-06,4.13932,Oropharynx
2,DI-03_Oropharynx,4.75046,2.7892,1.66392e-06,5.64001,Oropharynx
3,DI-03_Oropharynx,20.1034,1.59993,4.50917e-07,5.47691,Oropharynx
4,DI-03_Oropharynx,11.8004,0.688508,1.36241e-06,36.3296,Oropharynx
5,DI-03_Oropharynx,26.5606,1.19161,1.6817e-06,39.6569,Oropharynx
6,DI-03_Oropharynx,4.94108,0.667187,5.09912e-06,1463.37,Oropharynx
7,DI-03_Oropharynx,5.65397,0.905224,1.20926e-06,2.2575,Oropharynx
8,DI-03_Oropharynx,4.78627,1.24337,2.65312e-06,29.4027,Oropharynx
9,DI-03_Oropharynx,4.63081,1.40219,1.38262e-05,6.19639,Oropharynx
10,DI-03_Oropharynx,2.70272,0.595139,2.06639e-06,41.1129,Oropharynx
1,DI-03_Rectum,3.16997,1.15852,1.4975e-08,10.4501,Rectum
2,DI-03_Rectum,0.63953,0.836408,2.88316e-08,258.999,Rectum
3,DI-03_Rectum,0.946957,0.804391,5.25575e-08,3298.92,Rectum
4,DI-03_Rectum,1.69015,0.633834,1.01545e-07,1912.22,Rectum
5,DI-03_Rectum,1.36415,1.29624,6.19035e-08,1.18644,Rectum
6,DI-03_Rectum,1.41057,1.23516,7.17116e-09,2706.4,Rectum
7,DI-03_Rectum,1.47374,1.5354,1.68625e-08,3056.8,Rectum
8,DI-03_Rectum,1.47655,0.346124,4.55883e-08,0.334098,Rectum
9,DI-03_Rectum,2.73763,0.59832,1.14994e-08,4.94112,Rectum
10,DI-03_Rectum,2.69188,2.52248,2.67319e-09,197.337,Rectum
1,DI-04_Rectum,1.36047,0.917727,2.92933e-08,1.14043e+06,Rectum
2,DI-04_Rectum,3.02025,1.61401,2.4693e-07,166092,Rectum
3,DI-04_Rectum,0.429003,0.478772,7.78647e-09,322668,Rectum
4,DI-04_Rectum,2.39432,1.10048,4.79066e-08,299912,Rectum
5,DI-04_Rectum,6.88419,0.380029,1.67512e-07,66647,Rectum
6,DI-04_Rectum,4.54732,0.732204,3.42761e-08,601098,Rectum
7,DI-04_Rectum,2.0326,0.88073,1.87341e-08,220103,Rectum
8,DI-04_Rectum,1.99518,0.259178,1.51716e-08,148307,Rectum
9,DI-04_Rectum,28.2009,1.0239,1.63684e-07,74748.3,Rectum
10,DI-04_Rectum,2.11943,0.483209,1.62337e-08,287463,Rectum
1,DI-04_Saliva,1.006,1.02564,4.10676e-07,4.97518,Saliva
2,DI-04_Saliva,1.08185,1.06929,1.01093e-08,0.0124569,Saliva
3,DI-04_Saliva,2.53832,1.75043,1.6924e-07,2.13775,Saliva
4,DI-04_Saliva,0.515303,0.931256,1.08376e-07,0.048336,Saliva
5,DI-04_Saliva,1.62828,0.691139,2.14928e-07,0.00536322,Saliva
6,DI-04_Saliva,0.756015,0.995678,2.37933e-08,2.38878,Saliva
7,DI-04_Saliva,2.11825,2.65435,4.46326e-07,0.0967062,Saliva
8,DI-04_Saliva,2.97117,1.17861,2.38961e-07,0.000732239,Saliva
9,DI-04_Saliva,3.2737,0.807458,9.84667e-07,18.3219,Saliva
10,DI-04_Saliva,1.85492,0.856044,4.74572e-08,0.0386104,Saliva
1,DI-04_Oropharynx,0.422153,1.51346,9.43584e-06,3.56578,Oropharynx
2,DI-04_Oropharynx,0.737319,1.4378,6.48791e-06,0.693362,Oropharynx
3,DI-04_Oropharynx,5.39029,1.83164,6.27047e-07,1.15297e-05,Oropharynx
4,DI-04_Oropharynx,1.06626,0.845878,3.61381e-07,0.105541,Oropharynx
5,DI-04_Oropharynx,1.85474,1.40461,5.64112e-06,3.11688,Oropharynx
6,DI-04_Oropharynx,1.42328,1.92776,3.74112e-06,0.0135171,Oropharynx
7,DI-04_Oropharynx,1.17438,0.490865,3.13812e-06,18.9507,Oropharynx
8,DI-04_Oropharynx,3.22152,0.588562,8.39482e-07,0.163784,Oropharynx
9,DI-04_Oropharynx,2.00853,0.846484,1.9227e-06,5.44599,Oropharynx
10,DI-04_Oropharynx,1.27755,0.719065,1.71141e-06,1494.48,Oropharynx
