rep,id,eta_r,eta_delta,eta_beta,eta_v,site
1,P1_Rectum,-0.181251,-0.298288,-0.115976,-3.25,Rectum
2,P1_Rectum,-1.52702,-0.579922,-2.85374,-1.37333,Rectum
3,P1_Rectum,0.575391,-0.589578,2.54084,-9.49748,Rectum
4,P1_Rectum,1.06754,-0.614624,-2.68332,-7.33222,Rectum
5,P1_Rectum,-0.381263,-0.234094,-0.481808,1.32023,Rectum
6,P1_Rectum,0.989944,-0.245999,-2.21353,-3.41691,Rectum
7,P1_Rectum,0.824332,-0.834527,0.440336,3.1129,Rectum
8,P1_Rectum,0.90574,-0.780624,1.18361,5.06514,Rectum
9,P1_Rectum,-0.490368,-0.280284,-1.56442,-15.536,Rectum
10,P1_Rectum,0.11612,-1.22688,-0.376244,0.198522,Rectum
1,P2_Rectum,-0.0686262,-0.110213,-0.462897,6.54708,Rectum
2,P2_Rectum,0.665069,-0.984365,0.47239,-1.20142,Rectum
3,P2_Rectum,-1.82005,-0.42406,1.11405,10.8989,Rectum
4,P2_Rectum,0.771622,-0.196031,-0.76974,2.98064,Rectum
5,P2_Rectum,0.292152,-0.704492,-0.536015,0.482868,Rectum
6,P2_Rectum,0.147141,-0.25072,-2.28385,9.08608,Rectum
7,P2_Rectum,0.310295,-0.0784293,-0.650619,0.879018,Rectum
8,P2_Rectum,1.60207,-0.654978,0.148578,4.76034,Rectum
9,P2_Rectum,2.03571,-0.632172,2.9483,3.76144,Rectum
10,P2_Rectum,0.495592,-0.0305295,-2.41591,1.44326,Rectum
1,P3_Rectum,-0.949612,-0.729665,0.350011,9.96323,Rectum
2,P3_Rectum,1.0393,-0.378841,-0.0843046,7.56926,Rectum
3,P3_Rectum,1.45444,0.030626,0.00413319,3.14887,Rectum
4,P3_Rectum,-0.438382,0.335106,0.759636,2.62861,Rectum
5,P3_Rectum,0.2792,-0.429519,0.523236,-1.4795,Rectum
6,P3_Rectum,0.474438,-0.0723798,0.842697,-0.69719,Rectum
7,P3_Rectum,-0.996992,0.237642,1.37826,12.899,Rectum
8,P3_Rectum,1.1571,-0.394228,1.51746,2.89777,Rectum
9,P3_Rectum,0.196138,-0.55096,0.797507,-2.70457,Rectum
10,P3_Rectum,1.49155,-0.481754,-1.25065,-1.45696,Rectum
1,P4_Rectum,-0.144758,0.0754181,-0.33874,-1.72675,Rectum
2,P4_Rectum,-0.859384,-0.356388,2.28954,-0.582067,Rectum
3,P4_Rectum,-0.258397,0.467272,0.0429581,-2.11111,Rectum
4,P4_Rectum,-0.9208,0.28686,0.0452215,7.16196,Rectum
5,P4_Rectum,-1.10541,-0.133056,0.811141,4.11844,Rectum
6,P4_Rectum,0.228225,0.364574,0.744267,2.38671,Rectum
7,P4_Rectum,0.155912,-0.667477,1.03618,4.8794,Rectum
8,P4_Rectum,-0.478758,0.882932,0.764657,3.24153,Rectum
9,P4_Rectum,0.284676,0.338695,-1.03706,-2.76065,Rectum
10,P4_Rectum,-0.636369,-0.0433183,0.295046,-6.47634,Rectum
1,P5_Rectum,-0.580232,0.589088,-0.0333095,-2.24442,Rectum
2,P5_Rectum,-0.0416819,-0.424576,-1.22047,-6.5778,Rectum
3,P5_Rectum,-0.229484,0.0276443,-1.26139,4.13941,Rectum
4,P5_Rectum,0.384755,-0.422604,0.248561,9.27774,Rectum
5,P5_Rectum,-0.415906,0.18757,1.12433,-8.08442,Rectum
6,P5_Rectum,0.956259,0.0810798,-1.33918,-7.61149,Rectum
7,P5_Rectum,0.570184,-0.17547,0.647063,6.87177,Rectum
8,P5_Rectum,1.12305,-0.896278,-0.659572,4.59569,Rectum
9,P5_Rectum,0.471907,-0.642838,0.63165,-1.13748,Rectum
10,P5_Rectum,0.302671,0.194014,0.210839,-6.62998,Rectum
1,P6_Rectum,1.91112,-1.17316,0.551232,2.09054,Rectum
2,P6_Rectum,0.881828,0.722402,-0.518531,-3.95841,Rectum
3,P6_Rectum,0.0195032,-0.288233,2.26002,0.379893,Rectum
4,P6_Rectum,0.540411,-0.586117,-1.37924,6.04522,Rectum
5,P6_Rectum,0.560821,0.360221,-1.59632,-1.6593,Rectum
6,P6_Rectum,0.332879,0.0932371,0.122699,0.579138,Rectum
7,P6_Rectum,0.92035,-0.808105,-1.50353,4.88818,Rectum
8,P6_Rectum,0.829602,0.465907,1.1799,-7.37595,Rectum
9,P6_Rectum,0.125401,0.067659,1.04673,-4.66532,Rectum
10,P6_Rectum,-0.0986333,-0.580157,-0.51391,-1.28634,Rectum
1,P7_Rectum,-0.0281636,0.228243,1.27778,1.75379,Rectum
2,P7_Rectum,0.334773,0.352985,2.54128,-4.28165,Rectum
3,P7_Rectum,-0.743711,0.0596584,0.769788,-4.12948,Rectum
4,P7_Rectum,-0.715469,-0.0165344,-0.352572,-0.634954,Rectum
5,P7_Rectum,0.761516,0.790748,0.163358,-8.55899,Rectum
6,P7_Rectum,0.605854,-0.241407,2.23315,-3.76726,Rectum
7,P7_Rectum,0.568825,0.112191,-0.577559,1.66845,Rectum
8,P7_Rectum,0.499677,-0.103477,0.0599893,-1.3091,Rectum
9,P7_Rectum,-0.0178196,-0.26863,0.32539,-7.09292,Rectum
10,P7_Rectum,-0.249035,0.220922,0.108855,5.20386,Rectum
1,P8_Rectum,-0.937604,-0.113352,1.27886,7.7071,Rectum
2,P8_Rectum,-2.73163,-0.299636,-1.15329,4.42798,Rectum
3,P8_Rectum,-0.293263,0.680558,2.2209,2.45337,Rectum
4,P8_Rectum,0.218638,1.71195,-0.0913241,4.79408,Rectum
5,P8_Rectum,0.73962,-0.0964725,0.104063,-1.6507,Rectum
6,P8_Rectum,0.227492,0.0862352,0.359846,7.4003,Rectum
7,P8_Rectum,-1.03852,0.304313,-1.44131,1.87173,Rectum
8,P8_Rectum,0.155072,-0.0204761,2.18835,3.99449,Rectum
9,P8_Rectum,0.245748,0.689755,0.993198,1.48095,Rectum
10,P8_Rectum,-0.937123,0.189444,-0.376214,-2.56867,Rectum
1,P9_Rectum,0.883255,1.10273,1.94235,1.30115,Rectum
2,P9_Rectum,-2.03514,0.215455,0.125232,-3.36244,Rectum
3,P9_Rectum,-1.27087,0.573215,-0.484171,-9.34205,Rectum
4,P9_Rectum,-1.61395,-0.625795,0.131491,-6.44362,Rectum
5,P9_Rectum,-0.61115,0.694051,-1.58222,-7.59816,Rectum
6,P9_Rectum,-0.614068,1.42578,0.253522,4.26923,Rectum
7,P9_Rectum,-0.353731,1.05458,0.903468,8.33919,Rectum
8,P9_Rectum,-1.68191,0.0624191,-1.91653,-5.17726,Rectum
9,P9_Rectum,-1.89111,0.776942,-0.254183,-1.66753,Rectum
10,P9_Rectum,-1.15159,0.573483,-2.1216,-6.29429,Rectum
1,P10_Rectum,0.530146,0.155788,0.510397,-0.0375305,Rectum
2,P10_Rectum,-0.988855,0.170824,-3.34252,-5.08573,Rectum
3,P10_Rectum,-1.45678,0.16726,1.03094,1.50108,Rectum
4,P10_Rectum,-0.144796,0.157418,-0.700087,13.1942,Rectum
5,P10_Rectum,-0.17596,1.05069,0.676247,-5.68223,Rectum
6,P10_Rectum,0.746399,-0.211417,-0.0439718,-1.88684,Rectum
7,P10_Rectum,-1.34922,-0.755399,-1.06633,-3.82537,Rectum
8,P10_Rectum,-1.45961,0.0402588,-1.31052,0.0101995,Rectum
9,P10_Rectum,-1.29282,-0.151027,-1.4623,-2.6803,Rectum
10,P10_Rectum,-1.1469,-0.011899,1.75855,-6.10038,Rectum
1,P11_Rectum,-0.333945,-0.59003,2.2126,1.78353,Rectum
2,P11_Rectum,-0.987959,0.300108,0.90323,3.82293,Rectum
3,P11_Rectum,0.549841,0.00143357,-0.258388,-0.837201,Rectum
4,P11_Rectum,0.403464,-0.0658004,-0.151863,-0.942411,Rectum
5,P11_Rectum,-0.0262508,-0.39244,0.292413,4.60524,Rectum
6,P11_Rectum,0.333263,-0.243267,0.934351,-8.05378,Rectum
7,P11_Rectum,0.632864,-0.144317,1.72879,-9.1172,Rectum
8,P11_Rectum,-0.212077,0.387528,-1.22582,7.95644,Rectum
9,P11_Rectum,-0.313678,-0.158401,1.68156,0.885078,Rectum
10,P11_Rectum,0.369401,-0.264518,2.30068,4.05608,Rectum
1,P12_Rectum,-1.22038,-0.250413,-1.42501,-7.23301,Rectum
2,P12_Rectum,-1.26333,0.577137,-0.937407,-7.98151,Rectum
3,P12_Rectum,-1.05301,0.0627382,-1.08693,-13.5303,Rectum
4,P12_Rectum,-0.784511,0.0523721,1.76625,-7.67288,Rectum
5,P12_Rectum,-0.749629,1.11094,-1.21504,-3.01045,Rectum
6,P12_Rectum,-1.52774,-0.0499348,0.786502,-8.94841,Rectum
7,P12_Rectum,-0.153695,1.02314,-0.129893,-9.94068,Rectum
8,P12_Rectum,-1.96738,0.745676,-0.895818,-2.02314,Rectum
9,P12_Rectum,-1.87055,0.406784,-0.744171,-6.67518,Rectum
10,P12_Rectum,-0.701726,0.000357258,-0.332701,-7.49829,Rectum
1,P13_Rectum,-0.372705,0.640981,-0.964068,1.04237,Rectum
2,P13_Rectum,0.104997,0.12698,-0.343388,-2.29453,Rectum
3,P13_Rectum,1.25486,-0.541253,1.70375,0.0351228,Rectum
4,P13_Rectum,0.248165,-0.518753,-0.540749,-3.85216,Rectum
5,P13_Rectum,-0.233348,-0.3654,0.0999594,2.03552,Rectum
6,P13_Rectum,0.895837,-0.233399,0.0296795,6.10539,Rectum
7,P13_Rectum,-0.983816,-0.618873,0.262266,0.661311,Rectum
8,P13_Rectum,0.244879,0.48785,0.19503,-0.586807,Rectum
9,P13_Rectum,0.32048,-0.0156409,-1.44663,6.23582,Rectum
10,P13_Rectum,-0.165192,-0.532743,0.099552,6.10054,Rectum
1,P14_Rectum,-1.8899,0.762058,-0.37988,-0.120086,Rectum
2,P14_Rectum,-0.633659,0.998427,1.59882,-3.1483,Rectum
3,P14_Rectum,-0.408648,0.297718,-1.23957,-9.91663,Rectum
4,P14_Rectum,-0.616973,1.05913,-1.7993,-3.27153,Rectum
5,P14_Rectum,-0.899699,0.749184,0.46327,-2.40994,Rectum
6,P14_Rectum,-1.19695,0.221064,-0.621062,-4.43295,Rectum
7,P14_Rectum,-0.593145,0.256901,-1.35607,-10.8531,Rectum
8,P14_Rectum,-1.29947,-0.440056,-0.329822,-8.84294,Rectum
9,P14_Rectum,-1.31799,0.195297,0.335824,-2.54646,Rectum
10,P14_Rectum,-1.3584,0.52701,-2.02578,-5.03664,Rectum
1,P15_Rectum,-1.94813,-0.503815,0.335455,8.95368,Rectum
2,P15_Rectum,0.235792,0.107566,0.5406,5.40789,Rectum
3,P15_Rectum,1.2487,-0.654456,-0.308791,-6.19985,Rectum
4,P15_Rectum,1.13989,-0.288313,-0.374021,4.66338,Rectum
5,P15_Rectum,2.26687,-0.311764,1.75829,8.42762,Rectum
6,P15_Rectum,0.379463,0.294195,1.41698,-2.3047,Rectum
7,P15_Rectum,0.0658278,0.368645,1.15615,10.0627,Rectum
8,P15_Rectum,1.04872,-0.292589,-1.41252,4.21016,Rectum
9,P15_Rectum,0.122106,0.0522479,-1.46137,-4.27624,Rectum
10,P15_Rectum,0.42859,-1.03726,1.11403,0.388155,Rectum
1,P16_Rectum,-1.38386,0.0186313,0.248436,-3.48386,Rectum
2,P16_Rectum,-0.301369,1.15448,0.144261,1.08003,Rectum
3,P16_Rectum,-0.963275,0.264897,0.0128983,-0.258922,Rectum
4,P16_Rectum,-1.36919,-0.148041,-0.940816,0.974151,Rectum
5,P16_Rectum,-0.660084,0.400377,-0.35172,-4.56965,Rectum
6,P16_Rectum,-1.03163,0.56177,-0.809644,-2.82042,Rectum
7,P16_Rectum,-1.3694,0.186861,0.0950526,1.05135,Rectum
8,P16_Rectum,-1.56828,0.120259,0.981124,-3.41317,Rectum
9,P16_Rectum,-1.50506,-0.0261699,2.43319,-4.28681,Rectum
10,P16_Rectum,0.866123,0.900902,0.169976,4.81674,Rectum
1,P17_Rectum,0.359764,0.784891,0.221065,-6.31623,Rectum
2,P17_Rectum,0.184544,-0.190085,0.362418,-8.19264,Rectum
3,P17_Rectum,-0.33603,0.426308,1.26101,-0.61427,Rectum
4,P17_Rectum,0.568868,-0.746702,0.507227,4.29734,Rectum
5,P17_Rectum,-1.11635,-0.259775,-0.727522,15.3705,Rectum
6,P17_Rectum,0.00579049,0.126691,-0.427811,-5.64347,Rectum
7,P17_Rectum,-0.0180061,-0.921992,-2.20999,-3.00372,Rectum
8,P17_Rectum,0.863527,-0.517843,1.15829,-1.87603,Rectum
9,P17_Rectum,1.14059,-0.843858,-2.13215,2.99777,Rectum
10,P17_Rectum,-0.353009,0.0638981,0.378643,-1.18694,Rectum
1,P18_Rectum,-0.289408,-0.387199,-1.62311,-5.88985,Rectum
2,P18_Rectum,0.181988,0.633348,1.29657,-4.1648,Rectum
3,P18_Rectum,-0.499141,0.644993,-1.1262,2.59586,Rectum
4,P18_Rectum,-0.28423,-0.331778,-1.29344,7.61986,Rectum
5,P18_Rectum,0.538086,0.354487,-1.58828,4.95954,Rectum
6,P18_Rectum,-0.653861,0.114868,0.936174,5.52293,Rectum
7,P18_Rectum,0.565686,0.2803,1.21101,4.36945,Rectum
8,P18_Rectum,-0.29015,0.153768,-1.28511,-5.13101,Rectum
9,P18_Rectum,-0.25447,-0.653285,0.750652,1.19487,Rectum
10,P18_Rectum,0.496197,0.141011,0.847071,-2.74647,Rectum
1,P19_Rectum,-0.799408,0.449188,0.285603,-1.99438,Rectum
2,P19_Rectum,0.0703911,0.159235,0.969456,-1.38017,Rectum
3,P19_Rectum,-1.4505,-0.141172,2.8358,-2.62509,Rectum
4,P19_Rectum,-1.49093,0.487863,-1.05589,4.04497,Rectum
5,P19_Rectum,-0.41308,0.854578,-1.78147,-2.73835,Rectum
6,P19_Rectum,-1.24863,-0.307179,-0.67456,-7.46818,Rectum
7,P19_Rectum,0.850288,-0.0282781,1.11094,-5.88019,Rectum
8,P19_Rectum,-0.192539,-0.104329,1.63804,-0.937477,Rectum
9,P19_Rectum,0.250855,0.00237393,0.38691,1.52508,Rectum
10,P19_Rectum,-0.737536,0.388533,-0.0434679,-2.95537,Rectum
1,P20_Rectum,1.25605,0.119131,-0.185267,5.96065,Rectum
2,P20_Rectum,0.856434,0.348124,0.512932,-7.21348,Rectum
3,P20_Rectum,0.259139,-0.207411,0.86572,8.5415,Rectum
4,P20_Rectum,-0.608178,0.689304,1.9732,0.28069,Rectum
5,P20_Rectum,1.21013,-0.191289,1.56198,1.00878,Rectum
6,P20_Rectum,-0.668021,0.479236,-0.522298,-6.42364,Rectum
7,P20_Rectum,-0.00634807,0.780582,1.845,2.81555,Rectum
8,P20_Rectum,1.60815,0.579428,-2.47908,1.5534,Rectum
9,P20_Rectum,1.08992,0.215234,1.88691,12.2638,Rectum
10,P20_Rectum,-0.221302,0.606541,1.21516,5.3948,Rectum
1,P21_Rectum,0.711714,-0.271798,-0.675162,1.66172,Rectum
2,P21_Rectum,0.307022,-1.11824,2.26399,7.5331,Rectum
3,P21_Rectum,0.502411,-0.211497,-0.653403,1.58153,Rectum
4,P21_Rectum,-0.117772,-0.301841,0.518293,-3.22622,Rectum
5,P21_Rectum,-0.571386,0.0159191,-0.281402,-5.96482,Rectum
6,P21_Rectum,-1.19368,0.32583,0.222239,0.791096,Rectum
7,P21_Rectum,0.121846,-0.52312,1.13228,-6.01031,Rectum
8,P21_Rectum,-0.0580349,0.38181,0.327218,-0.140218,Rectum
9,P21_Rectum,-0.865422,-0.535035,0.145571,5.94477,Rectum
10,P21_Rectum,-0.257288,-0.69394,-1.29231,3.05475,Rectum
1,P22_Rectum,0.500098,-0.0196573,-0.29777,4.94275,Rectum
2,P22_Rectum,-0.455647,0.50279,-0.81458,-1.6706,Rectum
3,P22_Rectum,-1.55447,-0.17964,1.12377,0.952645,Rectum
4,P22_Rectum,1.0609,0.429183,-0.258738,1.73928,Rectum
5,P22_Rectum,-0.605009,0.0446832,0.90009,-0.38979,Rectum
6,P22_Rectum,0.238708,0.36535,0.117044,8.32327,Rectum
7,P22_Rectum,0.550596,1.02824,-0.517573,2.48928,Rectum
8,P22_Rectum,-0.619193,-0.49287,-0.779048,-6.42613,Rectum
9,P22_Rectum,-0.710483,0.136415,-1.26435,-2.23328,Rectum
10,P22_Rectum,-0.879221,0.206958,0.261144,-3.01305,Rectum
1,P23_Rectum,-1.06182,0.206827,0.0730826,-3.23021,Rectum
2,P23_Rectum,-0.628713,-0.933199,0.433011,-2.97478,Rectum
3,P23_Rectum,-1.20489,-0.442686,0.300514,-5.38598,Rectum
4,P23_Rectum,-1.30744,-0.490728,1.63759,-1.35941,Rectum
5,P23_Rectum,-0.930573,-0.13792,0.366532,-6.51646,Rectum
6,P23_Rectum,-1.65062,-0.76544,-0.585317,-4.4116,Rectum
7,P23_Rectum,-0.987589,-0.542907,-1.36603,-3.80704,Rectum
8,P23_Rectum,-0.856846,0.00500169,-0.960215,-5.42012,Rectum
9,P23_Rectum,-0.852804,-0.431766,-0.85194,-6.81056,Rectum
10,P23_Rectum,-1.14361,-0.178947,0.699694,-3.68254,Rectum
1,P24_Rectum,-0.280851,0.582106,-0.63961,-9.30824,Rectum
2,P24_Rectum,-0.118098,0.922708,0.397594,-10.4013,Rectum
3,P24_Rectum,-1.07932,0.853056,0.232484,-0.641908,Rectum
4,P24_Rectum,-1.32818,-0.266562,-1.24095,-2.88915,Rectum
5,P24_Rectum,-0.599629,0.167235,1.53209,-4.77319,Rectum
6,P24_Rectum,-0.701115,0.248635,-0.186448,-7.23759,Rectum
7,P24_Rectum,-0.844053,1.07799,-0.601134,-3.7621,Rectum
8,P24_Rectum,-1.42178,0.395899,-0.641488,-8.25794,Rectum
9,P24_Rectum,-1.09213,-0.795046,0.780576,-8.67539,Rectum
10,P24_Rectum,-0.766725,0.34564,-0.298753,-6.10167,Rectum
1,P25_Rectum,0.525134,-0.96953,1.08837,0.844972,Rectum
2,P25_Rectum,0.893796,-0.686373,-2.48733,1.63756,Rectum
3,P25_Rectum,0.388262,-1.14888,0.60841,-5.09705,Rectum
4,P25_Rectum,0.463299,-0.239879,-1.21472,-10.1194,Rectum
5,P25_Rectum,-0.35819,-0.856189,-0.65219,8.11286,Rectum
6,P25_Rectum,0.562141,-0.505268,-2.01159,2.9497,Rectum
7,P25_Rectum,0.206332,-0.325533,-2.71748,-1.52724,Rectum
8,P25_Rectum,0.102769,-0.679296,-0.772825,-5.60114,Rectum
9,P25_Rectum,1.63058,-0.648572,-0.52977,-4.26039,Rectum
10,P25_Rectum,-0.612742,-0.687735,-0.662626,3.04625,Rectum
1,P26_Rectum,0.29527,0.378183,-1.47665,1.94399,Rectum
2,P26_Rectum,0.0326906,-0.250512,1.7219,2.81805,Rectum
3,P26_Rectum,1.58843,0.342483,0.130759,0.857089,Rectum
4,P26_Rectum,0.438042,0.326287,-1.46067,-3.26735,Rectum
5,P26_Rectum,0.229338,0.186603,-1.12376,-1.91518,Rectum
6,P26_Rectum,0.623993,-0.383234,-0.827316,-1.11279,Rectum
7,P26_Rectum,0.957576,-0.340767,0.482199,-2.55722,Rectum
8,P26_Rectum,0.257116,0.270451,0.939207,6.78527,Rectum
9,P26_Rectum,-1.29417,-0.46775,2.79418,3.70974,Rectum
10,P26_Rectum,-0.142904,-0.654239,-0.789785,10.8339,Rectum
1,P27_Rectum,0.778417,-1.0464,-0.231938,-0.454995,Rectum
2,P27_Rectum,0.059961,-0.0820471,-2.03574,-4.74845,Rectum
3,P27_Rectum,1.43358,-0.303443,0.363901,9.50288,Rectum
4,P27_Rectum,0.178157,-0.379275,-1.33743,6.15064,Rectum
5,P27_Rectum,0.383568,-0.0724811,-2.40773,-3.01279,Rectum
6,P27_Rectum,0.571169,-0.701674,-2.14274,-8.63275,Rectum
7,P27_Rectum,0.866125,0.149817,-1.23413,2.78323,Rectum
8,P27_Rectum,0.698778,-0.140498,-2.33982,1.06763,Rectum
9,P27_Rectum,-1.23296,-0.020776,-0.97522,11.7573,Rectum
10,P27_Rectum,2.00474,0.315036,-0.0285888,-1.75152,Rectum
1,P28_Rectum,-0.651926,0.713111,1.16501,3.6505,Rectum
2,P28_Rectum,-0.758281,0.796384,-2.33104,1.69262,Rectum
3,P28_Rectum,-0.560098,0.571222,1.26583,-2.8021,Rectum
4,P28_Rectum,-0.418963,0.571557,-0.775843,-5.09869,Rectum
5,P28_Rectum,0.0319912,0.498788,0.94911,8.65162,Rectum
6,P28_Rectum,-0.571135,0.381893,1.1207,-3.72234,Rectum
7,P28_Rectum,-1.12533,-0.331951,-0.330091,-0.531291,Rectum
8,P28_Rectum,-0.95893,0.513981,0.0183684,-0.40269,Rectum
9,P28_Rectum,-1.05126,-0.917995,-0.303147,-3.94568,Rectum
10,P28_Rectum,-0.839545,-0.138475,-1.04895,-2.18041,Rectum
1,P29_Rectum,-0.990405,1.12898,0.0990362,-2.76152,Rectum
2,P29_Rectum,-1.01841,0.973857,-0.789034,-2.38621,Rectum
3,P29_Rectum,-0.714646,0.624101,0.16402,-6.23058,Rectum
4,P29_Rectum,-0.83371,0.0648994,-2.49063,-2.19028,Rectum
5,P29_Rectum,-1.47096,-0.450011,0.432997,-8.85447,Rectum
6,P29_Rectum,-0.675024,0.248054,-1.55075,-5.76181,Rectum
7,P29_Rectum,-1.2034,0.577771,0.431905,-5.52195,Rectum
8,P29_Rectum,-0.990823,0.696107,0.603797,2.48255,Rectum
9,P29_Rectum,-0.10852,0.141723,0.429004,4.14601,Rectum
10,P29_Rectum,-1.55918,-0.176165,0.844424,0.243926,Rectum
1,P30_Rectum,-0.618644,0.430497,0.0680533,-4.65908,Rectum
2,P30_Rectum,-2.00175,0.41263,0.515881,2.65053,Rectum
3,P30_Rectum,-1.86481,-0.167341,-0.159218,-1.03881,Rectum
4,P30_Rectum,-0.514202,0.222119,-0.202809,-7.61866,Rectum
5,P30_Rectum,-1.44127,-0.456698,-1.776,1.69556,Rectum
6,P30_Rectum,-1.9982,0.470333,-2.18907,0.970893,Rectum
7,P30_Rectum,-1.18477,1.45947,-0.803174,-2.1967,Rectum
8,P30_Rectum,-1.37008,0.00396759,-0.731133,-4.23469,Rectum
9,P30_Rectum,-1.44382,0.235619,-1.89974,-2.61577,Rectum
10,P30_Rectum,-0.464002,0.943852,0.930268,-0.81056,Rectum
1,P31_Rectum,1.71061,-0.816223,-0.242005,-4.65837,Rectum
2,P31_Rectum,0.951098,0.53341,-0.15926,-3.73906,Rectum
3,P31_Rectum,-0.605096,-1.61988,0.869368,3.6182,Rectum
4,P31_Rectum,0.256418,-0.286145,1.75583,-6.62193,Rectum
5,P31_Rectum,0.599024,-0.288361,-0.964108,1.48516,Rectum
6,P31_Rectum,0.799385,-0.268693,1.71286,-7.60218,Rectum
7,P31_Rectum,0.245306,0.148869,-0.53781,1.99667,Rectum
8,P31_Rectum,0.165392,0.147063,-0.190344,2.62772,Rectum
9,P31_Rectum,-0.355359,0.237464,-0.775537,14.0483,Rectum
10,P31_Rectum,1.30369,-0.259027,-1.14191,1.41697,Rectum
1,P32_Rectum,0.330691,0.778126,1.41644,-3.71498,Rectum
2,P32_Rectum,-0.283872,-0.250497,0.801819,1.45186,Rectum
3,P32_Rectum,0.0689693,0.126636,-2.64362,5.38889,Rectum
4,P32_Rectum,-0.161593,-0.757614,1.64392,0.358965,Rectum
5,P32_Rectum,0.454373,0.002037,-1.91285,2.23421,Rectum
6,P32_Rectum,-0.0240253,0.375311,0.150294,2.13833,Rectum
7,P32_Rectum,0.987295,-0.0208013,-1.17639,-1.53511,Rectum
8,P32_Rectum,1.93263,-0.0492871,0.867577,-0.893579,Rectum
9,P32_Rectum,0.00124829,-0.0294452,-1.47554,7.76017,Rectum
10,P32_Rectum,-0.133219,0.169165,2.63862,-1.92774,Rectum
1,P33_Rectum,-0.768799,0.563362,-0.68363,-3.69658,Rectum
2,P33_Rectum,1.05117,0.570674,0.682763,6.20753,Rectum
3,P33_Rectum,-2.14637,-0.26073,-2.21621,-2.22778,Rectum
4,P33_Rectum,-1.32437,0.488147,0.861968,-4.91403,Rectum
5,P33_Rectum,-1.05074,0.745622,0.0847845,3.83475,Rectum
6,P33_Rectum,-1.30839,0.46957,0.516394,-4.71594,Rectum
7,P33_Rectum,0.676552,0.149025,1.02263,2.27134,Rectum
8,P33_Rectum,-1.66866,0.246181,-1.27814,-8.48734,Rectum
9,P33_Rectum,-0.706483,1.1559,1.0317,6.46005,Rectum
10,P33_Rectum,-1.07053,0.231558,0.408867,-6.82721,Rectum
1,P34_Rectum,-0.393599,0.0322339,0.679064,-3.66359,Rectum
2,P34_Rectum,0.261627,-0.0575608,-1.16376,-4.8705,Rectum
3,P34_Rectum,-1.1455,-0.00999183,-1.09916,2.08876,Rectum
4,P34_Rectum,-0.564336,-0.206006,-0.303131,-2.02305,Rectum
5,P34_Rectum,-1.33705,-0.086144,1.31653,11.1082,Rectum
6,P34_Rectum,-0.420858,-0.115629,0.701003,0.653968,Rectum
7,P34_Rectum,0.187834,-0.317682,0.685751,-8.88237,Rectum
8,P34_Rectum,-0.347946,0.402309,-0.0729501,-0.462045,Rectum
9,P34_Rectum,-0.203404,0.441901,1.38185,-0.551128,Rectum
10,P34_Rectum,0.244867,-0.265846,0.267091,-2.59352,Rectum
1,P35_Rectum,0.0710147,-0.746239,0.0226132,-0.586045,Rectum
2,P35_Rectum,1.04941,-0.53028,-0.990876,3.95275,Rectum
3,P35_Rectum,-0.0222144,-1.0608,-2.06758,-1.20417,Rectum
4,P35_Rectum,-0.104389,0.0164832,-0.689429,-0.806842,Rectum
5,P35_Rectum,0.727803,-0.405243,0.606205,7.61025,Rectum
6,P35_Rectum,0.656862,-1.09662,-0.391118,-12.3443,Rectum
7,P35_Rectum,0.424453,-0.711857,0.323109,4.12027,Rectum
8,P35_Rectum,0.238064,-0.547588,-2.06027,-1.47159,Rectum
9,P35_Rectum,-0.815814,-0.234394,-1.95645,-0.541683,Rectum
10,P35_Rectum,1.50439,-0.199469,-0.703545,0.237089,Rectum
1,P36_Rectum,0.762422,-0.024247,-0.715249,-5.20994,Rectum
2,P36_Rectum,-0.472859,-0.384892,-1.29757,8.08519,Rectum
3,P36_Rectum,0.390709,-0.847704,0.588629,-1.18382,Rectum
4,P36_Rectum,0.291301,-1.22278,-0.617776,10.6419,Rectum
5,P36_Rectum,0.210116,-0.0948163,0.349643,-0.868756,Rectum
6,P36_Rectum,0.58938,0.0705667,0.0620995,0.948203,Rectum
7,P36_Rectum,1.54243,-0.0294595,0.2249,-3.54033,Rectum
8,P36_Rectum,0.153419,-0.585179,0.466787,3.01247,Rectum
9,P36_Rectum,0.773211,-0.270265,-0.63554,0.171368,Rectum
10,P36_Rectum,0.568617,-0.0314856,-0.805018,-4.11264,Rectum
1,P37_Rectum,-0.0989909,0.733552,-1.61036,-0.0383919,Rectum
2,P37_Rectum,0.0547516,-0.648511,-2.04956,5.28092,Rectum
3,P37_Rectum,0.45106,0.0960892,-2.71624,-3.26023,Rectum
4,P37_Rectum,1.07303,0.202708,-1.31956,-4.82399,Rectum
5,P37_Rectum,0.353929,0.460857,-1.41752,-1.19707,Rectum
6,P37_Rectum,0.745323,-0.267347,1.07515,11.5818,Rectum
7,P37_Rectum,0.851594,0.392647,0.686434,-12.0472,Rectum
8,P37_Rectum,0.269338,-0.439835,1.14845,-3.05058,Rectum
9,P37_Rectum,-0.0176334,0.226267,0.319304,-1.33739,Rectum
10,P37_Rectum,-0.895467,0.0996966,0.498735,1.10184,Rectum
1,P38_Rectum,0.320573,-0.0972566,-0.814538,4.41499,Rectum
2,P38_Rectum,0.58372,-1.07602,-0.856451,-5.90884,Rectum
3,P38_Rectum,0.229017,0.408348,-1.61516,2.32985,Rectum
4,P38_Rectum,1.58152,0.595789,-0.943994,4.66233,Rectum
5,P38_Rectum,0.45762,-0.0533425,-0.589034,-1.6621,Rectum
6,P38_Rectum,1.02316,0.682871,-2.35941,2.94063,Rectum
7,P38_Rectum,0.144951,0.363091,-1.38958,0.381256,Rectum
8,P38_Rectum,0.441588,0.021683,-1.23817,-3.45393,Rectum
9,P38_Rectum,0.954061,-0.0735066,0.855958,0.514063,Rectum
10,P38_Rectum,1.31147,0.0158003,-0.871547,-3.3279,Rectum
1,P39_Rectum,1.84513,-0.268493,-0.955093,-7.76539,Rectum
2,P39_Rectum,-0.258727,0.801782,0.538023,-0.200579,Rectum
3,P39_Rectum,-0.12449,-0.0616741,-0.851481,2.31352,Rectum
4,P39_Rectum,-1.4397,-0.434531,0.134709,-0.606216,Rectum
5,P39_Rectum,0.348565,-0.446992,-0.693737,1.97971,Rectum
6,P39_Rectum,0.188473,0.0011616,-1.36959,-13.4695,Rectum
7,P39_Rectum,-0.028669,-0.881577,-2.86533,4.10516,Rectum
8,P39_Rectum,-0.381377,0.162581,-0.477073,-3.14623,Rectum
9,P39_Rectum,1.5049,-0.869327,0.404025,-3.6888,Rectum
10,P39_Rectum,-0.107756,0.810523,0.454004,-3.02271,Rectum
1,P40_Rectum,1.42792,0.524432,-0.882017,0.40035,Rectum
2,P40_Rectum,1.42333,0.639042,0.865628,-2.4113,Rectum
3,P40_Rectum,-0.425238,-0.588988,-0.147329,4.56693,Rectum
4,P40_Rectum,1.01499,-0.0224793,0.278985,1.33243,Rectum
5,P40_Rectum,0.848531,0.090792,-0.354575,6.35041,Rectum
6,P40_Rectum,0.64532,-0.445494,-1.25072,0.846032,Rectum
7,P40_Rectum,-0.378433,-0.541347,3.0602,-1.8596,Rectum
8,P40_Rectum,0.516843,0.32058,-0.435191,-3.06948,Rectum
9,P40_Rectum,0.131451,-0.037471,-0.784706,5.35165,Rectum
10,P40_Rectum,0.252988,0.0258129,-0.643078,1.84068,Rectum
1,P41_Rectum,0.626552,0.682808,0.686808,-4.70317,Rectum
2,P41_Rectum,0.449176,0.486692,1.04437,-2.68756,Rectum
3,P41_Rectum,-0.0270812,0.910144,0.702494,1.20469,Rectum
4,P41_Rectum,0.882535,0.201001,2.28811,-3.82173,Rectum
5,P41_Rectum,0.962686,0.518285,-1.10432,5.69896,Rectum
6,P41_Rectum,0.310491,0.217478,-0.0711285,1.14442,Rectum
7,P41_Rectum,0.00479581,0.514609,1.22211,12.7376,Rectum
8,P41_Rectum,1.8414,0.248677,-1.17898,-0.237447,Rectum
9,P41_Rectum,0.50657,0.379415,0.555337,-3.07991,Rectum
10,P41_Rectum,0.329132,1.00917,0.477149,3.72355,Rectum
1,P42_Rectum,-0.207154,-0.233207,-1.16863,4.94108,Rectum
2,P42_Rectum,-0.401838,0.0945063,0.399096,-0.376503,Rectum
3,P42_Rectum,1.21503,0.0229937,0.496979,1.05162,Rectum
4,P42_Rectum,0.935956,-0.393257,-0.581485,1.38836,Rectum
5,P42_Rectum,0.0817441,-0.528509,-1.90654,7.28959,Rectum
6,P42_Rectum,-0.608717,0.490084,-1.5051,3.08416,Rectum
7,P42_Rectum,-0.7876,-0.172994,1.53025,-2.93424,Rectum
8,P42_Rectum,0.038788,0.805518,0.529376,1.5613,Rectum
9,P42_Rectum,1.69578,0.0116994,-2.18004,1.53463,Rectum
10,P42_Rectum,-0.247967,-0.441727,0.760284,4.74183,Rectum
1,P43_Rectum,1.74445,0.035402,-0.256806,5.34007,Rectum
2,P43_Rectum,-0.99538,-0.400772,-1.02891,7.35876,Rectum
3,P43_Rectum,1.21727,-0.106846,0.0849256,-2.93107,Rectum
4,P43_Rectum,0.395374,0.176075,-0.753008,-4.6361,Rectum
5,P43_Rectum,0.192211,-0.473294,-1.91368,5.59908,Rectum
6,P43_Rectum,0.856108,-0.264501,-0.342261,5.26523,Rectum
7,P43_Rectum,-0.205875,-0.380569,-1.36106,0.420861,Rectum
8,P43_Rectum,0.573776,0.0297983,0.267281,-1.66786,Rectum
9,P43_Rectum,1.31405,0.253846,-1.35966,-8.83183,Rectum
10,P43_Rectum,0.606609,0.618819,-1.56813,-3.77807,Rectum
1,P44_Rectum,-0.223368,-0.00804344,-0.5342,1.87732,Rectum
2,P44_Rectum,-0.184954,0.459758,-0.664584,9.8719,Rectum
3,P44_Rectum,-0.495993,-0.612276,0.581917,0.723078,Rectum
4,P44_Rectum,-0.224254,0.770694,-0.152864,-2.10338,Rectum
5,P44_Rectum,-0.500325,-0.66383,-1.13315,-6.86537,Rectum
6,P44_Rectum,-1.54118,0.13006,0.727637,2.64687,Rectum
7,P44_Rectum,-0.880856,0.622867,-1.10516,1.83697,Rectum
8,P44_Rectum,0.0908001,0.981241,0.507748,6.35684,Rectum
9,P44_Rectum,0.487064,0.799218,-2.38577,3.34746,Rectum
10,P44_Rectum,-0.445119,0.416748,0.0391754,7.8433,Rectum
1,P45_Rectum,0.0998984,-0.439714,2.11524,-7.70962,Rectum
2,P45_Rectum,0.196024,0.144305,0.453582,-10.5139,Rectum
3,P45_Rectum,-0.341766,-0.529308,1.96766,1.9317,Rectum
4,P45_Rectum,-0.241366,-0.584061,1.05309,1.45095,Rectum
5,P45_Rectum,0.133808,-0.42894,-0.553429,0.362543,Rectum
6,P45_Rectum,0.143427,-0.805876,0.754143,4.33614,Rectum
7,P45_Rectum,1.06486,-0.272688,-1.1986,2.22096,Rectum
8,P45_Rectum,0.0813494,0.142382,-0.634813,-8.0291,Rectum
9,P45_Rectum,-1.40769,-1.35541,1.13013,0.557761,Rectum
10,P45_Rectum,-0.304968,-0.0201628,2.12502,-3.63248,Rectum
1,P46_Rectum,-0.151869,0.100543,0.233498,-3.97627,Rectum
2,P46_Rectum,0.542328,-0.819054,-0.120388,9.94985,Rectum
3,P46_Rectum,-1.26744,-0.638855,0.0248501,2.64125,Rectum
4,P46_Rectum,2.00335,-1.49617,1.1614,-0.545901,Rectum
5,P46_Rectum,0.305613,-0.65187,0.621235,-4.87388,Rectum
6,P46_Rectum,0.061128,0.228214,0.258141,3.825,Rectum
7,P46_Rectum,0.199759,-0.872609,-1.53063,0.196938,Rectum
8,P46_Rectum,-0.511671,0.518444,1.4178,3.35292,Rectum
9,P46_Rectum,0.546442,0.0530977,0.0947146,1.29528,Rectum
10,P46_Rectum,-0.567203,0.231264,-1.76993,0.0816203,Rectum
1,P47_Rectum,1.81356,0.151667,-1.12403,-0.162233,Rectum
2,P47_Rectum,1.7493,0.0429427,-1.57716,12.9327,Rectum
3,P47_Rectum,1.13054,0.224071,-1.39223,-1.65736,Rectum
4,P47_Rectum,-0.616204,-0.580387,1.57074,5.15265,Rectum
5,P47_Rectum,0.832477,-0.141303,-1.13753,6.04587,Rectum
6,P47_Rectum,-0.0830647,0.378356,-0.0883615,3.27599,Rectum
7,P47_Rectum,-0.330627,0.164093,-1.94042,7.96565,Rectum
8,P47_Rectum,0.402151,0.289083,-0.276301,-2.39103,Rectum
9,P47_Rectum,-0.0162874,0.292941,-0.557899,-0.270782,Rectum
10,P47_Rectum,0.127128,-0.290844,2.28864,0.164132,Rectum
1,P48_Rectum,0.151656,-0.633174,-1.72084,3.18949,Rectum
2,P48_Rectum,-0.312899,-0.399418,-1.54836,0.856362,Rectum
3,P48_Rectum,-0.0530215,0.728857,-2.23368,5.06347,Rectum
4,P48_Rectum,1.26903,-1.23343,1.44009,4.7878,Rectum
5,P48_Rectum,0.99276,-0.516281,-0.251988,-1.17323,Rectum
6,P48_Rectum,-0.100094,-0.441691,-0.199652,-0.663595,Rectum
7,P48_Rectum,0.743803,-0.484201,-0.507026,-0.970764,Rectum
8,P48_Rectum,0.343808,-0.433064,-0.0532289,7.041,Rectum
9,P48_Rectum,-0.582802,-0.541356,0.0956848,-1.15936,Rectum
10,P48_Rectum,-0.181005,-0.304642,-0.334924,-5.81688,Rectum
1,P49_Rectum,-0.352992,0.430799,1.42865,4.54619,Rectum
2,P49_Rectum,0.0075151,-1.07112,0.937289,0.401861,Rectum
3,P49_Rectum,-0.721257,-0.123184,2.30173,-5.50446,Rectum
4,P49_Rectum,0.198343,0.268843,-0.870552,0.591066,Rectum
5,P49_Rectum,-0.323179,-0.567973,0.493739,-1.71956,Rectum
6,P49_Rectum,-0.640227,-0.725277,-0.809884,-3.85131,Rectum
7,P49_Rectum,-0.2089,-0.311964,-0.604628,-7.21924,Rectum
8,P49_Rectum,-0.739104,-0.428712,1.13075,3.92353,Rectum
9,P49_Rectum,1.08648,-0.508651,-1.49524,0.0441323,Rectum
10,P49_Rectum,0.109087,-0.482888,-1.23229,6.0296,Rectum
1,P50_Rectum,-0.682631,-0.372763,1.83067,3.72891,Rectum
2,P50_Rectum,-0.259115,0.536675,1.45155,-3.35984,Rectum
3,P50_Rectum,-0.639694,-0.06362,0.739403,-1.41162,Rectum
4,P50_Rectum,0.0905317,0.889724,-1.80226,1.02625,Rectum
5,P50_Rectum,-0.729093,-0.0885909,0.635792,4.05062,Rectum
6,P50_Rectum,-0.263488,0.600292,-0.79795,1.26758,Rectum
7,P50_Rectum,-0.291314,-0.0493668,-0.834721,0.4054,Rectum
8,P50_Rectum,-1.49647,-0.231729,-0.254351,1.03857,Rectum
9,P50_Rectum,0.97885,0.215769,-0.505617,-2.61749,Rectum
10,P50_Rectum,0.425854,0.263684,0.823481,-0.293061,Rectum
1,P51_Rectum,0.512934,-0.600039,-1.18988,-0.617662,Rectum
2,P51_Rectum,-0.285632,-0.0300291,1.88348,-2.16064,Rectum
3,P51_Rectum,0.702869,-0.0537271,1.24735,-9.14943,Rectum
4,P51_Rectum,0.0499184,0.012364,-0.362606,-0.249552,Rectum
5,P51_Rectum,-0.287003,0.328941,1.57445,-2.69975,Rectum
6,P51_Rectum,-0.321215,-0.612485,1.06567,-0.994161,Rectum
7,P51_Rectum,0.710255,-0.0677576,0.0710194,-5.01359,Rectum
8,P51_Rectum,0.625009,-0.0558947,0.749688,-0.804966,Rectum
9,P51_Rectum,0.817291,-0.0454016,0.924051,-5.86242,Rectum
10,P51_Rectum,-0.663207,0.407364,-3.0025,-2.60708,Rectum
1,P52_Rectum,0.127527,0.188306,-0.944014,-0.236689,Rectum
2,P52_Rectum,1.46945,0.0519417,-0.373476,-4.04229,Rectum
3,P52_Rectum,-0.255549,0.00778389,1.49519,0.891598,Rectum
4,P52_Rectum,0.4297,0.258163,-0.198679,3.14239,Rectum
5,P52_Rectum,0.210853,-0.0448958,-1.96475,12.2763,Rectum
6,P52_Rectum,0.158714,0.645715,0.12605,2.5729,Rectum
7,P52_Rectum,0.412597,0.00714553,0.964233,3.52168,Rectum
8,P52_Rectum,0.240944,-0.683458,1.07674,3.13029,Rectum
9,P52_Rectum,-0.166685,0.438448,1.28436,0.603345,Rectum
10,P52_Rectum,1.25626,0.0335931,-0.913703,-6.55556,Rectum
1,P53_Rectum,-0.619062,-0.763893,1.2417,-4.60817,Rectum
2,P53_Rectum,0.0115923,-0.551765,1.40667,-6.41515,Rectum
3,P53_Rectum,-0.446605,0.0598028,-0.19125,-1.51324,Rectum
4,P53_Rectum,-0.539866,0.11417,-0.738482,-2.52309,Rectum
5,P53_Rectum,-1.16701,-0.639138,-1.97738,-2.33566,Rectum
6,P53_Rectum,-0.500893,0.298844,0.335609,1.18985,Rectum
7,P53_Rectum,-0.856051,-0.578622,-1.39354,-2.87806,Rectum
8,P53_Rectum,-1.08272,-0.555507,-0.574575,4.87273,Rectum
9,P53_Rectum,1.17538,0.544303,1.18385,8.08602,Rectum
10,P53_Rectum,0.0473202,0.389207,-1.57919,-7.80303,Rectum
1,P54_Rectum,0.644784,-0.387389,-0.503516,-7.41483,Rectum
2,P54_Rectum,0.378666,-0.198695,-2.51581,-0.883342,Rectum
3,P54_Rectum,1.85771,-0.100817,-0.975286,5.94526,Rectum
4,P54_Rectum,-0.102532,0.232476,-0.271594,3.32805,Rectum
5,P54_Rectum,0.597053,0.164994,-2.11381,1.17253,Rectum
6,P54_Rectum,0.191811,-0.0208737,-0.840882,-3.60336,Rectum
7,P54_Rectum,-1.13572,-1.46111,0.663627,12.543,Rectum
8,P54_Rectum,0.242302,0.583319,-1.72272,0.256075,Rectum
9,P54_Rectum,1.19434,-0.107439,-1.47374,4.48435,Rectum
10,P54_Rectum,1.70636,-0.597443,-0.659891,-2.25968,Rectum
1,P55_Rectum,-1.30048,-0.121032,-0.315491,-3.36671,Rectum
2,P55_Rectum,1.82879,0.443392,1.20279,-1.78138,Rectum
3,P55_Rectum,-1.74847,-0.515729,-1.17885,-3.84735,Rectum
4,P55_Rectum,-1.50609,0.667248,-0.486901,4.95926,Rectum
5,P55_Rectum,-1.2352,0.227146,-0.712104,-0.526603,Rectum
6,P55_Rectum,-2.20577,-0.63476,-1.16943,-0.892877,Rectum
7,P55_Rectum,-1.04796,0.550493,-0.161102,-1.11885,Rectum
8,P55_Rectum,-0.629315,0.567937,-1.98034,-1.10927,Rectum
9,P55_Rectum,-1.45382,0.602251,0.245632,4.94399,Rectum
10,P55_Rectum,0.630418,0.240014,2.98419,7.62069,Rectum
1,P56_Rectum,-0.00635381,-0.243218,-0.455928,9.13104,Rectum
2,P56_Rectum,0.0161425,0.0433787,0.234121,-6.38164,Rectum
3,P56_Rectum,-0.575276,-0.120468,-0.677064,0.805085,Rectum
4,P56_Rectum,0.367364,-0.587056,0.885957,9.99956,Rectum
5,P56_Rectum,1.81472,0.443304,0.906122,10.7384,Rectum
6,P56_Rectum,0.220332,-0.000987005,-1.67787,0.739548,Rectum
7,P56_Rectum,0.111384,-0.370443,-0.345441,-1.80177,Rectum
8,P56_Rectum,0.836573,0.270475,-1.4005,-4.10024,Rectum
9,P56_Rectum,0.831582,1.32424,-1.34826,-7.31593,Rectum
10,P56_Rectum,0.221345,0.580832,-1.36151,-1.83956,Rectum
1,P57_Rectum,-1.56329,1.3248,-0.996238,-2.14949,Rectum
2,P57_Rectum,-0.441014,1.03498,2.1214,-3.41491,Rectum
3,P57_Rectum,-0.420886,1.31868,-0.736729,1.75614,Rectum
4,P57_Rectum,-1.56027,0.389466,-0.0778747,-6.40272,Rectum
5,P57_Rectum,-1.33921,0.281607,-1.14645,-0.895405,Rectum
6,P57_Rectum,-1.55396,0.394557,-2.54082,-9.8427,Rectum
7,P57_Rectum,-1.32554,-0.0942696,-0.892249,-9.2635,Rectum
8,P57_Rectum,-0.867976,0.279598,-1.23576,-3.78256,Rectum
9,P57_Rectum,-1.35478,-0.00873615,0.39999,-5.14371,Rectum
10,P57_Rectum,-1.61368,0.124549,2.19117,-7.56343,Rectum
1,P58_Rectum,0.406763,0.240504,1.29815,-3.78644,Rectum
2,P58_Rectum,1.09941,0.473454,-1.1809,1.97224,Rectum
3,P58_Rectum,-0.310894,0.662765,0.112776,15.3601,Rectum
4,P58_Rectum,0.993948,1.86874,2.11753,-7.68022,Rectum
5,P58_Rectum,0.702756,0.417132,-2.09894,2.70057,Rectum
6,P58_Rectum,-0.480519,0.16206,-0.256027,5.11871,Rectum
7,P58_Rectum,0.0763406,0.53401,2.31423,6.37736,Rectum
8,P58_Rectum,-1.00094,0.408713,1.22009,4.31083,Rectum
9,P58_Rectum,1.40833,1.20651,-2.05358,2.53323,Rectum
10,P58_Rectum,1.81935,0.540614,-0.277371,0.10841,Rectum
1,P59_Rectum,-0.687465,-0.0137152,1.6261,6.11149,Rectum
2,P59_Rectum,0.0860489,0.75299,1.02433,-6.39324,Rectum
3,P59_Rectum,-0.645331,-0.240845,-0.716929,-5.4204,Rectum
4,P59_Rectum,-0.587623,-0.166699,-0.533647,-6.85102,Rectum
5,P59_Rectum,-0.275566,0.333889,0.00114102,-3.07823,Rectum
6,P59_Rectum,-0.900756,-0.381768,0.655102,0.649086,Rectum
7,P59_Rectum,1.10715,0.151823,-0.396056,5.54259,Rectum
8,P59_Rectum,0.212214,1.09592,-2.23727,-8.79738,Rectum
9,P59_Rectum,-0.5354,0.105697,0.0857218,4.30809,Rectum
10,P59_Rectum,0.557345,0.470246,2.64772,-0.0981902,Rectum
1,P60_Rectum,-0.575391,0.326488,0.726315,3.1542,Rectum
2,P60_Rectum,0.399329,0.0200972,0.643303,1.54871,Rectum
3,P60_Rectum,0.430576,-0.726445,1.35792,4.42481,Rectum
4,P60_Rectum,1.35741,-0.12193,1.68511,-0.0724953,Rectum
5,P60_Rectum,0.368346,-0.166727,0.716955,2.61335,Rectum
6,P60_Rectum,0.699846,0.0108372,-0.959104,-2.17075,Rectum
7,P60_Rectum,-0.5017,0.462318,-0.253246,5.22981,Rectum
8,P60_Rectum,1.3201,-0.188895,-1.00805,-2.67721,Rectum
9,P60_Rectum,0.079203,-0.525924,0.272929,4.2692,Rectum
10,P60_Rectum,0.49415,-0.363762,0.816415,4.81754,Rectum
1,P61_Rectum,1.41706,0.768613,1.52301,-4.05013,Rectum
2,P61_Rectum,1.20123,0.460779,-0.517768,-2.32285,Rectum
3,P61_Rectum,-1.7809,0.527149,0.128243,10.0385,Rectum
4,P61_Rectum,1.33371,0.649757,0.198468,4.52198,Rectum
5,P61_Rectum,1.04796,0.692573,0.547877,-2.39057,Rectum
6,P61_Rectum,1.10999,0.743281,1.06284,3.30049,Rectum
7,P61_Rectum,-0.795594,0.623802,3.01292,8.89179,Rectum
8,P61_Rectum,0.0715265,1.09199,-0.736446,8.15308,Rectum
9,P61_Rectum,0.0764625,0.619358,0.520544,8.17009,Rectum
10,P61_Rectum,-1.53337,-0.0872345,1.24833,-0.0756561,Rectum
1,P62_Rectum,-0.791593,0.269953,-1.90859,-3.98081,Rectum
2,P62_Rectum,-0.869625,0.395331,-1.13567,-7.8911,Rectum
3,P62_Rectum,-1.06907,0.157466,-1.2909,-3.63483,Rectum
4,P62_Rectum,-0.905292,0.373,0.674103,-1.81311,Rectum
5,P62_Rectum,-2.0145,0.133468,0.783982,1.16145,Rectum
6,P62_Rectum,-1.11069,-0.746468,-0.30208,-12.6798,Rectum
7,P62_Rectum,-1.13936,-0.501233,1.86958,-7.07522,Rectum
8,P62_Rectum,-1.07132,-0.379332,-2.04103,-10.3828,Rectum
9,P62_Rectum,-1.77635,-0.980188,0.277455,-6.00145,Rectum
10,P62_Rectum,-1.71255,-0.620381,0.27514,-5.81395,Rectum
1,P63_Rectum,-1.49724,-0.476471,0.551823,-3.59615,Rectum
2,P63_Rectum,-0.738335,-0.949594,-0.230375,-12.3789,Rectum
3,P63_Rectum,-0.926111,-0.5353,0.517348,-8.88408,Rectum
4,P63_Rectum,-0.975826,-0.743969,-1.53398,-7.07497,Rectum
5,P63_Rectum,1.46603,0.657727,0.388885,-2.14665,Rectum
6,P63_Rectum,-0.949707,0.0480294,0.797448,-2.67931,Rectum
7,P63_Rectum,0.413659,0.364471,1.09726,-3.97061,Rectum
8,P63_Rectum,-1.00947,-0.51557,0.388242,-2.77885,Rectum
9,P63_Rectum,1.06812,0.0394476,-0.230276,5.40643,Rectum
10,P63_Rectum,-1.04285,0.239005,0.294029,-4.37422,Rectum
1,P65_Rectum,0.958104,0.123277,-0.57457,4.38779,Rectum
2,P65_Rectum,-0.55287,-0.289468,1.52536,0.911269,Rectum
3,P65_Rectum,0.408797,0.379253,0.370256,-9.42146,Rectum
4,P65_Rectum,-0.704975,-0.360077,0.423152,7.97129,Rectum
5,P65_Rectum,-0.106948,0.640969,0.497704,5.2107,Rectum
6,P65_Rectum,-0.254178,0.132707,1.0139,-7.63482,Rectum
7,P65_Rectum,0.153863,0.240461,1.51293,0.856202,Rectum
8,P65_Rectum,1.07139,0.274585,-0.133483,0.295688,Rectum
9,P65_Rectum,0.284774,-0.0860444,1.12837,6.58212,Rectum
10,P65_Rectum,-0.474392,0.180936,-1.33843,-4.80836,Rectum
1,P66_Rectum,-0.26177,-1.3991,-1.16319,-4.38688,Rectum
2,P66_Rectum,0.446248,-1.08139,-2.38058,6.63393,Rectum
3,P66_Rectum,-0.632609,0.521354,-0.69884,3.91464,Rectum
4,P66_Rectum,-0.179421,-0.146513,-0.609101,-9.84449,Rectum
5,P66_Rectum,-0.380785,0.531026,-2.56481,2.58802,Rectum
6,P66_Rectum,0.594336,-1.11572,-0.892712,1.24107,Rectum
7,P66_Rectum,-0.0915396,-0.226938,-0.0917048,-11.3012,Rectum
8,P66_Rectum,-0.217541,0.869396,0.0147186,-0.385269,Rectum
9,P66_Rectum,-0.147614,-0.154819,-2.23387,0.447226,Rectum
10,P66_Rectum,-0.0795566,-1.12292,-0.900424,-3.81202,Rectum
1,P67_Rectum,-0.238666,0.71287,-2.10854,7.04703,Rectum
2,P67_Rectum,0.0713764,-0.0191982,-0.678356,-7.38583,Rectum
3,P67_Rectum,0.0623172,0.885926,-0.081092,0.555919,Rectum
4,P67_Rectum,0.634616,-0.41201,-0.599515,0.853079,Rectum
5,P67_Rectum,-0.400389,-0.599564,0.230013,-3.27516,Rectum
6,P67_Rectum,-0.177806,0.670749,-2.53778,5.11616,Rectum
7,P67_Rectum,-0.380188,-0.299307,-1.67203,-2.21728,Rectum
8,P67_Rectum,-0.849765,-0.822963,-1.56767,1.53734,Rectum
9,P67_Rectum,1.77001,-0.0105083,-1.13199,-2.54857,Rectum
10,P67_Rectum,-1.06613,-0.741126,-1.83624,2.59916,Rectum
1,P68_Rectum,-0.100686,0.337479,0.171018,3.59737,Rectum
2,P68_Rectum,0.342944,-0.460486,-0.181306,-0.182924,Rectum
3,P68_Rectum,-1.75725,-0.505752,-1.80851,-0.740189,Rectum
4,P68_Rectum,-1.70282,-0.511174,2.38244,7.8302,Rectum
5,P68_Rectum,-0.797858,0.499835,0.816823,0.479078,Rectum
6,P68_Rectum,-0.0290408,-0.3141,0.0974063,4.95324,Rectum
7,P68_Rectum,-1.20547,0.0969658,0.073715,4.53595,Rectum
8,P68_Rectum,1.19506,-0.478928,-0.944634,-2.49001,Rectum
9,P68_Rectum,-1.11268,0.402474,-2.6592,3.43574,Rectum
10,P68_Rectum,-0.828812,0.593954,0.240942,1.44247,Rectum
1,P69_Rectum,1.70409,0.121493,-1.67177,-7.54885,Rectum
2,P69_Rectum,0.0605347,0.220521,0.469066,-5.97647,Rectum
3,P69_Rectum,-0.0706702,-0.405996,0.710703,-3.73827,Rectum
4,P69_Rectum,-0.114215,-0.056586,-1.51961,10.9479,Rectum
5,P69_Rectum,-0.290644,0.242793,0.903059,-0.898519,Rectum
6,P69_Rectum,-1.01481,0.00572671,-0.0241067,0.317308,Rectum
7,P69_Rectum,0.95469,-0.453269,-0.197531,-6.25383,Rectum
8,P69_Rectum,-1.64949,-0.36847,-0.900124,8.11683,Rectum
9,P69_Rectum,0.519832,0.487714,-3.43251,-2.66509,Rectum
10,P69_Rectum,0.164707,0.271547,-1.64275,-1.07446,Rectum
1,P70_Rectum,0.194061,0.413754,-0.767287,0.313654,Rectum
2,P70_Rectum,0.856587,0.307432,0.843031,8.66402,Rectum
3,P70_Rectum,-0.961367,-0.0321801,0.0352731,2.16068,Rectum
4,P70_Rectum,-0.441432,0.512955,-0.45598,-5.18176,Rectum
5,P70_Rectum,-1.00276,-1.02316,1.52225,-5.0351,Rectum
6,P70_Rectum,0.118045,0.268893,-1.61503,2.32052,Rectum
7,P70_Rectum,-0.47144,0.657634,0.278356,10.49,Rectum
8,P70_Rectum,1.10294,0.0468169,1.97072,-9.5262,Rectum
9,P70_Rectum,0.0999397,-0.415929,-1.15249,7.13946,Rectum
10,P70_Rectum,1.17499,0.600627,0.414494,3.03747,Rectum
1,P71_Rectum,0.78869,0.43806,0.878411,3.56358,Rectum
2,P71_Rectum,0.851159,0.0688954,0.974775,7.79347,Rectum
3,P71_Rectum,0.455005,0.232286,-0.0163454,8.56149,Rectum
4,P71_Rectum,-0.43321,0.0832453,1.85188,-2.02686,Rectum
5,P71_Rectum,0.699147,0.254497,1.18718,3.7493,Rectum
6,P71_Rectum,-0.932431,0.257582,-0.141042,1.87473,Rectum
7,P71_Rectum,1.23595,-0.00689953,1.92091,3.79716,Rectum
8,P71_Rectum,-0.215946,0.339421,-0.559779,7.55264,Rectum
9,P71_Rectum,0.840637,0.677005,-1.86023,-2.46205,Rectum
10,P71_Rectum,0.743479,0.935484,0.828397,-5.60305,Rectum
1,P72_Rectum,-0.605957,-0.108904,1.39157,-9.05517,Rectum
2,P72_Rectum,-0.913774,0.122634,0.923125,-7.93291,Rectum
3,P72_Rectum,-0.698012,1.2826,-0.362116,3.6644,Rectum
4,P72_Rectum,-0.875075,0.519101,0.669587,-6.23131,Rectum
5,P72_Rectum,-0.205601,0.679412,0.155381,-4.31233,Rectum
6,P72_Rectum,-0.236145,-0.117964,0.0473123,-10.0284,Rectum
7,P72_Rectum,-0.768465,0.31729,-0.940298,-4.43184,Rectum
8,P72_Rectum,-0.43517,0.279331,2.14144,-6.68803,Rectum
9,P72_Rectum,-1.52854,0.870257,-2.7536,-4.10175,Rectum
10,P72_Rectum,-1.51011,-0.385496,-2.9532,-9.61523,Rectum
1,P73_Rectum,-0.461098,0.0598882,-2.16794,-0.53877,Rectum
2,P73_Rectum,-0.491876,0.489128,-2.95071,6.94705,Rectum
3,P73_Rectum,0.873414,-0.695264,-3.05221,2.31208,Rectum
4,P73_Rectum,-0.223265,-0.247871,-1.85062,3.90427,Rectum
5,P73_Rectum,0.191351,-0.628914,-1.78635,1.24066,Rectum
6,P73_Rectum,-0.119823,-0.708355,-0.790393,-2.24348,Rectum
7,P73_Rectum,0.761733,-1.16463,-2.37277,1.84528,Rectum
8,P73_Rectum,0.756809,-0.90738,1.21972,-5.65104,Rectum
9,P73_Rectum,-0.639393,-0.137828,-0.887698,0.578605,Rectum
10,P73_Rectum,-0.648936,-0.512473,-0.571806,-3.1875,Rectum
1,P74_Rectum,-0.373438,-0.631694,1.55571,-2.78314,Rectum
2,P74_Rectum,-0.529045,-0.0171069,0.21554,3.8959,Rectum
3,P74_Rectum,-0.102617,-0.248674,0.227976,-0.181506,Rectum
4,P74_Rectum,0.691647,0.338287,1.02468,-4.42649,Rectum
5,P74_Rectum,0.395621,0.446003,-0.221297,-1.86877,Rectum
6,P74_Rectum,0.764025,-0.11673,-1.19744,2.11215,Rectum
7,P74_Rectum,-1.16837,-0.0817301,1.31633,1.38049,Rectum
8,P74_Rectum,-0.870665,-0.256073,-0.686888,5.9931,Rectum
9,P74_Rectum,-0.514034,-0.110461,0.243614,-2.2398,Rectum
10,P74_Rectum,-0.95094,-0.206745,-0.264514,0.386366,Rectum
1,P75_Rectum,-0.75589,0.358952,-1.85277,3.30677,Rectum
2,P75_Rectum,0.173429,1.17663,-0.316969,6.6577,Rectum
3,P75_Rectum,0.816279,0.375625,-1.2055,0.455516,Rectum
4,P75_Rectum,1.43144,0.296459,-0.357777,4.70385,Rectum
5,P75_Rectum,0.956166,0.175975,-2.34425,-2.30791,Rectum
6,P75_Rectum,-0.373334,0.14221,0.312464,2.44583,Rectum
7,P75_Rectum,1.4024,0.199487,0.883341,3.68237,Rectum
8,P75_Rectum,0.451918,0.0611619,-2.0509,-0.210065,Rectum
9,P75_Rectum,-0.0521315,-0.229761,-0.0912924,7.85387,Rectum
10,P75_Rectum,-0.549043,0.284335,-0.813557,8.43119,Rectum
1,P76_Rectum,0.558633,0.0278306,-0.601262,-5.7546,Rectum
2,P76_Rectum,-0.293272,0.265854,0.208916,-0.406085,Rectum
3,P76_Rectum,0.861582,-0.443633,1.52898,-4.71452,Rectum
4,P76_Rectum,0.482327,0.456377,-1.38731,0.0839309,Rectum
5,P76_Rectum,-0.221,0.525486,0.199096,-0.991987,Rectum
6,P76_Rectum,-0.109266,-0.268506,0.875036,-2.97386,Rectum
7,P76_Rectum,-0.0849245,0.0773042,0.244307,-1.55194,Rectum
8,P76_Rectum,0.443972,0.12188,0.728542,-6.23063,Rectum
9,P76_Rectum,-0.0847845,0.354269,-0.449511,3.63687,Rectum
10,P76_Rectum,1.52988,-0.211998,-1.46212,-0.617044,Rectum
1,P77_Rectum,1.14928,0.840498,-0.113682,0.123367,Rectum
2,P77_Rectum,-0.6239,-0.518414,-0.200253,-2.63728,Rectum
3,P77_Rectum,0.144687,-0.66002,-0.957363,-14.2017,Rectum
4,P77_Rectum,-0.307608,-0.161907,-0.0812511,1.3906,Rectum
5,P77_Rectum,0.0269218,0.00329455,-0.59588,5.16091,Rectum
6,P77_Rectum,0.242798,0.953506,-0.533414,1.50677,Rectum
7,P77_Rectum,0.793175,-0.661066,1.82865,2.08209,Rectum
8,P77_Rectum,0.708609,-0.573418,-0.197668,0.505608,Rectum
9,P77_Rectum,-0.613692,0.724367,0.583038,11.9176,Rectum
10,P77_Rectum,1.37086,0.582392,0.097715,2.38415,Rectum
1,P1_Saliva,-0.936019,-0.488055,1.87975,-0.966384,Saliva
2,P1_Saliva,-0.178549,0.488994,-1.97009,-1.77968,Saliva
3,P1_Saliva,0.44101,-1.29285,-0.851227,0.432778,Saliva
4,P1_Saliva,0.00238371,0.442265,-0.226314,-6.55103,Saliva
5,P1_Saliva,-0.191152,-0.475558,-0.892848,-2.6851,Saliva
6,P1_Saliva,0.789056,-0.547043,-0.558608,13.4753,Saliva
7,P1_Saliva,-0.634671,-0.779591,-1.46362,-6.5139,Saliva
8,P1_Saliva,-0.540362,0.206376,-0.609579,2.18432,Saliva
9,P1_Saliva,-0.252846,-0.850084,-2.3214,-3.18981,Saliva
10,P1_Saliva,-0.176866,-0.51673,-2.88787,-9.11109,Saliva
1,P2_Saliva,-1.19054,0.410575,-2.0853,-0.625936,Saliva
2,P2_Saliva,-2.15634,0.395951,0.110398,5.64554,Saliva
3,P2_Saliva,-0.519312,0.305687,1.13413,-1.82264,Saliva
4,P2_Saliva,-1.44041,0.0787905,1.10669,-3.41938,Saliva
5,P2_Saliva,-0.0522478,0.82901,2.31857,-2.3432,Saliva
6,P2_Saliva,-1.59923,-1.1168,0.341222,-1.50342,Saliva
7,P2_Saliva,-1.24676,0.392984,-0.632036,6.11904,Saliva
8,P2_Saliva,-0.507725,1.43448,-0.388465,6.17088,Saliva
9,P2_Saliva,2.06243,0.646816,2.48369,-3.38058,Saliva
10,P2_Saliva,-1.1593,1.16624,0.168759,4.1522,Saliva
1,P3_Saliva,0.176301,-0.352574,-2.48813,-13.9447,Saliva
2,P3_Saliva,-0.335885,0.216411,-0.140025,-3.39025,Saliva
3,P3_Saliva,-0.613085,0.169652,-1.33764,0.546752,Saliva
4,P3_Saliva,-0.273685,0.0874944,-0.118569,0.187204,Saliva
5,P3_Saliva,-0.348417,0.161206,1.13606,2.93572,Saliva
6,P3_Saliva,-0.0914224,0.138028,1.84589,-7.38279,Saliva
7,P3_Saliva,0.305296,0.19334,-1.35955,-10.5628,Saliva
8,P3_Saliva,-0.447235,-0.431156,0.312735,-5.50054,Saliva
9,P3_Saliva,-0.543812,-0.262022,0.81884,-6.89581,Saliva
10,P3_Saliva,-0.319381,0.449321,-0.843755,-0.0989457,Saliva
1,P4_Saliva,0.933825,0.75471,0.0281949,2.58424,Saliva
2,P4_Saliva,1.31234,0.553184,0.414277,-6.81777,Saliva
3,P4_Saliva,1.61971,0.251249,0.508802,-0.990645,Saliva
4,P4_Saliva,0.733285,0.876105,-1.91821,1.06341,Saliva
5,P4_Saliva,-0.294954,-0.252322,2.68406,5.50629,Saliva
6,P4_Saliva,1.52571,0.355335,-0.846851,0.998962,Saliva
7,P4_Saliva,1.39935,0.899307,0.343222,-3.00886,Saliva
8,P4_Saliva,0.194692,0.565311,1.33445,3.45586,Saliva
9,P4_Saliva,0.551894,0.395255,0.865746,7.79238,Saliva
10,P4_Saliva,1.02839,0.405865,-0.933421,0.718558,Saliva
1,P5_Saliva,0.170088,0.232352,1.51525,-3.23249,Saliva
2,P5_Saliva,0.400792,0.825728,-1.62575,1.27766,Saliva
3,P5_Saliva,-0.595143,0.0783963,-1.35966,-1.89614,Saliva
4,P5_Saliva,-0.378576,0.13769,-1.74171,5.29149,Saliva
5,P5_Saliva,1.62253,-0.181824,0.424394,3.63796,Saliva
6,P5_Saliva,-0.756412,-0.0963869,-0.135789,6.64509,Saliva
7,P5_Saliva,0.807579,-0.0134516,0.861289,10.6369,Saliva
8,P5_Saliva,0.687737,-0.10406,0.046986,4.50805,Saliva
9,P5_Saliva,0.891497,0.588783,-2.23286,-1.51516,Saliva
10,P5_Saliva,0.419231,0.238073,-1.27296,8.90208,Saliva
1,P6_Saliva,0.61469,0.818366,0.555446,-6.05299,Saliva
2,P6_Saliva,-0.0762322,0.262396,0.0218837,13.003,Saliva
3,P6_Saliva,0.0945057,0.86007,1.05721,-0.639697,Saliva
4,P6_Saliva,1.79989,0.478174,0.666841,-0.778787,Saliva
5,P6_Saliva,0.646697,0.380835,0.666695,-7.04371,Saliva
6,P6_Saliva,-0.919204,-0.32657,0.42088,4.09591,Saliva
7,P6_Saliva,0.497331,-0.0384262,-0.0439711,1.59486,Saliva
8,P6_Saliva,0.208224,0.0638741,0.803612,6.94363,Saliva
9,P6_Saliva,0.614412,0.579334,-0.707563,9.69828,Saliva
10,P6_Saliva,-0.0914133,0.721259,0.790392,-0.283651,Saliva
1,P7_Saliva,1.19138,-0.0732827,0.692842,2.93881,Saliva
2,P7_Saliva,0.045063,0.567215,-0.780656,-2.40502,Saliva
3,P7_Saliva,0.748576,-0.64295,-0.722879,2.7353,Saliva
4,P7_Saliva,1.97099,-0.466175,2.25083,-3.30481,Saliva
5,P7_Saliva,2.02915,0.0322786,-0.327945,3.19231,Saliva
6,P7_Saliva,1.45293,0.499455,-1.09902,-4.5577,Saliva
7,P7_Saliva,-0.101107,0.0561622,2.45308,-0.75021,Saliva
8,P7_Saliva,1.20859,-0.381413,0.564771,-4.61262,Saliva
9,P7_Saliva,1.14166,-0.0106139,0.516296,-4.07813,Saliva
10,P7_Saliva,-0.0893582,0.227144,1.35894,-1.13924,Saliva
1,P8_Saliva,-0.190546,0.0099353,-0.853451,-0.660158,Saliva
2,P8_Saliva,-0.802949,-0.455509,-0.525152,1.07171,Saliva
3,P8_Saliva,-1.13157,-0.486053,1.27424,5.10177,Saliva
4,P8_Saliva,-0.588804,0.239449,0.548069,-0.612035,Saliva
5,P8_Saliva,0.910391,-0.283421,0.587862,3.23127,Saliva
6,P8_Saliva,1.44283,0.135193,-1.79406,1.57817,Saliva
7,P8_Saliva,1.09873,0.116188,1.85321,-0.81924,Saliva
8,P8_Saliva,1.06485,-0.0373277,0.8452,-1.44825,Saliva
9,P8_Saliva,0.258061,-0.0717868,2.45206,2.94355,Saliva
10,P8_Saliva,0.570288,0.636468,-0.155438,4.40406,Saliva
1,P9_Saliva,1.60249,-0.419333,-1.3002,-4.14076,Saliva
2,P9_Saliva,0.240777,-0.132979,-2.52872,-8.4198,Saliva
3,P9_Saliva,0.380116,-0.270047,-2.3295,-7.15892,Saliva
4,P9_Saliva,0.277372,-0.737337,-0.996586,-2.02115,Saliva
5,P9_Saliva,1.86109,-0.645867,-2.37066,0.691573,Saliva
6,P9_Saliva,0.558334,-0.568712,-2.50242,-9.66617,Saliva
7,P9_Saliva,0.934641,-0.865392,-0.91877,-7.76448,Saliva
8,P9_Saliva,0.507319,-0.236188,-1.77038,-0.33464,Saliva
9,P9_Saliva,0.171988,-0.234424,-0.690899,-4.10424,Saliva
10,P9_Saliva,-0.280275,-0.57903,-1.03025,0.182497,Saliva
1,P10_Saliva,0.319751,-0.501689,-1.01339,2.36069,Saliva
2,P10_Saliva,0.560589,-0.213262,-0.983388,2.40388,Saliva
3,P10_Saliva,0.668013,-0.695393,0.633084,3.30165,Saliva
4,P10_Saliva,0.585707,0.315623,-2.24907,-4.5195,Saliva
5,P10_Saliva,1.4902,-0.22857,0.950404,2.07412,Saliva
6,P10_Saliva,0.43862,-0.399338,1.68309,-0.363647,Saliva
7,P10_Saliva,0.164999,-0.14167,-0.758199,3.81137,Saliva
8,P10_Saliva,-0.0177639,0.103197,-0.845248,4.53498,Saliva
9,P10_Saliva,0.437537,-0.0531079,-0.165644,-3.32965,Saliva
10,P10_Saliva,0.998316,-0.0565181,-1.26038,-2.54535,Saliva
1,P11_Saliva,-0.293873,-0.368121,0.451379,-0.378618,Saliva
2,P11_Saliva,-0.0344569,-0.743766,-0.964443,0.146868,Saliva
3,P11_Saliva,-0.536081,0.0174027,-1.61832,-1.65068,Saliva
4,P11_Saliva,1.14052,-0.46268,-1.45573,6.48979,Saliva
5,P11_Saliva,0.957769,-0.820914,0.0222981,0.146679,Saliva
6,P11_Saliva,-0.397572,0.141094,-1.20629,-4.88571,Saliva
7,P11_Saliva,1.62508,-0.803349,-1.32149,2.47509,Saliva
8,P11_Saliva,-0.6561,-0.0359675,0.430937,0.249993,Saliva
9,P11_Saliva,-0.18654,0.161054,-1.39161,-3.79678,Saliva
10,P11_Saliva,-0.5058,0.105988,0.323122,-0.139022,Saliva
1,P12_Saliva,-0.112687,-0.217867,-1.32954,-6.60049,Saliva
2,P12_Saliva,-0.623688,0.208615,-0.369337,6.57817,Saliva
3,P12_Saliva,0.679572,-0.481404,-0.899491,-1.60511,Saliva
4,P12_Saliva,0.0455399,-0.777225,-0.0737212,-10.495,Saliva
5,P12_Saliva,0.454463,-0.65852,1.26326,-0.518832,Saliva
6,P12_Saliva,0.322005,-0.576362,-0.1388,1.97615,Saliva
7,P12_Saliva,1.30767,-0.0226969,0.0990591,2.62731,Saliva
8,P12_Saliva,0.394986,0.0906163,-1.92813,6.14145,Saliva
9,P12_Saliva,0.049938,1.18525,-0.539846,1.65819,Saliva
10,P12_Saliva,0.722408,-0.902726,-0.999668,-1.06315,Saliva
1,P13_Saliva,0.802756,0.395687,0.313612,-9.39511,Saliva
2,P13_Saliva,-0.849958,0.322153,1.2972,1.49209,Saliva
3,P13_Saliva,-0.660281,0.32099,1.26976,1.30496,Saliva
4,P13_Saliva,-0.316468,0.524304,1.71779,4.74101,Saliva
5,P13_Saliva,2.56289,-0.213204,2.39274,6.93881,Saliva
6,P13_Saliva,-0.415357,0.0973432,2.5484,3.40118,Saliva
7,P13_Saliva,-1.12484,-0.612348,-0.320961,-0.041028,Saliva
8,P13_Saliva,1.82902,0.844371,-1.48398,3.66959,Saliva
9,P13_Saliva,1.55832,-0.0488736,1.79618,-5.83057,Saliva
10,P13_Saliva,-0.227943,-0.061196,-0.18088,-7.92979,Saliva
1,P14_Saliva,-1.78574,-0.000452243,-0.890274,-1.24728,Saliva
2,P14_Saliva,-1.21631,0.404472,-1.7926,-10.3223,Saliva
3,P14_Saliva,-0.965712,1.03459,-0.727635,-4.42932,Saliva
4,P14_Saliva,-1.29931,0.588205,2.3474,-4.91058,Saliva
5,P14_Saliva,-1.28545,0.36753,-0.311458,1.22817,Saliva
6,P14_Saliva,-0.45959,0.649418,-3.01144,-8.47078,Saliva
7,P14_Saliva,-0.974762,-0.0751743,0.776919,-5.14136,Saliva
8,P14_Saliva,-1.97619,0.472237,1.02675,1.66558,Saliva
9,P14_Saliva,-0.216884,0.97038,-0.510081,-3.51453,Saliva
10,P14_Saliva,-0.700342,0.358949,-1.55246,-4.45797,Saliva
1,P16_Saliva,1.5447,0.293671,-1.36465,-3.12097,Saliva
2,P16_Saliva,0.520951,-0.208933,0.881813,-0.523921,Saliva
3,P16_Saliva,-0.00743705,-0.288282,-0.293408,0.0235643,Saliva
4,P16_Saliva,0.833029,0.876152,1.02999,-0.73252,Saliva
5,P16_Saliva,1.00527,-0.874122,1.15062,7.42039,Saliva
6,P16_Saliva,0.493512,-0.378467,1.6367,-4.40049,Saliva
7,P16_Saliva,-0.188792,-0.194561,-2.47791,0.0154511,Saliva
8,P16_Saliva,-0.508689,-1.4973,0.575353,3.01653,Saliva
9,P16_Saliva,-0.554055,-0.400893,-0.0186872,2.46827,Saliva
10,P16_Saliva,-0.0222704,0.691076,-0.322725,1.60583,Saliva
1,P17_Saliva,-0.0394397,-0.800537,0.543629,0.475483,Saliva
2,P17_Saliva,0.199447,0.863854,-1.54384,-4.01256,Saliva
3,P17_Saliva,-0.306985,-0.423979,-1.65194,6.03773,Saliva
4,P17_Saliva,0.0486789,-0.176262,-1.53441,-8.02505,Saliva
5,P17_Saliva,-0.173116,-0.671845,1.97321,0.679212,Saliva
6,P17_Saliva,0.985172,-1.11837,-1.92939,2.82328,Saliva
7,P17_Saliva,-0.399863,-0.665655,-0.567098,2.19726,Saliva
8,P17_Saliva,-0.556535,-1.57346,-0.0677185,-0.345687,Saliva
9,P17_Saliva,-0.108626,-0.396614,-1.97503,-2.25807,Saliva
10,P17_Saliva,-0.54728,-0.358605,-0.693076,-0.782862,Saliva
1,P18_Saliva,-0.913552,-0.062581,0.745928,3.51334,Saliva
2,P18_Saliva,0.560728,0.491904,0.845793,0.139892,Saliva
3,P18_Saliva,-0.0944184,0.469462,-1.59064,3.3832,Saliva
4,P18_Saliva,0.438691,0.493688,-0.495768,5.66847,Saliva
5,P18_Saliva,0.648201,1.42686,-0.805441,-4.9008,Saliva
6,P18_Saliva,0.0174976,-0.291141,-1.95451,-6.53884,Saliva
7,P18_Saliva,0.128521,0.209326,1.98338,5.72028,Saliva
8,P18_Saliva,0.400732,0.2394,1.01643,6.13839,Saliva
9,P18_Saliva,0.384699,-0.318128,-0.291619,2.23939,Saliva
10,P18_Saliva,-0.2602,-0.186934,-1.06399,5.30854,Saliva
1,P19_Saliva,0.265986,0.153711,-0.290371,4.1973,Saliva
2,P19_Saliva,-0.351278,0.74341,-1.9441,2.03224,Saliva
3,P19_Saliva,0.680069,0.167847,-1.20489,1.81416,Saliva
4,P19_Saliva,1.5365,0.446964,-0.511256,2.58331,Saliva
5,P19_Saliva,0.81274,0.706372,-2.10116,4.9726,Saliva
6,P19_Saliva,0.334174,0.230125,-1.09995,4.20944,Saliva
7,P19_Saliva,0.597951,0.354449,-2.23917,0.0556633,Saliva
8,P19_Saliva,0.48585,-0.00845995,1.3401,2.00038,Saliva
9,P19_Saliva,0.273081,0.63705,-1.30566,1.15081,Saliva
10,P19_Saliva,0.705368,-0.0192422,-0.344883,6.53586,Saliva
1,P20_Saliva,-0.634814,-0.909983,-0.351327,8.48946,Saliva
2,P20_Saliva,0.661308,-0.175636,-0.33645,-9.39114,Saliva
3,P20_Saliva,-0.0349141,0.381137,-2.26026,6.11367,Saliva
4,P20_Saliva,0.77912,-0.333179,0.76918,3.10516,Saliva
5,P20_Saliva,-0.141859,-0.0486392,0.966691,-0.733771,Saliva
6,P20_Saliva,0.164545,0.222678,0.115356,7.36762,Saliva
7,P20_Saliva,0.769279,-0.406376,0.500027,-1.05337,Saliva
8,P20_Saliva,0.885597,0.221934,0.599557,-4.64584,Saliva
9,P20_Saliva,-0.353103,-0.318941,-0.76289,-0.0110611,Saliva
10,P20_Saliva,0.300917,0.183548,1.57082,-0.123416,Saliva
1,P21_Saliva,0.229658,0.384704,-1.54545,-8.17805,Saliva
2,P21_Saliva,-0.274976,0.0269857,-0.349097,-7.01123,Saliva
3,P21_Saliva,-0.503847,-0.0973296,2.78771,-0.00944506,Saliva
4,P21_Saliva,0.290558,-0.273732,-1.3441,11.0581,Saliva
5,P21_Saliva,0.547236,-0.0655171,-1.03959,-0.172843,Saliva
6,P21_Saliva,-0.203746,-1.19225,-0.472546,0.7106,Saliva
7,P21_Saliva,1.607,-0.0950083,-2.31886,-1.13207,Saliva
8,P21_Saliva,0.408053,-0.361158,0.333017,-9.37419,Saliva
9,P21_Saliva,-0.63317,-0.140178,-0.243556,3.98815,Saliva
10,P21_Saliva,0.0338594,0.548032,-1.30631,-0.929138,Saliva
1,P22_Saliva,1.18448,-0.241251,0.63968,-2.03275,Saliva
2,P22_Saliva,2.01856,-0.576234,0.763933,3.39163,Saliva
3,P22_Saliva,0.550458,0.126914,0.665341,-3.33774,Saliva
4,P22_Saliva,0.395833,-0.107898,1.20787,-3.00195,Saliva
5,P22_Saliva,1.02217,0.480587,-1.5964,-1.65325,Saliva
6,P22_Saliva,-0.454038,-0.131235,2.57726,0.223344,Saliva
7,P22_Saliva,-0.376579,-1.05771,-1.50263,2.42067,Saliva
8,P22_Saliva,1.66784,-0.0204749,-0.517122,1.78241,Saliva
9,P22_Saliva,-0.309446,-0.307546,-1.42213,-1.68977,Saliva
10,P22_Saliva,0.495468,-0.105417,0.425012,4.47126,Saliva
1,P23_Saliva,-0.178678,-0.034461,0.350121,1.60607,Saliva
2,P23_Saliva,-0.241415,-0.591443,-0.152461,-1.62921,Saliva
3,P23_Saliva,0.385017,-0.539472,0.650608,-6.43323,Saliva
4,P23_Saliva,0.536026,-0.109457,0.850771,2.83377,Saliva
5,P23_Saliva,-0.131759,0.275742,0.104291,0.342807,Saliva
6,P23_Saliva,-0.0309573,0.279811,0.500397,-1.19522,Saliva
7,P23_Saliva,-0.146987,0.449067,-0.833522,3.24391,Saliva
8,P23_Saliva,0.49367,-1.02439,1.25491,-3.12448,Saliva
9,P23_Saliva,-0.159602,0.237633,1.07606,4.66868,Saliva
10,P23_Saliva,1.53686,0.029756,0.661955,3.75866,Saliva
1,P24_Saliva,-0.740264,0.030584,0.920461,-1.89512,Saliva
2,P24_Saliva,-0.212324,1.00474,-0.0287791,-6.41682,Saliva
3,P24_Saliva,-0.0230975,0.284303,1.23456,-4.99923,Saliva
4,P24_Saliva,-2.54224,0.620153,0.223808,-3.75565,Saliva
5,P24_Saliva,-0.110416,-0.520217,0.0654256,-4.84699,Saliva
6,P24_Saliva,-0.108312,-0.517417,-0.024977,-5.06732,Saliva
7,P24_Saliva,-0.917217,0.26627,0.161218,-2.83497,Saliva
8,P24_Saliva,-0.860514,0.229645,1.1931,0.735109,Saliva
9,P24_Saliva,-0.834168,0.56469,0.05851,-7.80541,Saliva
10,P24_Saliva,-1.1234,-0.176029,0.831539,-5.65517,Saliva
1,P25_Saliva,-0.282856,-0.400891,-0.426695,0.298534,Saliva
2,P25_Saliva,0.242156,0.62078,-3.33031,-1.80394,Saliva
3,P25_Saliva,0.173663,0.190758,-2.20175,1.24334,Saliva
4,P25_Saliva,0.453921,-0.245552,-0.42351,-5.84579,Saliva
5,P25_Saliva,0.0811128,-0.323781,0.665815,-4.39704,Saliva
6,P25_Saliva,1.60065,-0.37861,-0.413867,5.68908,Saliva
7,P25_Saliva,0.53228,0.152024,-0.554922,-8.54413,Saliva
8,P25_Saliva,0.239168,0.0121884,-2.79945,6.02285,Saliva
9,P25_Saliva,0.0411384,-0.431066,-0.960896,4.7911,Saliva
10,P25_Saliva,0.270141,0.045884,-3.14377,3.28665,Saliva
1,P26_Saliva,-0.207013,0.182286,0.841503,-7.09988,Saliva
2,P26_Saliva,-1.31414,-0.287596,0.0599802,1.14431,Saliva
3,P26_Saliva,-0.6135,0.983209,-0.508635,-9.78213,Saliva
4,P26_Saliva,-0.907947,-0.342714,3.76569,-0.463131,Saliva
5,P26_Saliva,-0.5018,0.403276,-2.30589,-5.98853,Saliva
6,P26_Saliva,-1.04673,-0.117939,2.19609,-2.04954,Saliva
7,P26_Saliva,0.0095408,0.353315,1.26495,-5.74809,Saliva
8,P26_Saliva,-0.660579,-1.24246,0.0364684,-9.78958,Saliva
9,P26_Saliva,-2.317,0.871765,-1.41234,-0.92794,Saliva
10,P26_Saliva,-1.35186,0.0728175,-0.400353,-2.08971,Saliva
1,P27_Saliva,0.29145,0.288734,1.51935,0.266116,Saliva
2,P27_Saliva,0.105963,-0.371189,-1.13475,0.959079,Saliva
3,P27_Saliva,0.16364,-0.446226,-1.40497,4.48004,Saliva
4,P27_Saliva,0.931384,-0.791654,-1.34984,-3.44005,Saliva
5,P27_Saliva,1.3467,0.292535,-2.35291,7.01703,Saliva
6,P27_Saliva,0.539864,-0.112886,-0.666309,-0.920841,Saliva
7,P27_Saliva,0.550078,-0.615245,0.539282,-13.6046,Saliva
8,P27_Saliva,-0.155489,-0.418393,0.173871,1.49127,Saliva
9,P27_Saliva,0.0789681,0.0962998,-0.689821,2.2416,Saliva
10,P27_Saliva,0.668796,0.286087,-0.445249,-8.56716,Saliva
1,P28_Saliva,-0.16557,-0.899987,0.00260188,-3.53927,Saliva
2,P28_Saliva,-0.00826137,0.0313902,-0.846353,-3.01777,Saliva
3,P28_Saliva,0.611464,1.39366,-0.543794,-3.88031,Saliva
4,P28_Saliva,-0.8737,-0.492588,-0.351875,1.15757,Saliva
5,P28_Saliva,-0.126417,0.212872,-0.271705,-3.67368,Saliva
6,P28_Saliva,0.309955,0.409312,0.951984,-3.47516,Saliva
7,P28_Saliva,-0.718364,-0.952381,0.678386,-4.51706,Saliva
8,P28_Saliva,-0.226558,0.168105,-0.299081,11.413,Saliva
9,P28_Saliva,0.209842,0.218659,-0.290092,-3.07435,Saliva
10,P28_Saliva,1.27988,0.127008,0.244002,0.363754,Saliva
1,P29_Saliva,-0.195692,-0.629144,0.777456,1.58862,Saliva
2,P29_Saliva,-0.506707,0.0503904,0.175716,1.28335,Saliva
3,P29_Saliva,-0.207596,0.113518,2.68912,4.85981,Saliva
4,P29_Saliva,0.499939,0.35288,-1.53482,-5.298,Saliva
5,P29_Saliva,-0.322177,0.501923,-2.39852,2.39002,Saliva
6,P29_Saliva,0.31854,0.552067,-1.15045,2.85513,Saliva
7,P29_Saliva,-0.288474,0.222163,0.393608,3.93808,Saliva
8,P29_Saliva,1.89644,0.00295677,1.31463,-3.84545,Saliva
9,P29_Saliva,1.27205,-0.0505678,-0.0571933,-4.14667,Saliva
10,P29_Saliva,1.01226,-0.205072,0.57615,3.17258,Saliva
1,P30_Saliva,-1.05879,-0.384996,-0.372878,-8.56319,Saliva
2,P30_Saliva,0.543627,0.329918,1.28062,1.61701,Saliva
3,P30_Saliva,-0.631312,0.871768,2.15839,-1.33088,Saliva
4,P30_Saliva,-1.3595,0.0171491,1.09743,-1.68181,Saliva
5,P30_Saliva,-1.1037,0.172016,1.17432,-5.89776,Saliva
6,P30_Saliva,-0.297146,0.597642,-0.13745,-3.79162,Saliva
7,P30_Saliva,-1.01085,0.609075,-3.03609,0.56041,Saliva
8,P30_Saliva,0.237757,1.52754,-1.78847,-2.82043,Saliva
9,P30_Saliva,0.614537,0.615768,1.99238,8.62019,Saliva
10,P30_Saliva,-0.727695,0.53531,1.627,-3.38539,Saliva
1,P31_Saliva,-0.201503,-1.14725,1.08957,-4.3865,Saliva
2,P31_Saliva,-0.371096,-0.532675,1.85633,-4.78461,Saliva
3,P31_Saliva,-0.27307,0.0558738,0.972922,-9.41338,Saliva
4,P31_Saliva,-1.30017,0.234294,1.09522,-1.06062,Saliva
5,P31_Saliva,-1.13168,1.24605,2.68049,-4.65881,Saliva
6,P31_Saliva,0.580259,0.0860441,-0.976791,-2.29836,Saliva
7,P31_Saliva,-2.1396,0.613539,0.320867,-1.24938,Saliva
8,P31_Saliva,-1.30478,-0.188178,0.271688,-0.927815,Saliva
9,P31_Saliva,-0.57359,1.16161,0.984552,0.765369,Saliva
10,P31_Saliva,0.151119,-0.634455,-1.04019,-7.28709,Saliva
1,P32_Saliva,0.947271,-0.308177,-0.808672,-1.50664,Saliva
2,P32_Saliva,-0.0160063,-0.67525,-0.726509,1.3648,Saliva
3,P32_Saliva,0.560777,0.236874,-1.14299,-7.40847,Saliva
4,P32_Saliva,1.03747,-0.2916,-0.142863,-0.993569,Saliva
5,P32_Saliva,0.222684,0.00482274,-1.97715,-4.70575,Saliva
6,P32_Saliva,0.324193,-0.125917,0.262691,-0.996593,Saliva
7,P32_Saliva,0.231037,-0.460861,-0.335047,2.07401,Saliva
8,P32_Saliva,0.605622,-0.778169,-1.35204,-5.01643,Saliva
9,P32_Saliva,0.0528054,-0.548802,-1.0472,-2.6044,Saliva
10,P32_Saliva,0.528022,-0.167921,-1.25427,-2.44702,Saliva
1,P33_Saliva,0.263169,-0.0612657,-0.597057,4.38916,Saliva
2,P33_Saliva,0.963993,0.0762458,-0.447638,-11.4298,Saliva
3,P33_Saliva,0.77315,1.23365,-1.09964,-9.80548,Saliva
4,P33_Saliva,1.12539,0.324971,-1.76002,-2.29204,Saliva
5,P33_Saliva,1.93301,0.570279,-1.87176,-1.65619,Saliva
6,P33_Saliva,0.353465,-0.206489,1.11112,-0.925495,Saliva
7,P33_Saliva,0.450439,0.261071,0.577093,-10.1025,Saliva
8,P33_Saliva,0.75692,0.439928,-0.790264,2.58182,Saliva
9,P33_Saliva,0.695088,0.199116,-0.147572,-2.44761,Saliva
10,P33_Saliva,1.1418,0.0627052,1.46727,-0.408854,Saliva
1,P34_Saliva,-1.97709,0.0610636,1.2482,6.40974,Saliva
2,P34_Saliva,-0.271052,0.0362764,0.146748,-5.0179,Saliva
3,P34_Saliva,0.114412,0.15023,0.119464,-1.57455,Saliva
4,P34_Saliva,-1.49848,-0.0818058,1.80439,1.76138,Saliva
5,P34_Saliva,-1.315,0.00735323,-0.543777,10.9211,Saliva
6,P34_Saliva,0.319105,0.295553,-1.20085,7.84605,Saliva
7,P34_Saliva,0.904276,0.420178,-1.32599,-1.04002,Saliva
8,P34_Saliva,-0.0359758,0.38866,0.228197,7.65188,Saliva
9,P34_Saliva,0.321549,0.695405,-1.67576,-4.13128,Saliva
10,P34_Saliva,0.0357114,0.0238648,-2.66398,11.8677,Saliva
1,P35_Saliva,-0.687934,-0.775968,0.447193,-6.52603,Saliva
2,P35_Saliva,-0.273091,-0.568699,-0.99312,-10.0029,Saliva
3,P35_Saliva,-0.646524,-0.389811,-3.14695,0.984853,Saliva
4,P35_Saliva,0.0854394,0.797415,-0.442172,-9.49003,Saliva
5,P35_Saliva,-0.782992,0.123291,-0.412787,-0.665704,Saliva
6,P35_Saliva,-0.70408,-0.486389,-0.647424,-3.30161,Saliva
7,P35_Saliva,0.0329644,-0.709231,-1.07673,-7.88949,Saliva
8,P35_Saliva,-1.01395,-0.160479,-0.812266,2.10983,Saliva
9,P35_Saliva,-0.31835,0.355275,0.864572,-5.61609,Saliva
10,P35_Saliva,-0.768594,-0.0985773,-1.5407,-1.44072,Saliva
1,P36_Saliva,-0.159304,0.515922,-0.945293,2.52734,Saliva
2,P36_Saliva,0.470401,-0.771496,1.65498,3.08194,Saliva
3,P36_Saliva,2.38472,-0.201203,-0.436411,0.526864,Saliva
4,P36_Saliva,-0.721812,0.24361,-1.00435,1.66587,Saliva
5,P36_Saliva,-1.04438,0.207968,-1.34155,-0.330864,Saliva
6,P36_Saliva,-0.235559,-0.378579,-1.75032,-1.57483,Saliva
7,P36_Saliva,0.174607,0.136551,0.593853,1.14989,Saliva
8,P36_Saliva,0.15731,-0.423989,-0.0642588,-0.360221,Saliva
9,P36_Saliva,0.172323,0.234095,-0.381251,6.67932,Saliva
10,P36_Saliva,-0.607248,-0.593618,-0.777806,-2.21952,Saliva
1,P37_Saliva,-0.843849,-0.246927,0.846839,7.21035,Saliva
2,P37_Saliva,1.95569,-0.26196,-0.800771,6.29643,Saliva
3,P37_Saliva,0.385634,-1.55088,2.23475,5.03438,Saliva
4,P37_Saliva,0.859191,0.469878,-1.25669,-7.8546,Saliva
5,P37_Saliva,-1.24669,0.184585,1.30442,6.96059,Saliva
6,P37_Saliva,1.22769,0.585305,2.12915,-3.79547,Saliva
7,P37_Saliva,-0.520213,0.179216,1.56094,2.41153,Saliva
8,P37_Saliva,0.965743,-0.0581544,-0.87109,0.434985,Saliva
9,P37_Saliva,0.437438,0.157845,0.176074,3.7602,Saliva
10,P37_Saliva,0.788114,-0.31184,0.136355,-5.45012,Saliva
1,P38_Saliva,0.140792,0.171379,1.98788,8.45501,Saliva
2,P38_Saliva,-2.06385,-0.325357,0.533238,4.61176,Saliva
3,P38_Saliva,-0.482999,0.421232,-0.493393,2.97127,Saliva
4,P38_Saliva,0.941263,1.20049,-0.797142,6.41029,Saliva
5,P38_Saliva,-1.02468,0.859889,1.46181,4.84344,Saliva
6,P38_Saliva,-2.33129,0.11009,2.41386,4.23116,Saliva
7,P38_Saliva,0.857873,1.25351,0.950843,-2.40756,Saliva
8,P38_Saliva,0.207668,-0.297218,0.827548,9.35815,Saliva
9,P38_Saliva,-0.843287,0.156294,-0.360016,4.06168,Saliva
10,P38_Saliva,-1.62297,-0.149543,0.79406,5.25728,Saliva
1,P39_Saliva,0.229242,-0.441123,0.427072,3.70334,Saliva
2,P39_Saliva,0.402493,0.73703,-1.53985,-5.47234,Saliva
3,P39_Saliva,-0.0498465,-0.108292,0.854116,0.280754,Saliva
4,P39_Saliva,0.405164,0.0619353,1.6263,-2.74377,Saliva
5,P39_Saliva,0.752546,-0.0539455,1.00176,-0.278715,Saliva
6,P39_Saliva,0.684825,-0.138504,1.88654,1.62302,Saliva
7,P39_Saliva,0.151816,-0.526481,0.868404,-4.24608,Saliva
8,P39_Saliva,0.234982,0.0516822,-0.322255,-6.60765,Saliva
9,P39_Saliva,1.72354,-0.86843,2.23644,-5.67184,Saliva
10,P39_Saliva,0.687071,-0.367725,0.770178,-4.63275,Saliva
1,P40_Saliva,-1.1341,1.04802,-1.71833,4.85834,Saliva
2,P40_Saliva,-0.150868,0.285417,2.3042,9.56341,Saliva
3,P40_Saliva,-1.09186,-0.784963,0.628872,-0.253841,Saliva
4,P40_Saliva,-0.854425,-0.145822,-0.701321,-6.75524,Saliva
5,P40_Saliva,-1.85182,0.286672,-0.15548,2.48321,Saliva
6,P40_Saliva,-1.16121,-0.389119,1.30915,-5.29258,Saliva
7,P40_Saliva,-1.43507,-1.2021,1.95851,-2.68787,Saliva
8,P40_Saliva,-0.613942,0.443603,0.83307,-3.98145,Saliva
9,P40_Saliva,-1.64699,-0.482893,1.62327,-3.32132,Saliva
10,P40_Saliva,0.0403964,1.38085,1.54131,-4.1427,Saliva
1,P41_Saliva,0.8619,-0.533328,-0.976468,0.0712805,Saliva
2,P41_Saliva,-0.0196173,-0.688252,-2.23753,-1.34013,Saliva
3,P41_Saliva,-0.281229,-0.0713991,-1.05569,-2.79199,Saliva
4,P41_Saliva,-0.620274,-0.774783,-0.341734,0.70687,Saliva
5,P41_Saliva,-0.948629,-0.525696,1.09508,14.4157,Saliva
6,P41_Saliva,0.587349,-0.620433,-1.60583,5.39421,Saliva
7,P41_Saliva,-0.0244566,-0.960684,-0.70261,-1.9545,Saliva
8,P41_Saliva,-0.33638,-0.115697,-1.95008,0.401392,Saliva
9,P41_Saliva,-0.380138,-0.210301,-1.09492,1.1579,Saliva
10,P41_Saliva,0.218405,-0.527091,-1.52718,-4.0512,Saliva
1,P42_Saliva,0.828898,-0.367961,0.605009,4.67344,Saliva
2,P42_Saliva,1.20335,-0.41837,0.188036,2.11789,Saliva
3,P42_Saliva,-0.184974,0.335877,-1.84629,1.98079,Saliva
4,P42_Saliva,0.465818,-0.357631,-0.869316,1.71085,Saliva
5,P42_Saliva,0.0795022,0.297287,-0.086141,-1.71811,Saliva
6,P42_Saliva,-0.164192,-0.252296,1.28084,-7.67227,Saliva
7,P42_Saliva,-0.251145,-0.989481,1.67006,6.27552,Saliva
8,P42_Saliva,-0.358506,-0.305248,-1.51211,10.7205,Saliva
9,P42_Saliva,-0.261918,-0.0206352,0.0286366,-4.43154,Saliva
10,P42_Saliva,-0.35088,-0.611493,1.00014,-0.115972,Saliva
1,P43_Saliva,0.425105,0.474446,1.03452,11.4003,Saliva
2,P43_Saliva,-0.286168,0.346616,-0.0357074,7.77169,Saliva
3,P43_Saliva,1.35878,0.536444,-0.0227408,2.41749,Saliva
4,P43_Saliva,0.446398,0.309182,0.265568,-0.577664,Saliva
5,P43_Saliva,0.966864,-0.106911,1.78627,5.11104,Saliva
6,P43_Saliva,2.23522,0.659434,0.326655,-8.17731,Saliva
7,P43_Saliva,0.13156,0.155743,1.36466,3.15883,Saliva
8,P43_Saliva,0.149118,-0.141846,0.393077,-0.165095,Saliva
9,P43_Saliva,-1.35184,-0.150792,0.692588,4.54109,Saliva
10,P43_Saliva,-0.48371,0.0968623,1.94648,3.01263,Saliva
1,P44_Saliva,-1.50398,-0.491819,0.770081,-2.89064,Saliva
2,P44_Saliva,-2.36866,-0.0684686,-1.44009,4.85975,Saliva
3,P44_Saliva,-1.24085,0.931422,2.06532,-1.96982,Saliva
4,P44_Saliva,-0.361179,0.994426,-0.187165,-5.29957,Saliva
5,P44_Saliva,-1.96791,-0.306305,-1.55172,-0.675906,Saliva
6,P44_Saliva,-0.577341,0.448161,2.41533,-7.50421,Saliva
7,P44_Saliva,-0.154066,0.416091,-1.08345,-9.3677,Saliva
8,P44_Saliva,-0.889269,0.561636,-0.844678,5.54709,Saliva
9,P44_Saliva,-0.821132,1.05186,-0.283206,-0.584824,Saliva
10,P44_Saliva,1.06703,0.608309,-2.68272,0.670013,Saliva
1,P45_Saliva,0.456861,-0.0792925,-0.775346,6.24013,Saliva
2,P45_Saliva,-0.823002,-0.329067,-1.15184,-3.92796,Saliva
3,P45_Saliva,-0.578157,-0.239673,-1.49095,1.64992,Saliva
4,P45_Saliva,-0.458766,-0.385968,1.06081,-5.32039,Saliva
5,P45_Saliva,-0.264714,0.881665,1.09346,-0.451466,Saliva
6,P45_Saliva,-1.18269,0.0848818,1.52892,3.35524,Saliva
7,P45_Saliva,-0.386079,0.511507,-0.238749,0.770216,Saliva
8,P45_Saliva,-0.645604,0.24109,0.915951,-0.345065,Saliva
9,P45_Saliva,0.0504624,0.173061,1.30509,0.046134,Saliva
10,P45_Saliva,0.128306,0.756924,1.637,-3.36741,Saliva
1,P46_Saliva,0.467361,-0.273083,-0.292093,-0.767113,Saliva
2,P46_Saliva,0.534124,0.0772795,0.523323,-0.742426,Saliva
3,P46_Saliva,0.113152,-0.558469,1.16398,-3.44627,Saliva
4,P46_Saliva,1.17765,0.30258,-1.24057,-7.41469,Saliva
5,P46_Saliva,0.727977,0.894921,-2.16643,0.459559,Saliva
6,P46_Saliva,0.624488,0.308397,-1.22224,-6.91635,Saliva
7,P46_Saliva,0.503515,0.122756,-0.225234,0.146646,Saliva
8,P46_Saliva,0.533164,-0.402183,2.03062,-13.3455,Saliva
9,P46_Saliva,0.660847,-0.298474,-0.761668,11.3634,Saliva
10,P46_Saliva,0.016126,-0.228824,0.131549,3.87173,Saliva
1,P47_Saliva,-0.805439,0.0992169,1.5682,7.26573,Saliva
2,P47_Saliva,1.18213,-0.284206,1.15376,0.902294,Saliva
3,P47_Saliva,-1.12641,0.663384,-2.52754,5.4218,Saliva
4,P47_Saliva,-0.482384,0.669997,0.478076,6.74699,Saliva
5,P47_Saliva,-1.58367,0.177324,1.392,6.58828,Saliva
6,P47_Saliva,-0.290049,-0.330003,1.46409,10.4391,Saliva
7,P47_Saliva,2.22815,-0.14598,2.90941,-1.72748,Saliva
8,P47_Saliva,-0.312304,0.307423,2.38931,3.58666,Saliva
9,P47_Saliva,-0.38469,0.320803,0.951104,5.88826,Saliva
10,P47_Saliva,-0.671434,0.0581259,0.837793,8.26459,Saliva
1,P48_Saliva,0.113076,0.507326,-1.24303,3.79323,Saliva
2,P48_Saliva,0.773026,-0.106415,-1.28315,-0.683335,Saliva
3,P48_Saliva,0.191014,-0.100981,-1.32523,6.83485,Saliva
4,P48_Saliva,-0.471112,-0.472673,0.294709,-2.5621,Saliva
5,P48_Saliva,0.50427,-0.48662,-1.03926,3.20599,Saliva
6,P48_Saliva,0.144793,-0.513706,0.89208,-5.77462,Saliva
7,P48_Saliva,0.684219,-0.111093,-1.60017,-0.1159,Saliva
8,P48_Saliva,0.031007,-0.366013,-0.0336578,3.23931,Saliva
9,P48_Saliva,0.00908383,-0.201691,1.1986,-5.03199,Saliva
10,P48_Saliva,0.24129,-0.546626,-0.596932,6.91064,Saliva
1,P49_Saliva,0.232831,0.55859,-0.772057,-1.35266,Saliva
2,P49_Saliva,-0.70973,-0.49043,-1.88204,-0.302396,Saliva
3,P49_Saliva,-0.186754,0.0436808,-0.845804,-1.5256,Saliva
4,P49_Saliva,-0.359159,0.129537,2.76663,-3.58678,Saliva
5,P49_Saliva,0.239641,0.661107,-2.66243,1.62735,Saliva
6,P49_Saliva,0.574614,0.0101751,0.0712774,3.63398,Saliva
7,P49_Saliva,0.0829365,-0.237278,0.840309,-7.49211,Saliva
8,P49_Saliva,-1.15019,-0.820497,1.09369,3.28835,Saliva
9,P49_Saliva,0.460811,0.855565,-0.673199,-0.81861,Saliva
10,P49_Saliva,0.607413,0.155561,0.126357,2.96769,Saliva
1,P50_Saliva,-0.299102,0.000108379,1.18585,5.06863,Saliva
2,P50_Saliva,-0.167333,0.184863,0.763876,7.35164,Saliva
3,P50_Saliva,-0.0171651,0.22964,-1.07975,4.88952,Saliva
4,P50_Saliva,-1.11138,-0.825237,-0.00698302,4.308,Saliva
5,P50_Saliva,1.70105,-0.355408,1.97085,5.60841,Saliva
6,P50_Saliva,0.140462,0.555664,-0.512406,-2.05974,Saliva
7,P50_Saliva,0.502617,-0.973071,-0.0522411,-1.83325,Saliva
8,P50_Saliva,0.61176,-0.0967093,1.51364,-0.00594201,Saliva
9,P50_Saliva,-1.49524,-0.753008,-1.54237,11.3635,Saliva
10,P50_Saliva,-1.04218,-0.326853,1.55262,4.38204,Saliva
1,P51_Saliva,0.16011,-0.292805,-1.64974,-7.96705,Saliva
2,P51_Saliva,-1.32044,-0.117488,-1.42768,9.01176,Saliva
3,P51_Saliva,0.404184,-1.03297,0.827205,-4.45373,Saliva
4,P51_Saliva,0.402403,-0.0964195,-0.477282,-7.00549,Saliva
5,P51_Saliva,0.112262,-0.152243,-0.762771,-1.10684,Saliva
6,P51_Saliva,1.3506,-1.30578,-1.04838,7.90874,Saliva
7,P51_Saliva,0.0728425,0.0553126,-0.496914,-2.04044,Saliva
8,P51_Saliva,0.0191987,-0.250834,-0.713765,-7.39873,Saliva
9,P51_Saliva,-0.777314,-0.721582,-0.836622,8.12252,Saliva
10,P51_Saliva,1.25523,-0.446803,-1.45505,-0.784708,Saliva
1,P53_Saliva,-0.196133,-0.132668,1.87361,0.122289,Saliva
2,P53_Saliva,-0.366767,-0.16489,0.580668,2.65508,Saliva
3,P53_Saliva,0.0351015,-0.510521,0.545475,5.33964,Saliva
4,P53_Saliva,1.83258,0.109715,0.0933216,2.15723,Saliva
5,P53_Saliva,0.0273149,-0.532611,-0.566639,2.34295,Saliva
6,P53_Saliva,0.140309,0.813292,-0.353201,3.59339,Saliva
7,P53_Saliva,0.127694,-0.969437,1.86185,2.33005,Saliva
8,P53_Saliva,-0.228312,-0.0455287,-0.433043,6.75875,Saliva
9,P53_Saliva,0.394991,-0.499427,-0.152929,5.54511,Saliva
10,P53_Saliva,0.615501,-0.539145,0.564895,-11.1496,Saliva
1,P54_Saliva,-0.677111,0.416744,-0.351252,10.4148,Saliva
2,P54_Saliva,0.341726,0.812217,-0.066839,4.14236,Saliva
3,P54_Saliva,-1.10412,-0.369644,-0.563764,0.218372,Saliva
4,P54_Saliva,-0.162066,-0.0888089,0.0137491,-7.14853,Saliva
5,P54_Saliva,1.45274,0.275243,2.17148,0.431837,Saliva
6,P54_Saliva,1.05615,1.26426,-1.31635,0.183852,Saliva
7,P54_Saliva,0.216856,0.674606,-0.874722,7.70058,Saliva
8,P54_Saliva,0.0968193,-0.0395957,-2.37297,-12.8019,Saliva
9,P54_Saliva,0.47423,0.295213,3.33663,-5.08689,Saliva
10,P54_Saliva,-4.0568e-05,0.275999,0.239293,-8.28525,Saliva
1,P55_Saliva,-1.59043,-0.320402,1.52812,0.18564,Saliva
2,P55_Saliva,2.3231,0.777366,-0.440022,-2.53617,Saliva
3,P55_Saliva,1.62127,0.508344,1.66686,4.76632,Saliva
4,P55_Saliva,1.13061,0.925909,-0.492292,0.183811,Saliva
5,P55_Saliva,0.988175,1.06862,0.34682,4.62681,Saliva
6,P55_Saliva,1.82968,0.805519,-0.755174,2.60698,Saliva
7,P55_Saliva,0.570025,0.701106,1.84259,7.52566,Saliva
8,P55_Saliva,1.26589,0.516189,2.84591,-1.20618,Saliva
9,P55_Saliva,0.930344,0.9566,-0.113326,3.31189,Saliva
10,P55_Saliva,-1.35478,0.289456,1.54399,5.62929,Saliva
1,P56_Saliva,0.334945,0.327679,0.591234,2.23487,Saliva
2,P56_Saliva,0.225153,-0.30029,-1.81057,-10.4266,Saliva
3,P56_Saliva,0.886819,-1.00354,1.81365,-13.0164,Saliva
4,P56_Saliva,0.849817,-0.914325,1.38498,-1.35784,Saliva
5,P56_Saliva,0.26356,-0.523561,0.384168,6.3797,Saliva
6,P56_Saliva,-0.300337,-0.234447,-1.0704,-1.47723,Saliva
7,P56_Saliva,1.04098,-0.353808,-0.978005,-2.40644,Saliva
8,P56_Saliva,0.196325,-0.107215,-1.23363,-0.288221,Saliva
9,P56_Saliva,0.263291,0.0560624,0.888176,3.8546,Saliva
10,P56_Saliva,0.204451,0.756855,-2.23794,0.733061,Saliva
1,P57_Saliva,-1.10459,0.643538,2.32972,-0.953677,Saliva
2,P57_Saliva,-1.29111,0.0494086,1.94514,-1.63751,Saliva
3,P57_Saliva,-1.3811,-0.71476,-1.55283,3.23233,Saliva
4,P57_Saliva,-0.930725,0.241357,1.62797,-1.88313,Saliva
5,P57_Saliva,-0.597398,0.136717,2.32027,-10.4163,Saliva
6,P57_Saliva,-1.73394,0.124839,-0.886368,-3.6151,Saliva
7,P57_Saliva,-0.886966,0.0345173,-0.505544,3.79298,Saliva
8,P57_Saliva,-0.981556,0.260403,-0.579719,-10.0598,Saliva
9,P57_Saliva,-1.60663,0.854,-0.908376,-1.29622,Saliva
10,P57_Saliva,-1.12755,-0.574041,-0.823552,3.9743,Saliva
1,P58_Saliva,-1.11478,-0.244347,-2.69859,5.97945,Saliva
2,P58_Saliva,0.98804,-0.553129,-0.828988,-3.09657,Saliva
3,P58_Saliva,-0.0992149,0.0556661,-0.833082,-0.10701,Saliva
4,P58_Saliva,0.223551,0.919432,-0.990325,6.92292,Saliva
5,P58_Saliva,-0.0523782,0.420284,-1.01995,5.50484,Saliva
6,P58_Saliva,1.86929,0.00648738,-2.0641,6.18422,Saliva
7,P58_Saliva,-0.905245,-0.289246,1.17533,4.09285,Saliva
8,P58_Saliva,0.592096,0.659205,1.30606,-11.9448,Saliva
9,P58_Saliva,-0.719074,-0.110325,1.52583,3.81365,Saliva
10,P58_Saliva,-0.0317685,0.641333,0.696978,-0.53544,Saliva
1,P59_Saliva,-0.194365,0.217262,-0.565122,0.469654,Saliva
2,P59_Saliva,-0.0780223,-0.408627,-1.56632,-2.49341,Saliva
3,P59_Saliva,1.24886,-0.00274147,1.58557,4.8377,Saliva
4,P59_Saliva,0.50156,-0.343928,-0.0295499,0.675895,Saliva
5,P59_Saliva,0.308972,0.312482,0.77854,-2.9813,Saliva
6,P59_Saliva,0.579834,0.253508,-0.73803,9.4408,Saliva
7,P59_Saliva,-0.0893029,0.510637,0.161497,-0.623445,Saliva
8,P59_Saliva,-0.0415658,-0.503811,-0.0428372,-2.98659,Saliva
9,P59_Saliva,-0.135231,-0.175263,0.671069,2.13254,Saliva
10,P59_Saliva,0.25169,-0.661558,-2.06568,-0.699647,Saliva
1,P60_Saliva,0.962978,0.330949,0.197471,-0.0209863,Saliva
2,P60_Saliva,-1.38359,0.330638,0.442469,-3.44413,Saliva
3,P60_Saliva,-1.20359,0.956121,0.394059,-0.831326,Saliva
4,P60_Saliva,-1.64064,-0.43506,1.80667,-2.63958,Saliva
5,P60_Saliva,1.85458,0.420733,1.41495,-1.95641,Saliva
6,P60_Saliva,1.21485,0.709139,-0.89067,8.25165,Saliva
7,P60_Saliva,1.54706,0.954195,1.33169,4.77059,Saliva
8,P60_Saliva,0.781984,0.162568,-0.0855233,-1.52845,Saliva
9,P60_Saliva,1.11604,0.115467,1.53038,9.87389,Saliva
10,P60_Saliva,0.241135,0.55242,3.02362,1.36691,Saliva
1,P61_Saliva,-1.25501,0.333198,-1.86707,4.01186,Saliva
2,P61_Saliva,-1.13885,-0.23102,0.491272,-6.43241,Saliva
3,P61_Saliva,-0.887114,-0.298036,1.06974,-5.35906,Saliva
4,P61_Saliva,-1.11215,0.58267,1.364,3.59812,Saliva
5,P61_Saliva,-0.923758,0.0363155,2.38302,8.60836,Saliva
6,P61_Saliva,-0.402559,0.768083,-0.91917,-1.9022,Saliva
7,P61_Saliva,1.07427,0.360757,1.44074,-7.20119,Saliva
8,P61_Saliva,-0.632378,0.77131,-1.83049,0.388292,Saliva
9,P61_Saliva,-0.799946,-0.380982,-0.290923,-8.04857,Saliva
10,P61_Saliva,-0.961724,-0.137516,-1.55372,-3.84884,Saliva
1,P62_Saliva,0.280587,0.781048,-0.830875,1.60068,Saliva
2,P62_Saliva,1.00733,0.600362,-0.860886,-6.50903,Saliva
3,P62_Saliva,0.417767,0.478324,1.01558,-0.0971277,Saliva
4,P62_Saliva,0.457435,0.137826,-1.81543,8.0511,Saliva
5,P62_Saliva,0.429867,-0.0676125,0.725837,0.38471,Saliva
6,P62_Saliva,0.40937,0.385579,-0.304341,-0.901112,Saliva
7,P62_Saliva,1.46913,0.283161,0.897663,-4.60931,Saliva
8,P62_Saliva,0.406007,-0.218279,2.22256,-1.21006,Saliva
9,P62_Saliva,0.335856,0.654618,1.02905,-1.3175,Saliva
10,P62_Saliva,0.373822,0.257233,2.58839,2.30998,Saliva
1,P63_Saliva,0.815947,0.0509166,1.14419,1.39327,Saliva
2,P63_Saliva,1.66498,0.175121,0.784702,-1.21906,Saliva
3,P63_Saliva,0.137243,0.418654,2.53444,2.93611,Saliva
4,P63_Saliva,-0.198857,-0.242349,2.04196,2.09384,Saliva
5,P63_Saliva,0.80349,0.602805,0.749272,-6.76062,Saliva
6,P63_Saliva,-0.0385184,-0.363399,1.05218,3.72889,Saliva
7,P63_Saliva,0.115741,0.227878,1.72733,0.38701,Saliva
8,P63_Saliva,-0.074175,0.606915,-1.27651,-9.55714,Saliva
9,P63_Saliva,0.894931,0.892526,-1.77356,-4.89666,Saliva
10,P63_Saliva,0.697516,0.318473,-1.12853,6.67695,Saliva
1,P64_Saliva,0.00113422,0.352975,-0.446833,4.55492,Saliva
2,P64_Saliva,0.334941,-1.30209,-0.435458,6.01357,Saliva
3,P64_Saliva,-0.0373594,-0.175491,1.46944,3.6426,Saliva
4,P64_Saliva,0.633384,-0.0096369,0.416841,-1.03838,Saliva
5,P64_Saliva,-0.748183,-0.305453,-0.6101,-5.62767,Saliva
6,P64_Saliva,0.0817602,0.558964,-2.78093,3.35441,Saliva
7,P64_Saliva,-0.262833,0.784201,0.68275,-4.38285,Saliva
8,P64_Saliva,0.0696514,0.119737,-0.67763,-0.0537321,Saliva
9,P64_Saliva,0.586635,-0.0463015,-0.231639,4.23408,Saliva
10,P64_Saliva,-0.91351,-0.100259,-1.87829,-2.49716,Saliva
1,P65_Saliva,1.2603,-0.801338,0.620777,-3.71132,Saliva
2,P65_Saliva,0.358525,-0.41497,1.24211,-4.40805,Saliva
3,P65_Saliva,-0.144363,0.15313,-1.10943,2.56335,Saliva
4,P65_Saliva,-0.196731,-0.200745,0.258338,-0.633284,Saliva
5,P65_Saliva,0.488294,0.201921,-0.657172,-1.07283,Saliva
6,P65_Saliva,1.17811,-0.504013,-0.563396,1.14455,Saliva
7,P65_Saliva,-0.698382,0.141436,1.31602,3.10752,Saliva
8,P65_Saliva,-0.135584,0.567678,0.214202,2.27924,Saliva
9,P65_Saliva,-0.285458,0.478813,-0.202441,3.07522,Saliva
10,P65_Saliva,-0.373485,0.329658,0.467439,2.55286,Saliva
1,P66_Saliva,-0.785955,-0.572492,1.56658,-11.5462,Saliva
2,P66_Saliva,0.0766897,0.89014,0.685592,-13.5077,Saliva
3,P66_Saliva,0.695322,-0.15323,0.655222,4.08325,Saliva
4,P66_Saliva,-0.953032,-0.80088,0.989615,2.91893,Saliva
5,P66_Saliva,-0.650091,0.332688,1.03936,-0.853052,Saliva
6,P66_Saliva,1.20421,-0.00695204,-0.425113,3.43273,Saliva
7,P66_Saliva,-0.286614,0.339506,0.541998,-7.22701,Saliva
8,P66_Saliva,-0.730838,-0.622945,-1.73877,-9.25501,Saliva
9,P66_Saliva,-0.835579,-0.0905183,-1.81842,-6.06211,Saliva
10,P66_Saliva,-0.835579,0.0687392,-0.393445,-4.24796,Saliva
1,P68_Saliva,-1.02917,0.344289,-0.067547,3.29692,Saliva
2,P68_Saliva,-0.799441,-0.433643,0.323413,0.0321846,Saliva
3,P68_Saliva,-0.103176,0.456416,-1.41728,8.16189,Saliva
4,P68_Saliva,0.800563,-0.321219,-1.36438,-15.4531,Saliva
5,P68_Saliva,0.958209,-0.0237007,0.109477,7.55676,Saliva
6,P68_Saliva,1.29354,-0.514914,-0.357673,15.6043,Saliva
7,P68_Saliva,-0.84002,-0.368699,0.187118,-0.74305,Saliva
8,P68_Saliva,-0.21063,0.420998,-1.06612,-0.135709,Saliva
9,P68_Saliva,-0.324527,0.261051,0.139218,-3.03463,Saliva
10,P68_Saliva,-0.892666,-0.597348,-0.422807,-0.194228,Saliva
1,P69_Saliva,0.350837,0.34571,-0.0546431,-9.1184,Saliva
2,P69_Saliva,0.159979,0.267489,-0.706494,0.84359,Saliva
3,P69_Saliva,-0.126896,0.794125,-0.0559409,-1.62537,Saliva
4,P69_Saliva,-0.875827,-0.223893,-1.29401,8.55639,Saliva
5,P69_Saliva,0.33564,-0.156617,-0.254144,-3.10313,Saliva
6,P69_Saliva,1.56348,-1.34907,2.08329,6.09862,Saliva
7,P69_Saliva,-0.525242,-0.478661,0.736948,6.11745,Saliva
8,P69_Saliva,0.94616,-0.587327,0.734391,8.64178,Saliva
9,P69_Saliva,-0.449181,-0.365347,0.583651,-2.9683,Saliva
10,P69_Saliva,-1.01465,-0.0117962,-2.22774,2.89777,Saliva
1,P70_Saliva,0.676068,-0.102013,0.514324,8.93386,Saliva
2,P70_Saliva,-0.480462,-0.13378,1.9628,-2.18646,Saliva
3,P70_Saliva,2.34842,0.557284,0.819842,-1.12604,Saliva
4,P70_Saliva,-2.11973,-0.511483,0.202065,6.34992,Saliva
5,P70_Saliva,-0.423291,-0.123834,-0.682855,-4.58794,Saliva
6,P70_Saliva,-0.221325,0.0654447,0.615486,2.67886,Saliva
7,P70_Saliva,0.0146032,0.194396,-2.06879,9.42077,Saliva
8,P70_Saliva,-1.00607,-0.144914,0.262179,-1.66308,Saliva
9,P70_Saliva,-0.0436223,-0.192938,0.599199,0.108854,Saliva
10,P70_Saliva,-0.558991,-1.06432,0.337929,-6.66943,Saliva
1,P71_Saliva,0.429661,0.605642,-0.3694,3.25733,Saliva
2,P71_Saliva,1.35301,0.41222,1.5206,-6.2631,Saliva
3,P71_Saliva,-1.97254,-0.278966,-0.351421,-2.20081,Saliva
4,P71_Saliva,-1.946,-0.182549,-1.43488,-4.12564,Saliva
5,P71_Saliva,-0.679488,0.859868,-0.465272,-0.626755,Saliva
6,P71_Saliva,1.03891,1.86448,0.994156,-7.09151,Saliva
7,P71_Saliva,0.961076,0.420186,-0.0875678,4.76736,Saliva
8,P71_Saliva,-0.647914,0.632993,-0.579941,-2.58059,Saliva
9,P71_Saliva,-1.27606,-0.181565,1.55597,-6.43453,Saliva
10,P71_Saliva,-0.521195,1.45427,-0.212394,1.25131,Saliva
1,P72_Saliva,-0.00652255,-1.35683,-0.640104,-5.21502,Saliva
2,P72_Saliva,-1.04083,0.515321,0.737974,-7.45135,Saliva
3,P72_Saliva,-0.659726,0.472735,-2.17723,1.22978,Saliva
4,P72_Saliva,0.20958,0.144909,-0.743336,-14.6604,Saliva
5,P72_Saliva,-0.551356,0.50452,2.02537,-11.7899,Saliva
6,P72_Saliva,-1.9411,-1.24492,0.30313,-0.300788,Saliva
7,P72_Saliva,-0.117774,0.495453,-1.93297,-5.10768,Saliva
8,P72_Saliva,-0.399295,-0.112544,2.78997,-2.68397,Saliva
9,P72_Saliva,-0.0775918,-0.107951,1.35906,-5.85732,Saliva
10,P72_Saliva,-1.03935,0.576285,0.0215774,-2.78363,Saliva
1,P73_Saliva,-0.168279,-0.243266,-1.13077,-4.50547,Saliva
2,P73_Saliva,-0.185456,0.0713398,0.788501,-1.40781,Saliva
3,P73_Saliva,-0.32325,-0.158943,-0.642421,-0.989147,Saliva
4,P73_Saliva,0.629244,-1.04758,0.719223,0.028054,Saliva
5,P73_Saliva,-0.418106,-0.23877,-1.41083,7.0937,Saliva
6,P73_Saliva,-0.636813,-0.844607,-0.342221,2.31728,Saliva
7,P73_Saliva,-0.532274,-0.186292,-0.172754,1.42834,Saliva
8,P73_Saliva,-0.0232663,-0.37667,0.0770408,-6.58201,Saliva
9,P73_Saliva,0.699994,-0.777606,0.0686099,-5.3707,Saliva
10,P73_Saliva,-0.509436,0.529285,-0.949609,7.33577,Saliva
1,P74_Saliva,0.0365952,0.0608857,-0.740954,-1.43747,Saliva
2,P74_Saliva,0.397635,-0.336472,0.372444,-5.81284,Saliva
3,P74_Saliva,0.527656,-0.150112,0.231216,-5.24026,Saliva
4,P74_Saliva,1.02616,-0.318546,0.432972,-6.11896,Saliva
5,P74_Saliva,0.105747,0.283699,1.12013,-1.3325,Saliva
6,P74_Saliva,0.640221,0.0515087,-3.67447,1.44336,Saliva
7,P74_Saliva,0.0510302,-0.84985,1.10489,-4.9323,Saliva
8,P74_Saliva,-0.128454,0.318174,-0.533607,-0.197574,Saliva
9,P74_Saliva,-0.390179,0.521089,-1.83706,2.60052,Saliva
10,P74_Saliva,-0.400472,-0.271571,0.499125,2.72364,Saliva
1,P75_Saliva,-0.166421,-0.266705,0.537401,-0.22297,Saliva
2,P75_Saliva,0.698904,-0.362917,1.50231,-2.70703,Saliva
3,P75_Saliva,0.473596,-0.796536,-0.0769497,-8.58465,Saliva
4,P75_Saliva,-0.0505614,-0.153552,1.79907,-3.0697,Saliva
5,P75_Saliva,1.02227,-0.0448177,-0.155769,-9.25071,Saliva
6,P75_Saliva,-1.30624,0.6274,-0.213646,4.41017,Saliva
7,P75_Saliva,0.475171,-0.114835,1.01364,-4.25497,Saliva
8,P75_Saliva,-0.437267,0.0631747,0.16545,-2.73593,Saliva
9,P75_Saliva,-0.290517,-0.111057,-0.0613605,-4.93812,Saliva
10,P75_Saliva,-0.901555,0.651288,0.06043,-1.70353,Saliva
1,P76_Saliva,1.62338,0.343917,0.127106,-9.54803,Saliva
2,P76_Saliva,0.344671,0.176771,0.735056,-2.34985,Saliva
3,P76_Saliva,0.0329,0.654639,0.236306,5.18901,Saliva
4,P76_Saliva,0.0369418,0.88533,-1.70373,8.93474,Saliva
5,P76_Saliva,0.544602,0.341872,-0.543452,-0.174253,Saliva
6,P76_Saliva,0.817632,0.147022,-0.597086,1.02364,Saliva
7,P76_Saliva,0.786401,0.291201,-0.237642,7.15342,Saliva
8,P76_Saliva,0.766036,0.206468,-0.716299,0.815692,Saliva
9,P76_Saliva,0.172411,0.33981,0.6458,4.31287,Saliva
10,P76_Saliva,2.14014,0.11403,0.759185,0.0800457,Saliva
1,P77_Saliva,-0.0959916,-0.446126,-1.37685,1.26306,Saliva
2,P77_Saliva,1.51584,-0.328372,0.939887,3.98196,Saliva
3,P77_Saliva,-0.448122,0.557634,0.447373,3.59823,Saliva
4,P77_Saliva,0.00996595,-0.135949,-0.345296,5.65143,Saliva
5,P77_Saliva,-0.317566,-0.647209,-1.179,-0.344569,Saliva
6,P77_Saliva,0.658411,-0.744482,-0.212213,-7.49233,Saliva
7,P77_Saliva,-0.336251,-0.0102927,-0.591167,2.75376,Saliva
8,P77_Saliva,1.0002,0.125973,0.415736,0.598023,Saliva
9,P77_Saliva,2.75793,-0.74085,-0.733836,-3.14935,Saliva
10,P77_Saliva,-0.71065,-0.11792,1.72538,2.04021,Saliva
1,P1_Oropharynx,-0.573692,-0.98469,-0.942947,1.96287,Oropharynx
2,P1_Oropharynx,-0.235649,-0.267216,-1.49058,-5.23082,Oropharynx
3,P1_Oropharynx,-0.940269,-0.954166,-1.2672,3.26037,Oropharynx
4,P1_Oropharynx,-0.133928,0.299628,-1.40076,-4.03284,Oropharynx
5,P1_Oropharynx,-0.506137,-1.13083,-1.69826,-1.454,Oropharynx
6,P1_Oropharynx,-0.724515,-0.554209,-0.266547,-0.675017,Oropharynx
7,P1_Oropharynx,0.655388,-0.817035,-1.63699,1.94069,Oropharynx
8,P1_Oropharynx,1.77872,-1.01306,0.560848,1.78524,Oropharynx
9,P1_Oropharynx,0.744,-0.770679,-2.3351,-6.02747,Oropharynx
10,P1_Oropharynx,0.665117,-0.642927,-2.36552,-7.76251,Oropharynx
1,P2_Oropharynx,-0.201027,0.0533086,1.52086,1.68577,Oropharynx
2,P2_Oropharynx,0.92545,0.190764,-0.218782,3.70939,Oropharynx
3,P2_Oropharynx,-0.768758,-0.250655,-0.251275,6.97256,Oropharynx
4,P2_Oropharynx,-0.487084,-0.310807,1.55442,3.80796,Oropharynx
5,P2_Oropharynx,0.0427041,0.693101,2.16304,11.1795,Oropharynx
6,P2_Oropharynx,0.270872,0.391809,0.629923,7.36649,Oropharynx
7,P2_Oropharynx,1.32824,-0.265412,0.851377,4.29759,Oropharynx
8,P2_Oropharynx,0.173909,0.482602,1.29769,3.73884,Oropharynx
9,P2_Oropharynx,0.680858,0.0404606,1.32746,6.87899,Oropharynx
10,P2_Oropharynx,1.36703,0.73738,-1.32455,-2.74501,Oropharynx
1,P3_Oropharynx,-0.685178,-0.325829,-0.711694,-3.02217,Oropharynx
2,P3_Oropharynx,-1.74241,-0.0378591,0.120939,-6.09661,Oropharynx
3,P3_Oropharynx,-1.67389,0.19,-1.41147,3.31036,Oropharynx
4,P3_Oropharynx,0.688159,1.7897,-0.526968,-5.14558,Oropharynx
5,P3_Oropharynx,-0.528482,0.887564,3.48483,-0.379725,Oropharynx
6,P3_Oropharynx,-1.29838,-0.280548,-0.844558,-1.38978,Oropharynx
7,P3_Oropharynx,-0.454721,0.0652569,0.521954,-8.63597,Oropharynx
8,P3_Oropharynx,1.05888,0.0571682,1.86381,2.07561,Oropharynx
9,P3_Oropharynx,-1.39738,-0.504124,0.746959,-9.8473,Oropharynx
10,P3_Oropharynx,-2.41935,0.803222,2.58799,-8.56209,Oropharynx
1,P4_Oropharynx,-0.730387,-0.545582,2.46994,2.14645,Oropharynx
2,P4_Oropharynx,0.624011,-0.469046,0.119842,-4.27604,Oropharynx
3,P4_Oropharynx,0.786543,-0.56134,0.296629,3.35486,Oropharynx
4,P4_Oropharynx,-0.128662,0.191314,2.08438,2.56345,Oropharynx
5,P4_Oropharynx,0.301108,0.0296133,0.610064,4.06323,Oropharynx
6,P4_Oropharynx,-0.239207,-0.0746508,1.7328,7.3511,Oropharynx
7,P4_Oropharynx,0.522896,-0.501346,-0.270965,-0.819185,Oropharynx
8,P4_Oropharynx,1.03205,0.0875127,1.13341,-0.331013,Oropharynx
9,P4_Oropharynx,0.555464,0.693549,-1.50808,-0.636273,Oropharynx
10,P4_Oropharynx,-0.420032,-0.21344,1.29049,-4.584,Oropharynx
1,P5_Oropharynx,-1.62388,0.00812007,2.32756,-7.79726,Oropharynx
2,P5_Oropharynx,-1.78668,1.21168,-1.59378,-8.07666,Oropharynx
3,P5_Oropharynx,0.66773,0.36078,-1.04895,-5.77866,Oropharynx
4,P5_Oropharynx,-0.956683,-0.205586,-1.66921,0.802584,Oropharynx
5,P5_Oropharynx,0.0414141,-0.863643,-0.612169,1.82116,Oropharynx
6,P5_Oropharynx,0.604279,0.0370091,-1.05813,0.746763,Oropharynx
7,P5_Oropharynx,0.538036,0.135806,-0.0354458,-0.238235,Oropharynx
8,P5_Oropharynx,0.285139,-0.844683,-0.0834316,-2.16594,Oropharynx
9,P5_Oropharynx,-0.639272,-0.461026,2.67261,-1.85946,Oropharynx
10,P5_Oropharynx,0.810841,1.03871,-1.22351,-1.74494,Oropharynx
1,P6_Oropharynx,1.97958,0.562345,1.38363,10.6287,Oropharynx
2,P6_Oropharynx,3.19657,0.435948,0.618581,6.88798,Oropharynx
3,P6_Oropharynx,1.06526,-0.189269,0.290135,-7.07307,Oropharynx
4,P6_Oropharynx,0.907638,-0.735151,1.57309,3.77471,Oropharynx
5,P6_Oropharynx,1.01342,-0.20234,1.31354,-4.77449,Oropharynx
6,P6_Oropharynx,-0.759419,0.175943,0.362095,2.03856,Oropharynx
7,P6_Oropharynx,1.21807,0.652004,-0.26734,-5.70082,Oropharynx
8,P6_Oropharynx,-0.159328,-0.109408,-0.122549,7.00978,Oropharynx
9,P6_Oropharynx,1.76033,0.512295,0.265853,-3.12732,Oropharynx
10,P6_Oropharynx,2.40545,0.390374,-0.541744,-3.04388,Oropharynx
1,P7_Oropharynx,-0.376416,0.118458,-0.466349,2.58999,Oropharynx
2,P7_Oropharynx,-0.39929,-0.391164,1.10076,-6.70481,Oropharynx
3,P7_Oropharynx,0.906447,-0.643484,-1.21696,-14.1282,Oropharynx
4,P7_Oropharynx,-0.473464,-0.112324,-0.265161,-1.56862,Oropharynx
5,P7_Oropharynx,-0.249061,0.15032,-0.109372,0.785251,Oropharynx
6,P7_Oropharynx,-0.0410007,-0.325209,1.20373,2.68781,Oropharynx
7,P7_Oropharynx,0.698443,-1.37166,0.225966,-1.5996,Oropharynx
8,P7_Oropharynx,-0.582374,-0.880203,-0.241677,2.29278,Oropharynx
9,P7_Oropharynx,-0.541627,-0.682305,-0.453802,-1.25018,Oropharynx
10,P7_Oropharynx,-0.134415,-0.521082,-1.228,-4.11258,Oropharynx
1,P8_Oropharynx,-0.800215,-0.490357,1.48788,5.73791,Oropharynx
2,P8_Oropharynx,-1.15738,0.138593,0.140523,-1.97196,Oropharynx
3,P8_Oropharynx,-0.102056,1.12924,-0.166591,-5.48609,Oropharynx
4,P8_Oropharynx,-0.783368,-0.242381,0.440987,6.15302,Oropharynx
5,P8_Oropharynx,-0.163994,0.0503545,-0.162041,-10.6837,Oropharynx
6,P8_Oropharynx,0.742559,-0.539972,0.93234,5.74818,Oropharynx
7,P8_Oropharynx,-1.32247,-0.444077,0.254473,-2.91269,Oropharynx
8,P8_Oropharynx,-1.09091,-0.725534,1.82767,-8.29563,Oropharynx
9,P8_Oropharynx,-0.698482,0.565162,-0.940847,8.90847,Oropharynx
10,P8_Oropharynx,-2.07494,0.18862,0.63398,5.13813,Oropharynx
1,P9_Oropharynx,-0.32455,-0.358578,-1.43094,4.86074,Oropharynx
2,P9_Oropharynx,0.308308,-0.628655,-1.09637,-2.4359,Oropharynx
3,P9_Oropharynx,-0.216675,-1.19491,-1.31655,1.37795,Oropharynx
4,P9_Oropharynx,0.0552422,-0.199375,-1.57838,-1.18309,Oropharynx
5,P9_Oropharynx,-0.349554,-0.900653,-1.36104,-4.17804,Oropharynx
6,P9_Oropharynx,0.233852,-0.76454,-0.971165,-2.40783,Oropharynx
7,P9_Oropharynx,1.03345,-0.939252,-2.52166,-3.69327,Oropharynx
8,P9_Oropharynx,-0.183255,-0.230577,-1.90451,-3.11936,Oropharynx
9,P9_Oropharynx,-0.447973,-0.857414,-1.78117,1.50786,Oropharynx
10,P9_Oropharynx,0.809064,-0.434944,-2.40849,-2.76343,Oropharynx
1,P10_Oropharynx,-0.625304,-0.141968,-1.99839,1.06137,Oropharynx
2,P10_Oropharynx,0.169445,-1.24773,0.213345,-6.54953,Oropharynx
3,P10_Oropharynx,-0.994975,-0.47423,1.35457,2.05166,Oropharynx
4,P10_Oropharynx,-1.08101,-0.845879,0.826957,1.64765,Oropharynx
5,P10_Oropharynx,-0.540069,-0.363841,-1.58749,3.13229,Oropharynx
6,P10_Oropharynx,0.199381,-0.283898,-1.13982,-5.38603,Oropharynx
7,P10_Oropharynx,-0.884443,-0.347366,-1.19464,6.89418,Oropharynx
8,P10_Oropharynx,-0.419709,-0.395039,-1.1987,0.880806,Oropharynx
9,P10_Oropharynx,-0.616515,0.113992,-1.32122,4.69204,Oropharynx
10,P10_Oropharynx,-0.33858,-0.540398,-1.57955,5.3706,Oropharynx
1,P11_Oropharynx,-1.88577,-0.496227,0.125585,13.2266,Oropharynx
2,P11_Oropharynx,-0.526784,-1.72994,0.407996,2.15792,Oropharynx
3,P11_Oropharynx,-0.535681,0.390361,0.111108,2.40375,Oropharynx
4,P11_Oropharynx,-0.552714,-0.16595,-0.501501,-2.16716,Oropharynx
5,P11_Oropharynx,-0.318425,-0.0799008,-0.256007,-6.38583,Oropharynx
6,P11_Oropharynx,-0.23164,-0.269427,-1.6349,-3.39493,Oropharynx
7,P11_Oropharynx,1.33455,-0.95084,-0.799543,2.18772,Oropharynx
8,P11_Oropharynx,-1.09826,-0.816343,1.38532,1.89317,Oropharynx
9,P11_Oropharynx,-0.711653,0.0393852,-1.68006,8.22917,Oropharynx
10,P11_Oropharynx,-0.20394,-0.628334,-0.460503,9.24086,Oropharynx
1,P12_Oropharynx,-0.215627,-0.000375031,1.33878,1.23823,Oropharynx
2,P12_Oropharynx,-0.524162,-0.80443,1.3757,1.95944,Oropharynx
3,P12_Oropharynx,-0.167909,-1.10453,3.02162,-8.63928,Oropharynx
4,P12_Oropharynx,-0.846133,0.458406,1.14839,3.94226,Oropharynx
5,P12_Oropharynx,0.198993,-0.0657793,-2.14378,-6.84361,Oropharynx
6,P12_Oropharynx,0.135116,0.260117,-0.13842,-7.83451,Oropharynx
7,P12_Oropharynx,0.0746799,0.544807,-1.5226,-6.27862,Oropharynx
8,P12_Oropharynx,-1.63628,-0.537299,0.871929,5.70126,Oropharynx
9,P12_Oropharynx,-0.0749703,-0.0662118,0.0215761,-2.80972,Oropharynx
10,P12_Oropharynx,-0.195289,-0.053131,1.32722,3.71118,Oropharynx
1,P13_Oropharynx,0.499898,-0.186304,-0.547597,3.30239,Oropharynx
2,P13_Oropharynx,0.353415,-0.492651,-0.09464,3.41202,Oropharynx
3,P13_Oropharynx,0.247966,0.104123,0.339082,-0.633376,Oropharynx
4,P13_Oropharynx,-0.0263484,-0.812732,0.0323126,-1.27117,Oropharynx
5,P13_Oropharynx,0.905943,-0.0147435,2.05573,-5.82206,Oropharynx
6,P13_Oropharynx,0.149229,-0.198695,0.571498,4.14572,Oropharynx
7,P13_Oropharynx,-0.173013,-0.124995,-1.71796,3.89332,Oropharynx
8,P13_Oropharynx,-0.0428882,0.511308,0.22599,3.55542,Oropharynx
9,P13_Oropharynx,-0.560154,-1.08045,-0.0184059,-2.31919,Oropharynx
10,P13_Oropharynx,0.642869,-0.0305068,0.778121,3.05634,Oropharynx
1,P14_Oropharynx,-0.473944,0.442469,1.77734,1.18629,Oropharynx
2,P14_Oropharynx,0.686651,0.612747,-1.82281,7.01804,Oropharynx
3,P14_Oropharynx,1.30259,-0.164025,0.865383,-4.6392,Oropharynx
4,P14_Oropharynx,0.308022,-0.279848,1.04405,6.57485,Oropharynx
5,P14_Oropharynx,0.10514,-0.160842,0.863682,9.92392,Oropharynx
6,P14_Oropharynx,0.71031,0.551754,-0.547038,-7.61701,Oropharynx
7,P14_Oropharynx,0.480569,-0.374667,2.32979,3.6258,Oropharynx
8,P14_Oropharynx,0.650454,-0.518504,-0.694624,3.37,Oropharynx
9,P14_Oropharynx,1.08872,0.594043,-0.212687,0.374142,Oropharynx
10,P14_Oropharynx,0.108229,0.677768,2.99117,1.76214,Oropharynx
1,P15_Oropharynx,0.723567,0.657083,-0.319565,5.56866,Oropharynx
2,P15_Oropharynx,-0.203281,-0.00980436,-1.13228,-3.43558,Oropharynx
3,P15_Oropharynx,-0.457493,-0.367663,0.603989,-1.25752,Oropharynx
4,P15_Oropharynx,0.265393,-1.2212,-2.58421,5.31514,Oropharynx
5,P15_Oropharynx,1.10816,-1.20941,0.54327,-2.24248,Oropharynx
6,P15_Oropharynx,0.543807,0.206941,1.24355,-5.33848,Oropharynx
7,P15_Oropharynx,-0.236027,-0.593323,-1.01707,3.39431,Oropharynx
8,P15_Oropharynx,0.517898,0.538512,0.249652,0.731613,Oropharynx
9,P15_Oropharynx,0.952101,-0.200332,-0.100025,8.78097,Oropharynx
10,P15_Oropharynx,0.797802,0.0959482,-0.0374817,10.5209,Oropharynx
1,P16_Oropharynx,0.264729,0.348781,-2.75839,-0.0501495,Oropharynx
2,P16_Oropharynx,1.305,-0.109791,-0.233821,4.79188,Oropharynx
3,P16_Oropharynx,0.423244,0.417129,0.921058,-4.90245,Oropharynx
4,P16_Oropharynx,0.639405,0.562917,-1.33486,-2.17203,Oropharynx
5,P16_Oropharynx,0.636738,0.113921,0.175172,1.15317,Oropharynx
6,P16_Oropharynx,1.68219,-0.651424,-0.889692,-3.85553,Oropharynx
7,P16_Oropharynx,0.596212,-0.579035,-0.516031,2.915,Oropharynx
8,P16_Oropharynx,0.920567,-0.422052,-0.882314,-4.3469,Oropharynx
9,P16_Oropharynx,1.70692,-0.630262,-1.36706,-0.809082,Oropharynx
10,P16_Oropharynx,1.35147,-0.490006,0.69682,6.02921,Oropharynx
1,P17_Oropharynx,0.202018,0.0619563,-1.57239,-9.30456,Oropharynx
2,P17_Oropharynx,0.918636,-1.01261,-1.78196,6.09591,Oropharynx
3,P17_Oropharynx,0.242976,-0.142625,0.591428,-5.22267,Oropharynx
4,P17_Oropharynx,-0.760311,-0.589703,0.0749536,-1.11555,Oropharynx
5,P17_Oropharynx,0.035889,-1.05033,-1.3879,-2.48377,Oropharynx
6,P17_Oropharynx,-0.232513,-0.446699,-2.44058,0.953945,Oropharynx
7,P17_Oropharynx,1.10257,-0.265314,-0.219978,-8.81788,Oropharynx
8,P17_Oropharynx,-1.78609,-0.61919,1.19375,9.92934,Oropharynx
9,P17_Oropharynx,0.819866,-0.137436,0.426709,-9.13492,Oropharynx
10,P17_Oropharynx,0.646967,-1.27983,1.18148,-6.86321,Oropharynx
1,P18_Oropharynx,-1.17854,0.045008,-2.99899,-1.67407,Oropharynx
2,P18_Oropharynx,-0.323309,0.175177,-0.467508,-6.52573,Oropharynx
3,P18_Oropharynx,-0.196642,0.456585,-1.06208,-2.97833,Oropharynx
4,P18_Oropharynx,-0.828654,-0.395047,0.858574,-9.75852,Oropharynx
5,P18_Oropharynx,-0.433844,-0.0879237,-2.08295,-3.93333,Oropharynx
6,P18_Oropharynx,-0.454734,0.884669,-0.214748,-11.6421,Oropharynx
7,P18_Oropharynx,-1.66915,0.436509,0.676673,-7.67593,Oropharynx
8,P18_Oropharynx,-0.520837,1.09608,-0.0400352,-3.89306,Oropharynx
9,P18_Oropharynx,-0.432615,-0.676555,-0.799017,-7.43502,Oropharynx
10,P18_Oropharynx,-0.991658,-0.43502,1.06881,-0.869779,Oropharynx
1,P19_Oropharynx,-0.295129,0.601507,-0.231644,-7.01384,Oropharynx
2,P19_Oropharynx,-0.384417,0.556185,-1.6317,-6.67887,Oropharynx
3,P19_Oropharynx,1.25022,0.395062,1.53884,-10.3595,Oropharynx
4,P19_Oropharynx,1.51471,0.406116,1.38199,4.53132,Oropharynx
5,P19_Oropharynx,-1.42015,0.374954,-1.44036,-5.02351,Oropharynx
6,P19_Oropharynx,0.952547,0.368911,-0.997586,6.8759,Oropharynx
7,P19_Oropharynx,-1.36876,-0.0749774,2.7555,-5.40248,Oropharynx
8,P19_Oropharynx,0.553596,0.542069,-0.077901,4.91927,Oropharynx
9,P19_Oropharynx,-0.219807,-0.363379,1.3075,5.0851,Oropharynx
10,P19_Oropharynx,1.76717,0.425524,2.6512,2.79246,Oropharynx
1,P20_Oropharynx,1.027,-0.0141623,-0.130019,0.853785,Oropharynx
2,P20_Oropharynx,0.16075,-0.507125,-0.105873,2.15174,Oropharynx
3,P20_Oropharynx,0.153215,0.428204,1.20887,0.0436025,Oropharynx
4,P20_Oropharynx,0.381141,0.807384,1.7267,-13.0264,Oropharynx
5,P20_Oropharynx,0.824793,0.143166,-1.67313,6.049,Oropharynx
6,P20_Oropharynx,-0.0706432,0.237378,-0.00732454,-5.03585,Oropharynx
7,P20_Oropharynx,-0.310972,-0.596404,-0.23853,-0.89889,Oropharynx
8,P20_Oropharynx,-0.704603,-0.0377321,-1.52976,2.95307,Oropharynx
9,P20_Oropharynx,0.199262,0.142299,-1.38238,-1.51285,Oropharynx
10,P20_Oropharynx,1.08798,-0.754449,-1.65065,5.62945,Oropharynx
1,P21_Oropharynx,-0.324802,0.222088,-0.93344,0.938834,Oropharynx
2,P21_Oropharynx,1.33376,-0.127946,-0.883713,-0.142016,Oropharynx
3,P21_Oropharynx,-0.896409,-0.0783373,-0.40073,3.39862,Oropharynx
4,P21_Oropharynx,0.980714,0.0857128,0.187139,-0.736458,Oropharynx
5,P21_Oropharynx,0.500758,0.15004,-0.425911,-2.28106,Oropharynx
6,P21_Oropharynx,-0.145375,-0.188212,-0.342562,3.27905,Oropharynx
7,P21_Oropharynx,-0.438656,-0.110803,-1.16419,-2.22294,Oropharynx
8,P21_Oropharynx,-0.155916,-0.406067,1.38961,-10.5354,Oropharynx
9,P21_Oropharynx,-0.712857,-0.303345,-0.755281,2.7059,Oropharynx
10,P21_Oropharynx,0.138185,-0.349199,1.60217,-3.35535,Oropharynx
1,P22_Oropharynx,1.60342,-0.688736,-0.761849,5.75688,Oropharynx
2,P22_Oropharynx,0.755369,-0.676738,-1.39945,0.169361,Oropharynx
3,P22_Oropharynx,-0.0480729,0.187191,-0.732515,-1.56086,Oropharynx
4,P22_Oropharynx,-0.142903,0.359415,-1.10092,0.21888,Oropharynx
5,P22_Oropharynx,-0.298561,0.290285,0.196104,-1.81084,Oropharynx
6,P22_Oropharynx,1.59686,-0.313078,-0.388743,0.0412358,Oropharynx
7,P22_Oropharynx,0.895201,-0.110838,-0.577137,-1.74875,Oropharynx
8,P22_Oropharynx,0.377637,-0.680667,0.304854,-8.79451,Oropharynx
9,P22_Oropharynx,-0.234662,0.686275,0.0718891,2.34864,Oropharynx
10,P22_Oropharynx,-0.121381,-0.054819,0.0180769,-1.5721,Oropharynx
1,P23_Oropharynx,2.62098,1.01349,1.00418,2.87826,Oropharynx
2,P23_Oropharynx,-0.827821,0.711681,0.0855576,3.51644,Oropharynx
3,P23_Oropharynx,0.0665106,-0.0253134,1.91626,1.18787,Oropharynx
4,P23_Oropharynx,-0.0951531,0.160929,0.711141,-1.15737,Oropharynx
5,P23_Oropharynx,-0.0635602,0.610658,0.945368,0.712782,Oropharynx
6,P23_Oropharynx,0.440649,-0.114974,-0.718246,3.32766,Oropharynx
7,P23_Oropharynx,0.428539,0.239752,1.45279,6.32295,Oropharynx
8,P23_Oropharynx,1.85542,0.705667,0.956485,-4.75805,Oropharynx
9,P23_Oropharynx,0.621189,0.0134631,0.939412,-1.95696,Oropharynx
10,P23_Oropharynx,-0.906574,0.0882486,2.01923,6.17748,Oropharynx
1,P24_Oropharynx,-1.95866,-0.234471,-0.326703,-0.201204,Oropharynx
2,P24_Oropharynx,-1.17369,-0.00873409,1.61623,-1.30882,Oropharynx
3,P24_Oropharynx,-1.12721,1.10931,-0.0725718,2.90141,Oropharynx
4,P24_Oropharynx,-0.00731931,-0.182561,0.229798,-9.11545,Oropharynx
5,P24_Oropharynx,-1.65179,0.314536,0.549785,-1.49685,Oropharynx
6,P24_Oropharynx,-1.11391,-0.914618,-0.591894,-1.64171,Oropharynx
7,P24_Oropharynx,-1.05331,-0.266328,1.41877,-4.62928,Oropharynx
8,P24_Oropharynx,-0.889208,-0.277965,-0.531686,1.85291,Oropharynx
9,P24_Oropharynx,-0.922221,0.597395,1.62039,-9.9153,Oropharynx
10,P24_Oropharynx,-2.5906,0.484145,0.650672,-8.26752,Oropharynx
1,P25_Oropharynx,-0.0316111,0.317221,-0.710797,1.32613,Oropharynx
2,P25_Oropharynx,-0.0199621,-0.658693,1.51632,6.80263,Oropharynx
3,P25_Oropharynx,-0.619899,0.335157,0.396389,14.8701,Oropharynx
4,P25_Oropharynx,-0.596521,-0.287673,1.95021,4.75836,Oropharynx
5,P25_Oropharynx,1.31145,-0.0597884,0.830363,-7.80595,Oropharynx
6,P25_Oropharynx,0.863353,0.530446,-1.61213,0.567384,Oropharynx
7,P25_Oropharynx,0.418551,-0.154913,2.39653,-0.742824,Oropharynx
8,P25_Oropharynx,1.03774,0.182929,1.22671,-5.03331,Oropharynx
9,P25_Oropharynx,-0.592487,0.0942913,-0.956776,8.8342,Oropharynx
10,P25_Oropharynx,0.289724,0.435569,1.12941,-3.65678,Oropharynx
1,P26_Oropharynx,-2.19196,0.178894,0.570996,9.47777,Oropharynx
2,P26_Oropharynx,-0.54501,-0.99562,-0.151689,-0.486938,Oropharynx
3,P26_Oropharynx,1.6855,0.812385,0.914754,-1.20659,Oropharynx
4,P26_Oropharynx,0.0985813,-0.113253,0.186349,-5.12725,Oropharynx
5,P26_Oropharynx,0.995584,-0.544862,-0.76688,-2.78884,Oropharynx
6,P26_Oropharynx,-0.038892,0.57544,-0.407701,7.52906,Oropharynx
7,P26_Oropharynx,-0.107447,0.589112,-1.51968,5.74364,Oropharynx
8,P26_Oropharynx,-0.360234,-0.219108,0.478523,-2.8095,Oropharynx
9,P26_Oropharynx,-0.454627,-0.488944,0.444218,5.93795,Oropharynx
10,P26_Oropharynx,0.343349,-0.0980385,-0.964607,-1.33767,Oropharynx
1,P27_Oropharynx,0.465635,-0.974359,0.940038,0.140072,Oropharynx
2,P27_Oropharynx,0.247178,-1.13743,-1.41961,-9.14952,Oropharynx
3,P27_Oropharynx,0.830439,-0.102892,-1.00915,-3.46928,Oropharynx
4,P27_Oropharynx,0.45987,-0.61432,0.417198,9.17075,Oropharynx
5,P27_Oropharynx,0.411201,0.176226,-1.02541,-2.0973,Oropharynx
6,P27_Oropharynx,-0.118195,-0.977928,0.710525,8.4806,Oropharynx
7,P27_Oropharynx,0.919725,-0.416913,1.62946,-4.69481,Oropharynx
8,P27_Oropharynx,0.923302,0.150691,-1.61124,0.287031,Oropharynx
9,P27_Oropharynx,0.501056,-0.25333,0.0416192,2.94127,Oropharynx
10,P27_Oropharynx,0.213679,-0.0850565,-0.519978,-3.47513,Oropharynx
1,P28_Oropharynx,-0.00898404,-1.1067,2.6805,-3.68862,Oropharynx
2,P28_Oropharynx,-0.667893,-0.340876,0.537765,2.52259,Oropharynx
3,P28_Oropharynx,-0.0334459,-0.077724,0.062095,-3.01807,Oropharynx
4,P28_Oropharynx,0.156115,-0.827737,-1.3432,-1.13,Oropharynx
5,P28_Oropharynx,-0.611213,0.499353,-0.782156,2.50983,Oropharynx
6,P28_Oropharynx,0.00835664,-0.255974,-0.408141,-6.86121,Oropharynx
7,P28_Oropharynx,-1.2755,-0.418304,-0.531832,1.86003,Oropharynx
8,P28_Oropharynx,-0.306536,-0.210378,0.824773,-1.9219,Oropharynx
9,P28_Oropharynx,0.0365905,-0.700749,0.397735,3.63849,Oropharynx
10,P28_Oropharynx,-0.620088,-0.659427,0.826397,2.39845,Oropharynx
1,P29_Oropharynx,0.326912,0.514612,0.574226,-1.69943,Oropharynx
2,P29_Oropharynx,0.514017,0.974299,0.483466,-2.4984,Oropharynx
3,P29_Oropharynx,1.20059,-0.529171,-0.174391,-1.25958,Oropharynx
4,P29_Oropharynx,0.227661,0.111141,0.52281,1.39341,Oropharynx
5,P29_Oropharynx,0.526044,0.299178,1.3626,2.68105,Oropharynx
6,P29_Oropharynx,0.215727,-0.344463,2.41091,-0.394395,Oropharynx
7,P29_Oropharynx,0.609212,1.19487,1.55446,-11.5167,Oropharynx
8,P29_Oropharynx,-0.319832,-0.853464,-0.0860673,-6.31042,Oropharynx
9,P29_Oropharynx,-0.147817,-1.07469,-0.0335149,-4.58784,Oropharynx
10,P29_Oropharynx,-0.895141,0.115697,-1.02373,5.9893,Oropharynx
1,P30_Oropharynx,-0.44845,0.233373,0.509743,-4.74427,Oropharynx
2,P30_Oropharynx,-1.66996,-0.238115,-0.32494,-4.23571,Oropharynx
3,P30_Oropharynx,-1.09654,0.806403,-0.765728,2.16652,Oropharynx
4,P30_Oropharynx,-0.359484,0.293105,1.35938,2.80881,Oropharynx
5,P30_Oropharynx,-0.761712,-0.154186,-0.902954,-10.9614,Oropharynx
6,P30_Oropharynx,-0.374725,0.895834,-1.25016,-3.72616,Oropharynx
7,P30_Oropharynx,-1.28617,0.694213,-1.28025,-0.145992,Oropharynx
8,P30_Oropharynx,-1.69443,-0.054316,-0.859206,1.13979,Oropharynx
9,P30_Oropharynx,-0.654046,-0.115447,0.159927,-9.5117,Oropharynx
10,P30_Oropharynx,1.6274,0.48641,-0.809563,2.54248,Oropharynx
1,P31_Oropharynx,1.31702,-0.149028,-1.03141,4.60373,Oropharynx
2,P31_Oropharynx,0.685737,-0.762904,1.66216,1.49888,Oropharynx
3,P31_Oropharynx,-1.20924,-0.744706,-0.218824,7.39941,Oropharynx
4,P31_Oropharynx,1.11504,0.325772,0.231855,-4.69342,Oropharynx
5,P31_Oropharynx,-0.157827,0.39487,-0.753161,-0.0987532,Oropharynx
6,P31_Oropharynx,0.254947,-1.16716,-0.246865,-1.94537,Oropharynx
7,P31_Oropharynx,-0.0260868,-0.18928,0.429488,0.614065,Oropharynx
8,P31_Oropharynx,1.22503,0.278032,-1.8152,-3.02326,Oropharynx
9,P31_Oropharynx,-0.442535,-0.496474,-0.19643,-0.841713,Oropharynx
10,P31_Oropharynx,-1.42468,-1.165,-0.698332,6.50093,Oropharynx
1,P32_Oropharynx,-0.167611,0.148883,-0.649302,1.58188,Oropharynx
2,P32_Oropharynx,-0.83475,-0.0148951,-0.199866,4.35885,Oropharynx
3,P32_Oropharynx,-1.35046,-0.637837,1.20271,4.06806,Oropharynx
4,P32_Oropharynx,-1.40028,0.048568,-0.159049,0.608535,Oropharynx
5,P32_Oropharynx,0.0746383,0.41074,-0.833362,7.08106,Oropharynx
6,P32_Oropharynx,1.86104,-0.828176,0.381053,4.58985,Oropharynx
7,P32_Oropharynx,-0.0913647,0.294836,-0.797315,2.0415,Oropharynx
8,P32_Oropharynx,-0.480183,-0.489004,0.694167,7.18907,Oropharynx
9,P32_Oropharynx,-0.0564004,0.0903589,2.09085,-5.82087,Oropharynx
10,P32_Oropharynx,1.76241,-0.179396,1.95739,-1.77153,Oropharynx
1,P33_Oropharynx,-0.446108,-1.09334,3.18193,0.802768,Oropharynx
2,P33_Oropharynx,0.722958,-0.179505,-0.386495,3.802,Oropharynx
3,P33_Oropharynx,-0.57837,-0.543142,1.45768,-3.76503,Oropharynx
4,P33_Oropharynx,0.400298,-0.0781555,-0.0194855,3.68748,Oropharynx
5,P33_Oropharynx,0.965613,-0.405428,-0.552801,5.39935,Oropharynx
6,P33_Oropharynx,-0.468445,0.61209,0.654822,2.17379,Oropharynx
7,P33_Oropharynx,0.0529767,-0.586894,1.33124,1.29741,Oropharynx
8,P33_Oropharynx,0.148717,0.276512,0.889531,-5.06347,Oropharynx
9,P33_Oropharynx,-0.909111,-0.0281454,0.182891,6.87541,Oropharynx
10,P33_Oropharynx,1.0391,-0.0717559,-0.00479942,1.04273,Oropharynx
1,P34_Oropharynx,0.163091,-0.23686,-1.6854,0.736623,Oropharynx
2,P34_Oropharynx,-0.470089,0.189048,-1.31255,-3.0253,Oropharynx
3,P34_Oropharynx,1.99497,-0.738961,-1.90777,-8.52942,Oropharynx
4,P34_Oropharynx,-0.1206,-1.106,-1.01351,4.74457,Oropharynx
5,P34_Oropharynx,-0.372006,-0.463577,-0.503407,0.177673,Oropharynx
6,P34_Oropharynx,0.118848,-0.383751,0.337714,-5.45335,Oropharynx
7,P34_Oropharynx,1.11104,-0.318282,-1.14752,-7.22031,Oropharynx
8,P34_Oropharynx,0.38327,-0.379334,-0.433772,-0.440182,Oropharynx
9,P34_Oropharynx,-0.0741484,0.00973821,0.661387,-1.02279,Oropharynx
10,P34_Oropharynx,1.52377,-0.729837,-0.905994,-3.79031,Oropharynx
1,P35_Oropharynx,-0.0725531,-0.646777,0.360508,-5.43858,Oropharynx
2,P35_Oropharynx,-0.45603,-0.43632,-0.16031,-7.39643,Oropharynx
3,P35_Oropharynx,-0.284846,-0.0364363,-2.87926,-5.64658,Oropharynx
4,P35_Oropharynx,-0.99018,-0.3342,0.529047,1.62971,Oropharynx
5,P35_Oropharynx,-0.485734,0.242536,-1.56567,-7.83035,Oropharynx
6,P35_Oropharynx,-0.0408029,-0.0362756,-1.58354,-7.59831,Oropharynx
7,P35_Oropharynx,-1.05942,-0.692778,-1.62245,-4.43035,Oropharynx
8,P35_Oropharynx,-0.578094,-0.369051,-0.488536,0.619985,Oropharynx
9,P35_Oropharynx,-0.95343,-0.9745,-2.33865,-0.515127,Oropharynx
10,P35_Oropharynx,-0.383001,-0.33852,-0.878108,-3.21958,Oropharynx
1,P36_Oropharynx,-0.700799,-0.301874,-1.26232,0.677512,Oropharynx
2,P36_Oropharynx,0.488056,0.972291,-1.47981,-2.23143,Oropharynx
3,P36_Oropharynx,0.724536,0.323158,0.243521,-6.31658,Oropharynx
4,P36_Oropharynx,-0.614915,0.288608,0.631965,3.77267,Oropharynx
5,P36_Oropharynx,0.612573,0.375701,-1.42098,5.72666,Oropharynx
6,P36_Oropharynx,0.210666,0.653059,2.18203,8.68122,Oropharynx
7,P36_Oropharynx,-0.600367,-0.533094,-1.08678,3.62106,Oropharynx
8,P36_Oropharynx,0.0263324,-0.0635412,-1.62316,0.270721,Oropharynx
9,P36_Oropharynx,1.00885,-0.325879,0.20887,6.54075,Oropharynx
10,P36_Oropharynx,2.11085,-0.545354,-0.0726742,-1.1155,Oropharynx
1,P37_Oropharynx,-0.211652,0.848978,1.80959,6.93694,Oropharynx
2,P37_Oropharynx,1.17103,0.761263,1.80611,1.74721,Oropharynx
3,P37_Oropharynx,-1.12156,0.0487414,0.432291,1.60348,Oropharynx
4,P37_Oropharynx,-1.53411,0.374565,-0.066061,0.287424,Oropharynx
5,P37_Oropharynx,1.11377,-0.0217056,2.28361,6.04603,Oropharynx
6,P37_Oropharynx,-0.485416,-0.156465,-1.0973,-9.1863,Oropharynx
7,P37_Oropharynx,-0.2284,0.934723,0.901386,4.29678,Oropharynx
8,P37_Oropharynx,-0.71598,0.5515,1.12384,6.98662,Oropharynx
9,P37_Oropharynx,-1.88006,0.0541882,-1.54842,2.38762,Oropharynx
10,P37_Oropharynx,0.670992,1.09658,0.544439,1.44166,Oropharynx
1,P38_Oropharynx,-0.260783,1.12443,0.816497,10.4023,Oropharynx
2,P38_Oropharynx,0.227231,0.526022,1.67335,0.0065393,Oropharynx
3,P38_Oropharynx,0.0160158,0.315505,1.06866,2.44923,Oropharynx
4,P38_Oropharynx,-0.527046,-0.0487468,0.604049,2.82959,Oropharynx
5,P38_Oropharynx,0.663885,0.291846,1.14128,3.43842,Oropharynx
6,P38_Oropharynx,-1.63588,-0.232284,-1.46395,0.587201,Oropharynx
7,P38_Oropharynx,-0.00762319,-0.193016,-1.25842,0.247879,Oropharynx
8,P38_Oropharynx,-1.61459,-0.0519687,-1.58483,5.15512,Oropharynx
9,P38_Oropharynx,-1.51589,0.253298,-0.432121,2.22396,Oropharynx
10,P38_Oropharynx,1.06524,0.642421,2.69257,2.30707,Oropharynx
1,P39_Oropharynx,0.593159,-0.409447,0.384563,-4.50084,Oropharynx
2,P39_Oropharynx,0.665359,-0.313576,-0.696117,1.35592,Oropharynx
3,P39_Oropharynx,1.3644,-0.41685,1.41142,-7.1111,Oropharynx
4,P39_Oropharynx,0.523193,0.162561,0.706302,-7.02673,Oropharynx
5,P39_Oropharynx,-0.420792,-0.648284,-0.00770616,3.52519,Oropharynx
6,P39_Oropharynx,-0.681444,0.41891,0.252058,-0.507752,Oropharynx
7,P39_Oropharynx,0.212537,-0.253798,-2.05116,10.3628,Oropharynx
8,P39_Oropharynx,0.687837,-0.489308,-1.64332,2.75407,Oropharynx
9,P39_Oropharynx,-0.207699,-0.269252,-0.696389,-2.69038,Oropharynx
10,P39_Oropharynx,0.138201,0.324022,1.49216,-5.10381,Oropharynx
1,P40_Oropharynx,-0.482648,0.0566166,0.719559,-0.174153,Oropharynx
2,P40_Oropharynx,-1.01254,0.337522,-1.27688,-2.04912,Oropharynx
3,P40_Oropharynx,-1.26407,0.0452473,-0.55483,-2.6463,Oropharynx
4,P40_Oropharynx,0.450918,0.509765,2.15101,0.0088508,Oropharynx
5,P40_Oropharynx,-0.920646,-0.139004,-0.345141,-8.43948,Oropharynx
6,P40_Oropharynx,-0.308294,0.244877,-0.322134,-5.59369,Oropharynx
7,P40_Oropharynx,0.121351,0.326741,2.61386,7.38746,Oropharynx
8,P40_Oropharynx,-0.807798,-0.134273,0.154026,-2.66924,Oropharynx
9,P40_Oropharynx,-1.86706,-0.211939,-1.5122,-0.362231,Oropharynx
10,P40_Oropharynx,-1.43068,6.92899e-05,-1.33708,8.73521,Oropharynx
1,P41_Oropharynx,-0.0228888,-0.0479482,-1.68956,8.42377,Oropharynx
2,P41_Oropharynx,0.155167,-0.557776,0.571679,0.0170856,Oropharynx
3,P41_Oropharynx,-0.919255,0.323609,1.006,4.60301,Oropharynx
4,P41_Oropharynx,0.0179896,0.26632,0.640345,0.749106,Oropharynx
5,P41_Oropharynx,0.138133,-0.0835304,-0.16842,6.64331,Oropharynx
6,P41_Oropharynx,0.125862,-0.342639,1.68017,-4.05053,Oropharynx
7,P41_Oropharynx,0.672411,-0.243809,0.304099,-1.90672,Oropharynx
8,P41_Oropharynx,0.191717,-0.387434,0.390627,2.20403,Oropharynx
9,P41_Oropharynx,2.99602,-0.341253,-0.08792,-0.821072,Oropharynx
10,P41_Oropharynx,1.09167,-0.419948,-0.483671,4.14611,Oropharynx
1,P42_Oropharynx,1.1063,-1.13522,-0.717336,8.7036,Oropharynx
2,P42_Oropharynx,0.277215,0.0918958,-0.88949,1.26862,Oropharynx
3,P42_Oropharynx,-0.518949,0.204092,0.224331,4.18806,Oropharynx
4,P42_Oropharynx,0.427941,-0.760127,-0.422688,2.71307,Oropharynx
5,P42_Oropharynx,1.31829,-0.184622,0.52694,-3.42951,Oropharynx
6,P42_Oropharynx,0.520918,0.175094,-0.868482,-7.85387,Oropharynx
7,P42_Oropharynx,0.156415,-0.239701,0.587324,5.0959,Oropharynx
8,P42_Oropharynx,0.816585,-0.327521,-1.2311,-3.49374,Oropharynx
9,P42_Oropharynx,-0.103775,-0.48095,1.07434,0.459639,Oropharynx
10,P42_Oropharynx,-0.435561,-0.00112825,-0.802071,1.97708,Oropharynx
1,P43_Oropharynx,0.317468,-0.375356,1.26694,-4.29918,Oropharynx
2,P43_Oropharynx,0.231779,0.163254,1.49313,3.05597,Oropharynx
3,P43_Oropharynx,0.96776,0.592737,0.179164,3.5379,Oropharynx
4,P43_Oropharynx,0.285788,-0.304326,-1.07314,4.08456,Oropharynx
5,P43_Oropharynx,0.921698,-0.619277,-0.483229,-5.80694,Oropharynx
6,P43_Oropharynx,1.33562,0.181204,-0.201122,4.04541,Oropharynx
7,P43_Oropharynx,-0.767835,0.0217101,0.296424,7.77669,Oropharynx
8,P43_Oropharynx,0.765509,0.358447,0.122808,-11.3601,Oropharynx
9,P43_Oropharynx,0.602508,0.29711,0.246063,1.8754,Oropharynx
10,P43_Oropharynx,0.594668,0.0704363,0.316249,-1.99849,Oropharynx
1,P44_Oropharynx,0.46679,0.0382766,-1.12799,11.5088,Oropharynx
2,P44_Oropharynx,0.451965,0.338911,-0.271093,-4.12411,Oropharynx
3,P44_Oropharynx,-0.404542,-0.40774,0.137066,-3.06812,Oropharynx
4,P44_Oropharynx,-0.499929,-1.05257,0.498098,2.33554,Oropharynx
5,P44_Oropharynx,0.319043,0.661901,0.606594,1.73786,Oropharynx
6,P44_Oropharynx,-1.10973,-0.53391,-3.11221,-1.96456,Oropharynx
7,P44_Oropharynx,0.162643,0.512738,0.65591,0.902068,Oropharynx
8,P44_Oropharynx,-0.14569,0.325395,0.164144,1.87495,Oropharynx
9,P44_Oropharynx,0.453727,-0.820524,-0.0191494,5.80856,Oropharynx
10,P44_Oropharynx,0.409519,-0.657583,2.74808,2.98993,Oropharynx
1,P45_Oropharynx,0.826215,0.673565,1.02217,-5.60013,Oropharynx
2,P45_Oropharynx,-0.481218,0.037298,0.664183,13.0105,Oropharynx
3,P45_Oropharynx,0.391278,0.267555,0.592099,-3.02125,Oropharynx
4,P45_Oropharynx,-0.014192,0.0886953,0.19398,4.37863,Oropharynx
5,P45_Oropharynx,0.161107,0.267098,1.43805,0.4319,Oropharynx
6,P45_Oropharynx,0.915806,0.563964,-0.454488,-8.00381,Oropharynx
7,P45_Oropharynx,0.96405,0.235842,-0.930101,-9.24712,Oropharynx
8,P45_Oropharynx,0.807333,-0.0332481,1.84952,-2.63075,Oropharynx
9,P45_Oropharynx,0.582842,0.332362,-0.705874,-0.724597,Oropharynx
10,P45_Oropharynx,1.09665,0.0758458,-1.07722,-3.87082,Oropharynx
1,P46_Oropharynx,1.24672,0.225914,0.505911,-6.59568,Oropharynx
2,P46_Oropharynx,-1.302,0.287082,-0.6266,0.827723,Oropharynx
3,P46_Oropharynx,1.30604,0.485106,-0.424545,-1.12433,Oropharynx
4,P46_Oropharynx,0.872182,0.348505,2.53896,6.65163,Oropharynx
5,P46_Oropharynx,-0.526087,-0.166857,1.24377,-5.55022,Oropharynx
6,P46_Oropharynx,-1.66958,-0.237978,-1.51453,-3.44003,Oropharynx
7,P46_Oropharynx,-0.65394,0.315186,0.0324621,-6.86498,Oropharynx
8,P46_Oropharynx,1.13786,0.333226,-0.732212,5.54377,Oropharynx
9,P46_Oropharynx,-1.21693,0.380962,0.344486,-7.56983,Oropharynx
10,P46_Oropharynx,-1.67103,0.351168,0.257812,-3.13638,Oropharynx
1,P47_Oropharynx,1.78437,0.476616,1.36936,-4.39318,Oropharynx
2,P47_Oropharynx,1.39535,0.142252,2.31774,-0.693944,Oropharynx
3,P47_Oropharynx,1.99969,-0.123954,2.44872,2.87134,Oropharynx
4,P47_Oropharynx,-0.320708,0.0725351,0.604182,8.89967,Oropharynx
5,P47_Oropharynx,-0.014028,0.501315,-0.117318,8.8377,Oropharynx
6,P47_Oropharynx,0.986206,0.506064,1.5739,-0.530585,Oropharynx
7,P47_Oropharynx,0.605538,0.270603,-1.94284,13.9708,Oropharynx
8,P47_Oropharynx,0.261247,0.455522,1.70557,-4.19225,Oropharynx
9,P47_Oropharynx,-0.625665,0.191661,1.29852,7.41319,Oropharynx
10,P47_Oropharynx,0.578049,0.171414,0.904745,3.68657,Oropharynx
1,P48_Oropharynx,-1.19864,-0.794354,-1.42771,1.55409,Oropharynx
2,P48_Oropharynx,0.250734,0.571945,-1.17964,2.03716,Oropharynx
3,P48_Oropharynx,0.0601872,-0.238409,2.09614,0.383553,Oropharynx
4,P48_Oropharynx,0.285753,0.313815,-0.018383,4.21598,Oropharynx
5,P48_Oropharynx,0.487131,-0.0212937,0.115099,5.9118,Oropharynx
6,P48_Oropharynx,0.96402,-0.111797,-0.875276,5.36017,Oropharynx
7,P48_Oropharynx,0.247528,0.623716,-0.565978,2.5288,Oropharynx
8,P48_Oropharynx,-1.03646,-0.487562,1.73047,-0.907064,Oropharynx
9,P48_Oropharynx,0.840948,-0.192937,0.274905,-2.40005,Oropharynx
10,P48_Oropharynx,0.745981,0.919861,-1.2439,-11.6971,Oropharynx
1,P49_Oropharynx,-0.352826,0.0904732,0.665161,1.4652,Oropharynx
2,P49_Oropharynx,0.596115,0.0319749,0.177571,1.18225,Oropharynx
3,P49_Oropharynx,0.463872,-0.287782,-1.90649,-1.96482,Oropharynx
4,P49_Oropharynx,0.641958,-0.0479248,1.02549,15.0782,Oropharynx
5,P49_Oropharynx,-1.28438,-0.513956,-0.0955167,10.6719,Oropharynx
6,P49_Oropharynx,0.244579,0.133494,0.138503,-8.7923,Oropharynx
7,P49_Oropharynx,-0.11491,-0.80904,0.246888,3.43538,Oropharynx
8,P49_Oropharynx,-0.23057,0.105383,0.813641,-0.243613,Oropharynx
9,P49_Oropharynx,-0.3207,-0.0793432,-0.511332,-3.40987,Oropharynx
10,P49_Oropharynx,0.538353,-0.676728,0.178849,-2.83144,Oropharynx
1,P50_Oropharynx,-0.53077,0.0441161,-1.27803,-1.27972,Oropharynx
2,P50_Oropharynx,0.324368,0.00442655,-0.207549,4.42915,Oropharynx
3,P50_Oropharynx,1.28539,0.0108528,1.14411,-1.03132,Oropharynx
4,P50_Oropharynx,-1.01504,-0.0961679,-0.79665,2.44968,Oropharynx
5,P50_Oropharynx,-0.65085,0.361874,0.826888,-0.433104,Oropharynx
6,P50_Oropharynx,0.417726,-0.0294597,1.74352,-0.713685,Oropharynx
7,P50_Oropharynx,-0.100767,-0.615766,0.42565,-0.836437,Oropharynx
8,P50_Oropharynx,0.756958,-0.381883,1.39975,5.88546,Oropharynx
9,P50_Oropharynx,-0.803643,-0.108907,-0.0794534,-1.19366,Oropharynx
10,P50_Oropharynx,0.540055,-0.506132,-0.0949505,-8.22262,Oropharynx
1,P51_Oropharynx,0.33409,-0.460782,0.107127,-3.30599,Oropharynx
2,P51_Oropharynx,-0.394108,0.555297,-0.92991,0.97726,Oropharynx
3,P51_Oropharynx,0.13185,0.413686,-1.9526,3.96739,Oropharynx
4,P51_Oropharynx,-0.288474,0.752363,-1.51632,-2.60761,Oropharynx
5,P51_Oropharynx,0.659595,0.0277094,1.73465,-6.46677,Oropharynx
6,P51_Oropharynx,-0.710769,-0.0124606,0.928637,0.18383,Oropharynx
7,P51_Oropharynx,0.554751,-0.0273882,-0.206307,-0.476855,Oropharynx
8,P51_Oropharynx,0.64203,0.0195203,0.422008,-3.3292,Oropharynx
9,P51_Oropharynx,1.7561,0.43487,0.259491,1.81301,Oropharynx
10,P51_Oropharynx,-0.581639,0.0582952,-0.8173,-5.54161,Oropharynx
1,P52_Oropharynx,-0.688927,-0.679465,-1.21458,1.47297,Oropharynx
2,P52_Oropharynx,-0.0673211,0.105579,0.806129,-6.46905,Oropharynx
3,P52_Oropharynx,0.770764,-0.380902,-0.845231,0.321,Oropharynx
4,P52_Oropharynx,-0.848302,-0.451413,-0.342258,8.09794,Oropharynx
5,P52_Oropharynx,-0.168057,-0.165225,-1.23347,-0.323317,Oropharynx
6,P52_Oropharynx,-0.472205,-0.43063,1.11837,-5.52373,Oropharynx
7,P52_Oropharynx,-0.409274,-0.49473,1.12387,0.888534,Oropharynx
8,P52_Oropharynx,0.150046,-0.917033,-0.125367,0.344436,Oropharynx
9,P52_Oropharynx,0.371572,-0.437858,-1.05222,-5.51316,Oropharynx
10,P52_Oropharynx,-0.0969058,0.243567,-2.80732,-0.610017,Oropharynx
1,P53_Oropharynx,1.20285,0.468888,-0.733102,-4.39378,Oropharynx
2,P53_Oropharynx,-0.252976,0.154297,-0.798317,7.31867,Oropharynx
3,P53_Oropharynx,2.11286,-0.183184,-2.17453,-13.1873,Oropharynx
4,P53_Oropharynx,0.424342,0.722794,-1.39485,-0.447669,Oropharynx
5,P53_Oropharynx,0.402756,0.486151,-0.675434,-1.08661,Oropharynx
6,P53_Oropharynx,0.340636,0.307739,-1.02019,-6.59495,Oropharynx
7,P53_Oropharynx,0.468951,-0.557916,-0.121949,5.72655,Oropharynx
8,P53_Oropharynx,-0.103808,-0.870107,-1.8962,-1.93905,Oropharynx
9,P53_Oropharynx,-0.625437,-0.0996857,0.565902,-0.0984735,Oropharynx
10,P53_Oropharynx,0.0784883,0.499409,-2.73824,2.48744,Oropharynx
1,P54_Oropharynx,-0.400659,-0.087199,0.816874,2.40466,Oropharynx
2,P54_Oropharynx,0.716682,-0.300674,-1.97159,5.28806,Oropharynx
3,P54_Oropharynx,0.0397518,0.253205,0.371669,-2.87522,Oropharynx
4,P54_Oropharynx,1.56307,-0.215652,2.32586,-4.01294,Oropharynx
5,P54_Oropharynx,0.649178,0.0479989,1.59936,-7.31695,Oropharynx
6,P54_Oropharynx,1.02872,-0.158568,-0.0915095,-0.298574,Oropharynx
7,P54_Oropharynx,0.0131,0.0939633,-0.96451,8.99524,Oropharynx
8,P54_Oropharynx,0.0271356,-0.453793,-0.869496,-6.08992,Oropharynx
9,P54_Oropharynx,0.938692,-0.240083,-0.423352,-3.0513,Oropharynx
10,P54_Oropharynx,0.168846,-0.0886389,-0.664135,4.78597,Oropharynx
1,P55_Oropharynx,0.699488,0.84791,-0.817273,-1.48467,Oropharynx
2,P55_Oropharynx,1.58863,-0.149889,1.18205,2.78606,Oropharynx
3,P55_Oropharynx,0.803821,0.611044,0.874029,-2.23959,Oropharynx
4,P55_Oropharynx,0.8258,0.476856,0.451899,-8.76565,Oropharynx
5,P55_Oropharynx,-1.65397,0.209218,1.53784,7.61418,Oropharynx
6,P55_Oropharynx,-0.509331,-0.777458,1.6589,3.58717,Oropharynx
7,P55_Oropharynx,1.4128,0.442109,0.198716,-5.81105,Oropharynx
8,P55_Oropharynx,0.702728,0.139975,1.75343,-2.36596,Oropharynx
9,P55_Oropharynx,-1.31197,0.0259863,-2.6635,5.63207,Oropharynx
10,P55_Oropharynx,1.97329,0.292954,-0.457493,1.51344,Oropharynx
1,P56_Oropharynx,-0.224213,0.756335,0.872511,1.9173,Oropharynx
2,P56_Oropharynx,0.25144,0.256954,-0.554413,2.55337,Oropharynx
3,P56_Oropharynx,0.601322,0.563675,-0.936489,4.05053,Oropharynx
4,P56_Oropharynx,1.24453,0.0706423,-0.438107,-0.710701,Oropharynx
5,P56_Oropharynx,-0.0566444,-0.335643,1.18565,0.554396,Oropharynx
6,P56_Oropharynx,-0.0827213,-0.500227,-0.393548,-4.82997,Oropharynx
7,P56_Oropharynx,-0.558703,0.733913,-0.855046,2.93101,Oropharynx
8,P56_Oropharynx,-0.680912,0.0578562,0.620294,4.27977,Oropharynx
9,P56_Oropharynx,0.473478,-0.625861,1.86532,3.16851,Oropharynx
10,P56_Oropharynx,0.494447,-0.17046,-0.890153,-0.301708,Oropharynx
1,P57_Oropharynx,0.635481,0.0502672,0.807504,4.0624,Oropharynx
2,P57_Oropharynx,-0.297929,0.386959,0.671545,4.67427,Oropharynx
3,P57_Oropharynx,-1.11012,0.608967,-0.229206,-6.33714,Oropharynx
4,P57_Oropharynx,-1.16672,-0.0845069,-2.35326,-5.0038,Oropharynx
5,P57_Oropharynx,-0.542305,0.425002,0.575937,-10.9686,Oropharynx
6,P57_Oropharynx,0.0980268,0.859567,-0.768166,-10.6176,Oropharynx
7,P57_Oropharynx,-0.5055,0.339963,-1.52174,-9.38155,Oropharynx
8,P57_Oropharynx,-1.73246,-0.120509,-2.16919,-0.214878,Oropharynx
9,P57_Oropharynx,-1.11085,0.91678,0.38989,-2.89274,Oropharynx
10,P57_Oropharynx,-1.12369,-0.665164,0.111127,-0.54462,Oropharynx
1,P58_Oropharynx,0.417406,-0.256017,-1.23984,8.68778,Oropharynx
2,P58_Oropharynx,-0.185752,-0.16759,0.0666555,-3.83255,Oropharynx
3,P58_Oropharynx,0.146341,0.0688626,-0.165418,1.79022,Oropharynx
4,P58_Oropharynx,-0.139264,0.548401,-0.0887138,-3.82937,Oropharynx
5,P58_Oropharynx,1.3923,0.421768,0.5594,-2.37897,Oropharynx
6,P58_Oropharynx,0.142377,0.0494245,-0.0732232,-5.06507,Oropharynx
7,P58_Oropharynx,-0.560058,-0.245094,-0.182421,-1.78947,Oropharynx
8,P58_Oropharynx,-0.349362,-0.619183,1.75276,-4.53946,Oropharynx
9,P58_Oropharynx,0.164265,0.423265,1.91003,-6.66811,Oropharynx
10,P58_Oropharynx,-0.0172632,0.551579,1.49462,2.35314,Oropharynx
1,P59_Oropharynx,-0.282917,-0.21385,0.236838,3.99303,Oropharynx
2,P59_Oropharynx,0.169407,-0.649256,0.999914,4.68151,Oropharynx
3,P59_Oropharynx,1.31973,-0.465451,0.14748,-1.55749,Oropharynx
4,P59_Oropharynx,0.363528,-0.0495727,-1.08552,11.4912,Oropharynx
5,P59_Oropharynx,0.169169,-0.0168558,-0.259615,-6.7974,Oropharynx
6,P59_Oropharynx,-0.0808078,-0.218886,-0.655325,6.80261,Oropharynx
7,P59_Oropharynx,-0.541911,-0.0285784,-1.17014,-2.69998,Oropharynx
8,P59_Oropharynx,1.19209,-0.490853,-1.42895,-6.31296,Oropharynx
9,P59_Oropharynx,0.371731,0.513162,-1.66122,-0.777292,Oropharynx
10,P59_Oropharynx,-0.188793,0.0705237,0.103841,-1.20493,Oropharynx
1,P60_Oropharynx,1.34887,0.78071,2.71975,-2.11407,Oropharynx
2,P60_Oropharynx,-0.672132,0.533,-1.17151,1.31157,Oropharynx
3,P60_Oropharynx,0.453625,0.441387,-0.497407,-3.71713,Oropharynx
4,P60_Oropharynx,0.578286,0.796187,-0.732597,1.84422,Oropharynx
5,P60_Oropharynx,0.0443257,0.0731566,2.38995,6.62454,Oropharynx
6,P60_Oropharynx,-0.04045,-0.0867295,0.0844274,2.49514,Oropharynx
7,P60_Oropharynx,0.646535,0.863513,-1.46261,6.55536,Oropharynx
8,P60_Oropharynx,-1.74022,0.263178,1.12427,-2.5831,Oropharynx
9,P60_Oropharynx,0.304462,0.175314,-0.360912,6.06416,Oropharynx
10,P60_Oropharynx,1.17898,0.340532,0.20735,-8.11254,Oropharynx
1,P61_Oropharynx,0.139077,0.088152,0.335737,5.01941,Oropharynx
2,P61_Oropharynx,1.51022,-0.0667191,-0.0398791,4.19698,Oropharynx
3,P61_Oropharynx,1.32114,-0.591259,2.04576,-1.87997,Oropharynx
4,P61_Oropharynx,0.58625,-0.188581,0.682822,-1.73926,Oropharynx
5,P61_Oropharynx,0.00370797,0.693105,0.846902,0.871704,Oropharynx
6,P61_Oropharynx,0.569118,0.44808,0.519209,-4.10991,Oropharynx
7,P61_Oropharynx,2.19745,0.171086,-0.922649,-1.47165,Oropharynx
8,P61_Oropharynx,-1.00398,-0.722522,-0.194855,-7.75182,Oropharynx
9,P61_Oropharynx,-0.47862,0.397078,1.44126,-4.76717,Oropharynx
10,P61_Oropharynx,-0.0888719,-0.0432396,0.790805,-0.781192,Oropharynx
1,P62_Oropharynx,0.311312,-0.519515,0.877014,-3.38926,Oropharynx
2,P62_Oropharynx,0.0631074,-0.708898,-0.109475,6.768,Oropharynx
3,P62_Oropharynx,1.07398,0.297006,-0.434519,-5.30867,Oropharynx
4,P62_Oropharynx,0.789017,-0.0437864,-1.51147,-0.977675,Oropharynx
5,P62_Oropharynx,-0.869647,0.0691465,0.948671,5.99109,Oropharynx
6,P62_Oropharynx,0.76951,0.610437,-0.702429,-10.2848,Oropharynx
7,P62_Oropharynx,1.93174,-0.0484678,0.869863,4.47781,Oropharynx
8,P62_Oropharynx,-0.0889543,0.208812,0.722209,1.72935,Oropharynx
9,P62_Oropharynx,0.44207,-0.00595523,-0.557678,-1.34621,Oropharynx
10,P62_Oropharynx,0.565145,0.429426,-0.426586,-7.32774,Oropharynx
1,P63_Oropharynx,-0.221082,-0.0244495,0.926951,-1.46161,Oropharynx
2,P63_Oropharynx,1.02114,-0.495707,1.45006,11.1936,Oropharynx
3,P63_Oropharynx,0.00928405,0.0129189,0.107657,-5.07512,Oropharynx
4,P63_Oropharynx,0.382119,0.50198,-0.859542,-3.86828,Oropharynx
5,P63_Oropharynx,0.398891,-0.43431,-1.13444,-0.288766,Oropharynx
6,P63_Oropharynx,-0.742856,-0.176088,0.398414,0.249254,Oropharynx
7,P63_Oropharynx,-0.201048,0.144288,-0.365231,-0.831011,Oropharynx
8,P63_Oropharynx,1.23684,0.119633,0.514213,-1.06502,Oropharynx
9,P63_Oropharynx,-0.385454,-0.403638,-0.950981,0.995746,Oropharynx
10,P63_Oropharynx,-0.516715,-0.0162645,1.34218,1.25599,Oropharynx
1,P65_Oropharynx,0.116229,-0.207782,0.564108,3.5967,Oropharynx
2,P65_Oropharynx,1.08644,-0.122273,-0.964079,-5.65142,Oropharynx
3,P65_Oropharynx,0.243199,-0.242459,0.781541,-7.54092,Oropharynx
4,P65_Oropharynx,-0.226332,-0.1019,-0.407795,0.422424,Oropharynx
5,P65_Oropharynx,0.504304,0.194937,-1.28502,1.89551,Oropharynx
6,P65_Oropharynx,1.21093,-0.472489,-0.880916,-3.98467,Oropharynx
7,P65_Oropharynx,-0.473129,-0.106726,-0.546993,11.4114,Oropharynx
8,P65_Oropharynx,1.69305,-0.142974,-1.77598,3.416,Oropharynx
9,P65_Oropharynx,-0.924853,-0.599444,0.691194,0.988113,Oropharynx
10,P65_Oropharynx,0.0465529,-0.0226666,0.409743,-4.04264,Oropharynx
1,P66_Oropharynx,0.625354,0.999308,-0.476733,-4.98189,Oropharynx
2,P66_Oropharynx,-0.273428,0.241829,-0.0933029,-3.17811,Oropharynx
3,P66_Oropharynx,0.981756,-0.109013,-0.965552,4.74375,Oropharynx
4,P66_Oropharynx,-0.431086,0.225215,0.820701,9.75304,Oropharynx
5,P66_Oropharynx,0.505809,-0.31412,1.46801,-2.39594,Oropharynx
6,P66_Oropharynx,-1.31352,0.309289,-0.348603,3.65878,Oropharynx
7,P66_Oropharynx,0.618567,-0.422442,0.378973,-2.44864,Oropharynx
8,P66_Oropharynx,1.18859,0.461526,-2.6001,6.36308,Oropharynx
9,P66_Oropharynx,-1.31083,-0.109652,-0.291798,-0.869532,Oropharynx
10,P66_Oropharynx,0.693872,1.54113,-1.84513,-0.349614,Oropharynx
1,P67_Oropharynx,-0.384497,0.356461,1.09242,-0.0858517,Oropharynx
2,P67_Oropharynx,-0.0738534,-0.544569,1.05299,4.91643,Oropharynx
3,P67_Oropharynx,-0.165524,0.612221,-1.14133,-2.7493,Oropharynx
4,P67_Oropharynx,-0.381673,0.688503,2.81741,2.65783,Oropharynx
5,P67_Oropharynx,0.948821,-0.495992,0.501668,0.342011,Oropharynx
6,P67_Oropharynx,0.964564,-0.406645,-0.86082,3.6928,Oropharynx
7,P67_Oropharynx,-0.0461064,0.275193,0.623621,5.85658,Oropharynx
8,P67_Oropharynx,-0.672808,0.220612,0.171902,-1.2809,Oropharynx
9,P67_Oropharynx,-0.29637,1.01717,-1.87681,6.95221,Oropharynx
10,P67_Oropharynx,-0.346415,-0.213262,0.134446,-9.65848,Oropharynx
1,P68_Oropharynx,0.336067,0.208896,1.1596,-2.01259,Oropharynx
2,P68_Oropharynx,-0.248175,0.336194,1.64833,6.48741,Oropharynx
3,P68_Oropharynx,0.480329,-0.178553,2.43213,2.24586,Oropharynx
4,P68_Oropharynx,-1.67271,0.758423,1.76597,-1.95214,Oropharynx
5,P68_Oropharynx,0.640171,0.12934,-0.727883,3.41994,Oropharynx
6,P68_Oropharynx,0.904265,0.395393,-0.389835,-1.51876,Oropharynx
7,P68_Oropharynx,1.54815,1.00651,-0.486596,-3.64864,Oropharynx
8,P68_Oropharynx,-0.232452,0.0531461,3.27477,2.5977,Oropharynx
9,P68_Oropharynx,0.0153002,0.328782,1.61443,8.41675,Oropharynx
10,P68_Oropharynx,-0.620772,-0.14187,0.369786,7.55558,Oropharynx
1,P69_Oropharynx,0.127428,-0.111485,-0.538728,4.12519,Oropharynx
2,P69_Oropharynx,0.232429,-0.228428,-0.556219,5.45175,Oropharynx
3,P69_Oropharynx,1.13098,-0.19945,-0.497386,3.57304,Oropharynx
4,P69_Oropharynx,1.10128,-0.125872,0.150666,-2.36636,Oropharynx
5,P69_Oropharynx,-1.50357,0.0368618,-0.145813,2.21251,Oropharynx
6,P69_Oropharynx,0.399199,0.528999,-0.907674,6.09857,Oropharynx
7,P69_Oropharynx,2.23513,-0.575395,-0.239135,-6.0641,Oropharynx
8,P69_Oropharynx,-0.424083,-0.22653,1.89828,4.35871,Oropharynx
9,P69_Oropharynx,-0.0519555,-0.0596245,1.41646,2.89944,Oropharynx
10,P69_Oropharynx,-1.24727,0.295582,-0.912915,5.66302,Oropharynx
1,P70_Oropharynx,0.405946,0.293827,1.13156,8.4801,Oropharynx
2,P70_Oropharynx,-0.448238,0.405741,2.07883,-4.06526,Oropharynx
3,P70_Oropharynx,-0.488612,-0.0448489,1.36733,0.288843,Oropharynx
4,P70_Oropharynx,0.0626086,1.56737,1.16418,-0.8612,Oropharynx
5,P70_Oropharynx,0.716457,-0.157101,0.803181,6.7226,Oropharynx
6,P70_Oropharynx,1.18722,0.292632,-0.402963,1.16669,Oropharynx
7,P70_Oropharynx,-1.4825,-0.568721,0.201507,-3.35361,Oropharynx
8,P70_Oropharynx,1.40327,0.674669,-0.789427,0.541294,Oropharynx
9,P70_Oropharynx,0.109055,-0.409913,1.33364,2.92744,Oropharynx
10,P70_Oropharynx,1.9008,0.412576,0.486357,1.19389,Oropharynx
1,P71_Oropharynx,0.145442,0.555798,0.13874,7.72313,Oropharynx
2,P71_Oropharynx,0.140978,0.878903,-0.724974,1.74337,Oropharynx
3,P71_Oropharynx,0.282312,0.401523,-0.111086,3.07537,Oropharynx
4,P71_Oropharynx,0.102568,0.337656,1.0872,-0.754863,Oropharynx
5,P71_Oropharynx,-0.143653,0.267561,-0.0895762,6.31899,Oropharynx
6,P71_Oropharynx,0.243007,-0.247361,-0.317912,0.71573,Oropharynx
7,P71_Oropharynx,1.4826,-1.1198,0.535814,3.20106,Oropharynx
8,P71_Oropharynx,0.442695,0.0396376,-0.392538,-3.24473,Oropharynx
9,P71_Oropharynx,1.12968,0.205906,-0.0141827,-0.513819,Oropharynx
10,P71_Oropharynx,0.863531,-0.225929,0.995688,-2.38948,Oropharynx
1,P72_Oropharynx,-0.903053,0.161357,0.0693985,-5.09884,Oropharynx
2,P72_Oropharynx,-1.0497,-0.824311,0.123421,-5.20135,Oropharynx
3,P72_Oropharynx,-1.99262,0.485972,1.07198,-0.797529,Oropharynx
4,P72_Oropharynx,-1.31136,0.205688,-0.201635,0.069098,Oropharynx
5,P72_Oropharynx,-1.06054,-0.235611,1.21103,-1.1421,Oropharynx
6,P72_Oropharynx,-0.712423,0.625831,0.364091,-1.56533,Oropharynx
7,P72_Oropharynx,-0.600923,0.662902,1.36816,5.06305,Oropharynx
8,P72_Oropharynx,-0.661285,-0.332812,0.658442,0.88945,Oropharynx
9,P72_Oropharynx,0.0761081,0.273043,1.67824,-3.06532,Oropharynx
10,P72_Oropharynx,-0.933516,-0.0977261,-1.6611,0.415672,Oropharynx
1,P73_Oropharynx,-1.47865,-1.01182,1.12682,-1.08768,Oropharynx
2,P73_Oropharynx,0.00791786,0.829521,0.981488,-1.2597,Oropharynx
3,P73_Oropharynx,1.23124,-0.322349,0.930723,3.79797,Oropharynx
4,P73_Oropharynx,0.611298,-0.732035,1.52806,1.1314,Oropharynx
5,P73_Oropharynx,0.701027,-0.249545,0.78233,4.97545,Oropharynx
6,P73_Oropharynx,-0.0977574,-0.159266,0.127275,-3.36447,Oropharynx
7,P73_Oropharynx,1.45217,-0.592517,0.240342,5.31475,Oropharynx
8,P73_Oropharynx,0.148031,-0.518171,0.442084,1.01612,Oropharynx
9,P73_Oropharynx,0.121595,-0.18387,-1.76417,-1.57178,Oropharynx
10,P73_Oropharynx,-1.33503,-0.691095,0.731767,2.82247,Oropharynx
1,P74_Oropharynx,-0.4922,0.081903,-0.667557,3.37318,Oropharynx
2,P74_Oropharynx,0.363148,0.195232,-0.751334,0.568115,Oropharynx
3,P74_Oropharynx,0.718813,0.10155,-1.01315,3.56191,Oropharynx
4,P74_Oropharynx,-0.243158,-0.0419658,0.51872,-3.98581,Oropharynx
5,P74_Oropharynx,0.37883,0.509188,1.58184,1.78842,Oropharynx
6,P74_Oropharynx,-0.0526531,-0.243363,-1.77774,12.4062,Oropharynx
7,P74_Oropharynx,0.522112,0.401385,1.25628,-0.671428,Oropharynx
8,P74_Oropharynx,1.03229,-0.183647,2.09832,2.02318,Oropharynx
9,P74_Oropharynx,-0.411043,0.253472,0.591769,-0.822264,Oropharynx
10,P74_Oropharynx,0.831583,-0.0771131,0.613439,-4.1402,Oropharynx
1,P75_Oropharynx,-0.0160105,-0.389424,-0.0910102,1.51063,Oropharynx
2,P75_Oropharynx,0.69483,-0.104125,-0.306119,-0.505017,Oropharynx
3,P75_Oropharynx,-0.211771,0.135521,-1.25445,-0.625011,Oropharynx
4,P75_Oropharynx,-0.155548,0.0285926,-0.658353,-4.33692,Oropharynx
5,P75_Oropharynx,-0.676328,-0.580045,-1.28933,-1.65603,Oropharynx
6,P75_Oropharynx,-0.129492,-0.0472566,1.71708,1.3072,Oropharynx
7,P75_Oropharynx,0.785691,0.301514,-0.444077,-4.93708,Oropharynx
8,P75_Oropharynx,-0.218737,-0.477098,1.78384,-4.3854,Oropharynx
9,P75_Oropharynx,-0.254838,-0.186119,0.154997,0.121195,Oropharynx
10,P75_Oropharynx,-1.19929,-0.638646,2.083,2.06717,Oropharynx
1,P76_Oropharynx,0.425536,-0.164442,1.52339,14.4069,Oropharynx
2,P76_Oropharynx,0.41167,0.226591,-1.32126,-1.01651,Oropharynx
3,P76_Oropharynx,0.0277601,-0.143447,0.814574,3.28825,Oropharynx
4,P76_Oropharynx,-0.569958,-0.0668567,0.708832,6.22393,Oropharynx
5,P76_Oropharynx,1.09514,0.207156,-1.69438,-8.1198,Oropharynx
6,P76_Oropharynx,-0.664548,0.390242,-0.431493,-2.75291,Oropharynx
7,P76_Oropharynx,0.56494,-0.237277,-0.99095,-1.34576,Oropharynx
8,P76_Oropharynx,0.809257,-0.434092,2.11783,-4.10631,Oropharynx
9,P76_Oropharynx,-1.1327,0.183848,0.448333,5.81421,Oropharynx
10,P76_Oropharynx,-0.597132,0.17213,0.575357,5.74713,Oropharynx
1,P77_Oropharynx,-0.294591,-0.546423,-0.867097,5.40626,Oropharynx
2,P77_Oropharynx,0.673158,-0.321494,-1.61516,-0.897732,Oropharynx
3,P77_Oropharynx,0.879296,0.685099,-0.221367,-10.9486,Oropharynx
4,P77_Oropharynx,-0.52824,-0.389769,-0.860451,0.267816,Oropharynx
5,P77_Oropharynx,0.22228,0.375185,0.347427,2.61062,Oropharynx
6,P77_Oropharynx,0.609874,-0.149933,2.20621,-0.901863,Oropharynx
7,P77_Oropharynx,0.0592028,-0.623577,0.254213,7.12789,Oropharynx
8,P77_Oropharynx,0.172318,0.297951,-0.202439,-2.39034,Oropharynx
9,P77_Oropharynx,0.439893,-0.439166,0.490283,0.36534,Oropharynx
10,P77_Oropharynx,-0.161315,-0.386578,-1.63123,9.31346,Oropharynx
1,DI-01_Rectum,0.7224,0.475619,0.923944,5.56307,Rectum
2,DI-01_Rectum,-0.746565,-0.42488,0.43403,4.7573,Rectum
3,DI-01_Rectum,-0.387198,-0.0124744,0.887376,4.78494,Rectum
4,DI-01_Rectum,-0.380212,0.449635,-1.77109,5.03518,Rectum
5,DI-01_Rectum,-0.303188,-1.2203,1.86302,9.7956,Rectum
6,DI-01_Rectum,-1.8606,-0.11404,0.384007,8.21461,Rectum
7,DI-01_Rectum,-0.189459,-0.307159,-0.506343,3.5891,Rectum
8,DI-01_Rectum,-0.984737,-0.194846,0.547362,6.00987,Rectum
9,DI-01_Rectum,-1.91337,0.0955426,0.220319,6.37285,Rectum
10,DI-01_Rectum,-0.498155,-0.658637,-1.28959,6.19253,Rectum
1,DI-01_Oropharynx,-0.227013,-0.923234,-1.6523,6.07156,Oropharynx
2,DI-01_Oropharynx,1.15627,0.709778,-0.715785,1.95222,Oropharynx
3,DI-01_Oropharynx,0.987961,1.16081,1.52311,-1.90009,Oropharynx
4,DI-01_Oropharynx,0.0299016,-0.320156,-0.647359,1.18672,Oropharynx
5,DI-01_Oropharynx,-0.126268,-0.261711,-1.05222,3.39406,Oropharynx
6,DI-01_Oropharynx,-0.647496,-1.23133,0.516065,3.39729,Oropharynx
7,DI-01_Oropharynx,-0.528371,-0.567217,0.0573543,1.71789,Oropharynx
8,DI-01_Oropharynx,-0.627852,-0.0680378,-0.132228,2.22298,Oropharynx
9,DI-01_Oropharynx,0.369716,0.294956,-1.16276,-1.12656,Oropharynx
10,DI-01_Oropharynx,-0.836476,-0.773693,0.78372,3.73732,Oropharynx
1,DI-01_Saliva,-0.369029,-0.421233,0.151289,2.15909,Saliva
2,DI-01_Saliva,-0.523892,-0.0611779,-2.04868,1.40503,Saliva
3,DI-01_Saliva,-0.79338,-1.01868,-2.37193,2.92237,Saliva
4,DI-01_Saliva,-0.989382,-0.255013,-1.10856,3.14693,Saliva
5,DI-01_Saliva,-0.696003,0.464607,0.39536,3.86044,Saliva
6,DI-01_Saliva,0.0754593,1.00825,0.990027,4.053,Saliva
7,DI-01_Saliva,-0.128952,-0.327427,0.686596,2.7333,Saliva
8,DI-01_Saliva,0.0944501,0.00751948,0.253864,-0.0112279,Saliva
9,DI-01_Saliva,-0.19001,-0.0147482,1.30112,0.167845,Saliva
10,DI-01_Saliva,-0.0129165,-0.754034,-0.744533,1.3506,Saliva
1,DI-02_Rectum,-1.13345,-0.0616938,0.019775,4.13692,Rectum
2,DI-02_Rectum,1.30877,0.151669,-0.0526486,2.82032,Rectum
3,DI-02_Rectum,0.236095,0.85132,-1.28412,3.15969,Rectum
4,DI-02_Rectum,1.0731,0.59811,1.03331,4.74595,Rectum
5,DI-02_Rectum,0.479273,0.121794,-0.190602,5.5381,Rectum
6,DI-02_Rectum,-0.801541,-0.118956,1.24616,3.24134,Rectum
7,DI-02_Rectum,-0.233484,0.0198478,-0.0683397,1.73941,Rectum
8,DI-02_Rectum,0.403443,0.326462,0.422178,6.08338,Rectum
9,DI-02_Rectum,-0.807933,0.0244104,0.178366,4.95819,Rectum
10,DI-02_Rectum,-0.708553,0.531774,0.158418,6.18267,Rectum
1,DI-02_Saliva,-0.614722,0.909025,0.694247,-2.08547,Saliva
2,DI-02_Saliva,-0.199819,0.254341,-0.568814,-10.5042,Saliva
3,DI-02_Saliva,0.0372277,0.519808,1.35966,-11.9931,Saliva
4,DI-02_Saliva,-1.08795,-0.202201,-0.838957,-5.18881,Saliva
5,DI-02_Saliva,-1.66585,-1.00535,-0.282393,-4.12409,Saliva
6,DI-02_Saliva,-1.06778,0.704059,-0.777188,-4.85488,Saliva
7,DI-02_Saliva,-0.348728,0.10345,1.50971,-14.9783,Saliva
8,DI-02_Saliva,-0.448184,-0.983238,-0.52559,-10.6026,Saliva
9,DI-02_Saliva,-0.0671865,0.469414,-0.485383,-9.06656,Saliva
10,DI-02_Saliva,-0.596626,0.440328,-0.407675,-8.70098,Saliva
1,DI-02_Oropharynx,-0.0448918,-0.565934,-1.36134,1.80564,Oropharynx
2,DI-02_Oropharynx,0.192325,0.411488,-0.0974089,-2.038,Oropharynx
3,DI-02_Oropharynx,0.288907,-0.280541,-2.02324,3.20637,Oropharynx
4,DI-02_Oropharynx,-0.976941,0.804496,2.38226,4.81499,Oropharynx
5,DI-02_Oropharynx,-0.198022,-0.135764,0.986927,-1.53861,Oropharynx
6,DI-02_Oropharynx,0.710889,0.835817,0.354295,-5.74735,Oropharynx
7,DI-02_Oropharynx,-1.67232,0.873752,0.604954,-3.8269,Oropharynx
8,DI-02_Oropharynx,0.116782,-0.837124,-0.0118513,2.73623,Oropharynx
9,DI-02_Oropharynx,0.712201,-0.0725688,0.772448,-11.248,Oropharynx
10,DI-02_Oropharynx,1.09981,-0.8989,0.492431,1.43577,Oropharynx
1,DI-03_Saliva,-0.122065,-0.0571767,2.16355,3.94641,Saliva
2,DI-03_Saliva,1.3209,-0.379591,1.79631,4.337,Saliva
3,DI-03_Saliva,0.291121,-0.0300449,0.966551,1.32375,Saliva
4,DI-03_Saliva,1.53671,-0.166238,1.91887,2.59719,Saliva
5,DI-03_Saliva,0.508634,0.285927,0.284322,3.60283,Saliva
6,DI-03_Saliva,0.869207,-0.455024,1.03846,2.83785,Saliva
7,DI-03_Saliva,-1.17276,-0.896703,-0.0376511,5.54662,Saliva
8,DI-03_Saliva,-0.0543398,-1.06429,1.27893,0.15981,Saliva
9,DI-03_Saliva,0.279864,0.344999,2.74466,-2.21326,Saliva
10,DI-03_Saliva,-0.728638,-0.188124,-0.0542621,-0.975651,Saliva
1,DI-03_Oropharynx,0.0124788,-0.25149,1.20069,-2.43212,Oropharynx
2,DI-03_Oropharynx,0.398062,1.14308,-0.257483,-2.12277,Oropharynx
3,DI-03_Oropharynx,1.84071,0.587286,-1.56313,-2.15211,Oropharynx
4,DI-03_Oropharynx,1.30795,-0.255905,-0.457402,-0.260024,Oropharynx
5,DI-03_Oropharynx,2.11925,0.292627,-0.246851,-0.17239,Oropharynx
6,DI-03_Oropharynx,0.437404,-0.287361,0.862409,3.43584,Oropharynx
7,DI-03_Oropharynx,0.572177,0.0177512,-0.576649,-3.0384,Oropharynx
8,DI-03_Oropharynx,0.40557,0.335149,0.209076,-0.471568,Oropharynx
9,DI-03_Oropharynx,0.372552,0.455357,1.8599,-2.02869,Oropharynx
10,DI-03_Oropharynx,-0.165923,-0.401637,-0.0408568,-0.136334,Oropharynx
1,DI-03_Rectum,-0.00645715,0.279662,-0.59255,-6.93792,Rectum
2,DI-03_Rectum,-1.6072,-0.0461195,0.0625387,-3.72771,Rectum
3,DI-03_Rectum,-1.21468,-0.0851515,0.662974,-1.18318,Rectum
4,DI-03_Rectum,-0.635362,-0.323449,1.32157,-1.72851,Rectum
5,DI-03_Rectum,-0.849645,0.391983,0.826642,-9.11357,Rectum
6,DI-03_Rectum,-0.816187,0.343719,-1.32887,-1.38116,Rectum
7,DI-03_Rectum,-0.772379,0.561308,-0.47384,-1.25941,Rectum
8,DI-03_Rectum,-0.770474,-0.928439,0.520717,-10.3809,Rectum
9,DI-03_Rectum,-0.153087,-0.381111,-0.856638,-7.68694,Rectum
10,DI-03_Rectum,-0.169939,1.05776,-2.31566,-3.99962,Rectum
1,DI-04_Rectum,-0.852351,0.0466629,0.0784258,4.66238,Rectum
2,DI-04_Rectum,-0.0548419,0.611237,2.21017,2.73577,Rectum
3,DI-04_Rectum,-2.00647,-0.604013,-1.24655,3.39985,Rectum
4,DI-04_Rectum,-0.287081,0.228266,0.570318,3.32671,Rectum
5,DI-04_Rectum,0.769047,-0.834989,1.82212,1.82263,Rectum
6,DI-04_Rectum,0.354358,-0.179178,0.235514,4.02198,Rectum
7,DI-04_Rectum,-0.450865,0.00551399,-0.36859,3.01732,Rectum
8,DI-04_Rectum,-0.469448,-1.21772,-0.579511,2.62251,Rectum
9,DI-04_Rectum,2.17917,0.15614,1.79901,1.93735,Rectum
10,DI-04_Rectum,-0.409034,-0.594788,-0.511844,3.28432,Rectum
1,DI-04_Saliva,-1.1542,0.186623,0.720213,-3.31778,Saliva
2,DI-04_Saliva,-1.0815,0.228301,-2.98413,-9.30772,Saliva
3,DI-04_Saliva,-0.228679,0.72117,-0.166274,-4.16249,Saliva
4,DI-04_Saliva,-1.82318,0.0900871,-0.611986,-7.95182,Saliva
5,DI-04_Saliva,-0.672657,-0.208106,0.0727118,-10.1504,Saliva
6,DI-04_Saliva,-1.43987,0.156976,-2.12819,-4.05146,Saliva
7,DI-04_Saliva,-0.40959,1.13751,0.803458,-7.25832,Saliva
8,DI-04_Saliva,-0.0712259,0.325645,0.178709,-12.1416,Saliva
9,DI-04_Saliva,0.0257393,-0.0525555,1.59471,-2.01415,Saliva
10,DI-04_Saliva,-0.542339,0.00587445,-1.43776,-8.17648,Saliva
1,DI-04_Oropharynx,-2.02257,0.531722,1.47786,-2.58127,Oropharynx
2,DI-04_Oropharynx,-1.46491,0.480437,1.10328,-4.21886,Oropharynx
3,DI-04_Oropharynx,0.524418,0.722537,-1.23339,-15.2232,Oropharynx
4,DI-04_Oropharynx,-1.09602,-0.0500568,-1.78448,-6.10131,Oropharynx
5,DI-04_Oropharynx,-0.542436,0.45708,0.963424,-2.71582,Oropharynx
6,DI-04_Oropharynx,-0.807216,0.773685,0.552727,-8.15645,Oropharynx
7,DI-04_Oropharynx,-0.999437,-0.594263,0.376963,-0.910818,Oropharynx
8,DI-04_Oropharynx,0.00967474,-0.412749,-0.94163,-5.66186,Oropharynx
9,DI-04_Oropharynx,-0.462776,-0.0493401,-0.112926,-2.15778,Oropharynx
10,DI-04_Oropharynx,-0.915238,-0.21248,-0.229344,3.45688,Oropharynx
